{"type": "FeatureCollection", "features": [{"type": "Feature", "geometry": {"type": "LineString", "coordinates": [[-8.775638, 37.07339679999999], [-8.7754744, 37.07303170000001], [-8.7760408, 37.0728625]]}, "properties": {"street_name": "Travessa da Saudade", "municipio": "Vilado Bispo", "count": 1, "top_infraction": "imbecis", "first_year": "2025", "last_year": "2025", "type_breakdown": "{\"imbecis\": 1}", "monthly_breakdown": "{\"2025-07\": 1}"}}, {"type": "Feature", "geometry": {"type": "LineString", "coordinates": [[-8.7757629, 37.0745165], [-8.7758755, 37.0742906], [-8.7758975, 37.0742228], [-8.7759068, 37.07415889999999], [-8.7759016, 37.0740893], [-8.7758757, 37.0740274], [-8.7758369, 37.0739723], [-8.7757345, 37.07387289999999], [-8.7756272, 37.073785099999995], [-8.7755683, 37.0737369], [-8.7752583, 37.0735251], [-8.7752091, 37.0734915]]}, "properties": {"street_name": "Rua Vale do Burgau", "municipio": "Vilado Bispo", "count": 1, "top_infraction": "imbecis", "first_year": "2025", "last_year": "2025", "type_breakdown": "{\"imbecis\": 1}", "monthly_breakdown": "{\"2025-07\": 1}"}}, {"type": "Feature", "geometry": {"type": "LineString", "coordinates": [[-8.253896600000001, 37.088940900000004], [-8.253906, 37.0889758], [-8.254303, 37.0899049], [-8.2543295, 37.08992099999999], [-8.2544733, 37.0900083], [-8.2551173, 37.09039940000001], [-8.2552546, 37.09052729999999], [-8.255354, 37.09071829999999], [-8.2554041, 37.090940999999994], [-8.2554935, 37.09181459999999], [-8.2554987, 37.0921416]]}, "properties": {"street_name": "Rua 5 de Outubro", "municipio": "Albufeira", "count": 1, "top_infraction": "imbecis", "first_year": "2024", "last_year": "2024", "type_breakdown": "{\"imbecis\": 1}", "monthly_breakdown": "{\"2024-09\": 1}"}}, {"type": "Feature", "geometry": {"type": "LineString", "coordinates": [[-8.1073649, 37.07161469999999], [-8.1072634, 37.07157000000001], [-8.1066885, 37.0714153], [-8.106202, 37.0712856], [-8.1058693, 37.0711897], [-8.1056275, 37.07108729999999], [-8.1055373, 37.0710352], [-8.1052754, 37.0708837]]}, "properties": {"street_name": "Avenida Doutor Carlos Alberto da Mota Pinto", "municipio": "Loulé", "count": 2, "top_infraction": "imbecis", "first_year": "2025", "last_year": "2025", "type_breakdown": "{\"imbecis\": 2}", "monthly_breakdown": "{\"2025-06\": 2}"}}, {"type": "Feature", "geometry": {"type": "LineString", "coordinates": [[-8.104056, 37.0676118], [-8.1040413, 37.06764629999999], [-8.1033628, 37.0687827]]}, "properties": {"street_name": "Rua Doutor José Pedro", "municipio": "Loulé", "count": 1, "top_infraction": "imbecis", "first_year": "2025", "last_year": "2025", "type_breakdown": "{\"imbecis\": 1}", "monthly_breakdown": "{\"2025-10\": 1}"}}, {"type": "Feature", "geometry": {"type": "LineString", "coordinates": [[-8.1033628, 37.0687827], [-8.103225400000001, 37.06867499999999], [-8.1030971, 37.068574299999995], [-8.1029164, 37.068476399999994], [-8.1028732, 37.06837180000001]]}, "properties": {"street_name": null, "municipio": "Loulé", "count": 2, "top_infraction": "imbecis", "first_year": "2025", "last_year": "2025", "type_breakdown": "{\"imbecis\": 2}", "monthly_breakdown": "{\"2025-04\": 2}"}}, {"type": "Feature", "geometry": {"type": "LineString", "coordinates": [[-8.1018994, 37.0677368], [-8.1017636, 37.06802059999999]]}, "properties": {"street_name": "Rua Egas Moniz", "municipio": "Loulé", "count": 1, "top_infraction": "imbecis", "first_year": "2025", "last_year": "2025", "type_breakdown": "{\"imbecis\": 1}", "monthly_breakdown": "{\"2025-09\": 1}"}}, {"type": "Feature", "geometry": {"type": "LineString", "coordinates": [[-8.1018994, 37.0677368], [-8.1017838, 37.0676945]]}, "properties": {"street_name": "Rua Manuel Faria", "municipio": "Loulé", "count": 20, "top_infraction": "imbecis", "first_year": "2025", "last_year": "2025", "type_breakdown": "{\"imbecis\": 20}", "monthly_breakdown": "{\"2025-06\": 15, \"2025-05\": 2, \"2025-04\": 1, \"2025-03\": 2}"}}, {"type": "Feature", "geometry": {"type": "LineString", "coordinates": [[-8.1018994, 37.0677368], [-8.102052, 37.0674758]]}, "properties": {"street_name": "Rua Egas Moniz", "municipio": "Loulé", "count": 27, "top_infraction": "imbecis", "first_year": "2025", "last_year": "2025", "type_breakdown": "{\"imbecis\": 27}", "monthly_breakdown": "{\"2025-10\": 1, \"2025-03\": 3, \"2025-06\": 15, \"2025-04\": 4, \"2025-05\": 2, \"2025-11\": 1, \"2025-09\": 1}"}}, {"type": "Feature", "geometry": {"type": "LineString", "coordinates": [[-8.1018994, 37.0677368], [-8.102859, 37.0680975]]}, "properties": {"street_name": "Rua da Nora", "municipio": "Loulé", "count": 15, "top_infraction": "imbecis", "first_year": "2025", "last_year": "2025", "type_breakdown": "{\"imbecis\": 15}", "monthly_breakdown": "{\"2025-10\": 6, \"2025-06\": 5, \"2025-12\": 2, \"2025-09\": 1, \"2025-05\": 1}"}}, {"type": "Feature", "geometry": {"type": "LineString", "coordinates": [[-8.1023234, 37.0669676], [-8.1022986, 37.0670141], [-8.1020901, 37.0674018]]}, "properties": {"street_name": "Rua Egas Moniz", "municipio": "Loulé", "count": 8, "top_infraction": "imbecis", "first_year": "2025", "last_year": "2025", "type_breakdown": "{\"imbecis\": 8}", "monthly_breakdown": "{\"2025-06\": 3, \"2025-12\": 2, \"2025-05\": 3}"}}, {"type": "Feature", "geometry": {"type": "LineString", "coordinates": [[-8.1017636, 37.06802059999999], [-8.1004869, 37.067539]]}, "properties": {"street_name": null, "municipio": "Loulé", "count": 15, "top_infraction": "imbecis", "first_year": "2025", "last_year": "2025", "type_breakdown": "{\"imbecis\": 15}", "monthly_breakdown": "{\"2025-05\": 6, \"2025-06\": 5, \"2025-04\": 3, \"2025-03\": 1}"}}, {"type": "Feature", "geometry": {"type": "LineString", "coordinates": [[-8.1020901, 37.0674018], [-8.1020163, 37.0673752]]}, "properties": {"street_name": "Rua Mestre Luis", "municipio": "Loulé", "count": 1, "top_infraction": "imbecis", "first_year": "2025", "last_year": "2025", "type_breakdown": "{\"imbecis\": 1}", "monthly_breakdown": "{\"2025-03\": 1}"}}, {"type": "Feature", "geometry": {"type": "LineString", "coordinates": [[-8.1020901, 37.0674018], [-8.102052, 37.0674758]]}, "properties": {"street_name": "Rua Egas Moniz", "municipio": "Loulé", "count": 3, "top_infraction": "imbecis", "first_year": "2025", "last_year": "2025", "type_breakdown": "{\"imbecis\": 3}", "monthly_breakdown": "{\"2025-06\": 2, \"2025-04\": 1}"}}, {"type": "Feature", "geometry": {"type": "LineString", "coordinates": [[-8.1006997, 37.0668796], [-8.1006039, 37.067042099999995]]}, "properties": {"street_name": "Rua Portas do Mar", "municipio": "Loulé", "count": 1, "top_infraction": "imbecis", "first_year": "2025", "last_year": "2025", "type_breakdown": "{\"imbecis\": 1}", "monthly_breakdown": "{\"2025-06\": 1}"}}, {"type": "Feature", "geometry": {"type": "LineString", "coordinates": [[-8.1004971, 37.0672233], [-8.100558900000001, 37.0672459]]}, "properties": {"street_name": "Rua Manuel Faria", "municipio": "Loulé", "count": 1, "top_infraction": "imbecis", "first_year": "2025", "last_year": "2025", "type_breakdown": "{\"imbecis\": 1}", "monthly_breakdown": "{\"2025-05\": 1}"}}, {"type": "Feature", "geometry": {"type": "LineString", "coordinates": [[-8.1004971, 37.0672233], [-8.1003904, 37.0674042], [-8.1003589, 37.067454500000004]]}, "properties": {"street_name": "Rua Portas do Mar", "municipio": "Loulé", "count": 8, "top_infraction": "imbecis", "first_year": "2025", "last_year": "2025", "type_breakdown": "{\"imbecis\": 8}", "monthly_breakdown": "{\"2025-10\": 5, \"2025-06\": 2, \"2025-12\": 1}"}}, {"type": "Feature", "geometry": {"type": "LineString", "coordinates": [[-8.103152500000002, 37.0678968], [-8.1033394, 37.067580799999995], [-8.1034032, 37.06744989999999], [-8.1034373, 37.0673802]]}, "properties": {"street_name": "Rua José Joaquim Soares", "municipio": "Loulé", "count": 2, "top_infraction": "imbecis", "first_year": "2025", "last_year": "2025", "type_breakdown": "{\"imbecis\": 2}", "monthly_breakdown": "{\"2025-06\": 2}"}}, {"type": "Feature", "geometry": {"type": "LineString", "coordinates": [[-8.102052, 37.0674758], [-8.1030161, 37.06784459999999]]}, "properties": {"street_name": "Rua Francisco Barros", "municipio": "Loulé", "count": 63, "top_infraction": "imbecis", "first_year": "2025", "last_year": "2025", "type_breakdown": "{\"imbecis\": 63}", "monthly_breakdown": "{\"2025-05\": 17, \"2025-10\": 10, \"2025-03\": 3, \"2025-06\": 23, \"2025-04\": 9, \"2025-09\": 1}"}}, {"type": "Feature", "geometry": {"type": "LineString", "coordinates": [[-8.1069155, 37.0722603], [-8.1070711, 37.0723106], [-8.1071543, 37.072359799999994], [-8.1072642, 37.07236629999999], [-8.107446600000001, 37.0723363]]}, "properties": {"street_name": null, "municipio": "Loulé", "count": 3, "top_infraction": "imbecis", "first_year": "2025", "last_year": "2025", "type_breakdown": "{\"imbecis\": 3}", "monthly_breakdown": "{\"2025-12\": 3}"}}, {"type": "Feature", "geometry": {"type": "LineString", "coordinates": [[-8.105526, 37.07015650000001], [-8.105868, 37.07018209999999], [-8.1061349, 37.0702239], [-8.1063414, 37.0702613]]}, "properties": {"street_name": "Travessa Dona Francisca de Aragão", "municipio": "Loulé", "count": 3, "top_infraction": "imbecis", "first_year": "2025", "last_year": "2025", "type_breakdown": "{\"imbecis\": 3}", "monthly_breakdown": "{\"2025-06\": 3}"}}, {"type": "Feature", "geometry": {"type": "LineString", "coordinates": [[-8.1054536, 37.0707931], [-8.1052873, 37.07074610000001], [-8.1049399, 37.0704422], [-8.104894300000002, 37.070370499999996], [-8.1048999, 37.0702656]]}, "properties": {"street_name": "Avenida Doutor Carlos Alberto da Mota Pinto", "municipio": "Loulé", "count": 1, "top_infraction": "imbecis", "first_year": "2025", "last_year": "2025", "type_breakdown": "{\"imbecis\": 1}", "monthly_breakdown": "{\"2025-06\": 1}"}}, {"type": "Feature", "geometry": {"type": "LineString", "coordinates": [[-8.1036854, 37.069131], [-8.1034303, 37.068855599999985]]}, "properties": {"street_name": null, "municipio": "Loulé", "count": 1, "top_infraction": "imbecis", "first_year": "2025", "last_year": "2025", "type_breakdown": "{\"imbecis\": 1}", "monthly_breakdown": "{\"2025-06\": 1}"}}, {"type": "Feature", "geometry": {"type": "LineString", "coordinates": [[-8.1044524, 37.070131999999994], [-8.1040982, 37.069768399999994], [-8.1037459, 37.0694068], [-8.1037308, 37.069391100000004], [-8.1032505, 37.068889799999994], [-8.1031487, 37.0688047]]}, "properties": {"street_name": "Avenida Sá Carneiro", "municipio": "Loulé", "count": 1, "top_infraction": "imbecis", "first_year": "2025", "last_year": "2025", "type_breakdown": "{\"imbecis\": 1}", "monthly_breakdown": "{\"2025-06\": 1}"}}, {"type": "Feature", "geometry": {"type": "LineString", "coordinates": [[-8.104298, 37.07013789999999], [-8.1043992, 37.0702423], [-8.1045142, 37.07036089999999], [-8.1045547, 37.0704037]]}, "properties": {"street_name": "Avenida Sá Carneiro", "municipio": "Loulé", "count": 3, "top_infraction": "imbecis", "first_year": "2025", "last_year": "2025", "type_breakdown": "{\"imbecis\": 3}", "monthly_breakdown": "{\"2025-05\": 3}"}}, {"type": "Feature", "geometry": {"type": "LineString", "coordinates": [[-8.1004869, 37.067539], [-8.100453400000001, 37.0674963], [-8.100441900000002, 37.0674637], [-8.1004558, 37.0674231], [-8.100558900000001, 37.0672459]]}, "properties": {"street_name": "Rua Portas do Mar", "municipio": "Loulé", "count": 2, "top_infraction": "imbecis", "first_year": "2025", "last_year": "2025", "type_breakdown": "{\"imbecis\": 2}", "monthly_breakdown": "{\"2025-03\": 1, \"2025-06\": 1}"}}, {"type": "Feature", "geometry": {"type": "LineString", "coordinates": [[-8.100558900000001, 37.0672459], [-8.100759, 37.066902199999994]]}, "properties": {"street_name": "Rua Portas do Mar", "municipio": "Loulé", "count": 5, "top_infraction": "imbecis", "first_year": "2025", "last_year": "2025", "type_breakdown": "{\"imbecis\": 5}", "monthly_breakdown": "{\"2025-12\": 1, \"2025-10\": 3, \"2025-06\": 1}"}}, {"type": "Feature", "geometry": {"type": "LineString", "coordinates": [[-8.100759, 37.066902199999994], [-8.1008421, 37.0669341]]}, "properties": {"street_name": "Rua Mestre Luis", "municipio": "Loulé", "count": 1, "top_infraction": "imbecis", "first_year": "2025", "last_year": "2025", "type_breakdown": "{\"imbecis\": 1}", "monthly_breakdown": "{\"2025-12\": 1}"}}, {"type": "Feature", "geometry": {"type": "LineString", "coordinates": [[-8.1003589, 37.067454500000004], [-8.100323300000001, 37.067477000000004], [-8.1002406, 37.067493799999994], [-8.100184, 37.0675041]]}, "properties": {"street_name": "Rua Portas do Mar", "municipio": "Loulé", "count": 5, "top_infraction": "imbecis", "first_year": "2025", "last_year": "2025", "type_breakdown": "{\"imbecis\": 5}", "monthly_breakdown": "{\"2025-12\": 2, \"2025-05\": 3}"}}, {"type": "Feature", "geometry": {"type": "LineString", "coordinates": [[-8.101788, 37.068363899999994], [-8.101931, 37.068419199999994], [-8.1020349, 37.068459499999996]]}, "properties": {"street_name": null, "municipio": "Loulé", "count": 1, "top_infraction": "imbecis", "first_year": "2025", "last_year": "2025", "type_breakdown": "{\"imbecis\": 1}", "monthly_breakdown": "{\"2025-10\": 1}"}}, {"type": "Feature", "geometry": {"type": "LineString", "coordinates": [[-8.1026333, 37.06885849999999], [-8.1027538, 37.068823299999984], [-8.1028408, 37.0688548], [-8.102932, 37.06892299999999], [-8.1029684, 37.068950300000004], [-8.103142, 37.06913480000001]]}, "properties": {"street_name": null, "municipio": "Loulé", "count": 1, "top_infraction": "imbecis", "first_year": "2025", "last_year": "2025", "type_breakdown": "{\"imbecis\": 1}", "monthly_breakdown": "{\"2025-10\": 1}"}}, {"type": "Feature", "geometry": {"type": "LineString", "coordinates": [[-8.1030161, 37.06784459999999], [-8.102859, 37.0680975]]}, "properties": {"street_name": "Rua José Joaquim Soares", "municipio": "Loulé", "count": 2, "top_infraction": "imbecis", "first_year": "2025", "last_year": "2025", "type_breakdown": "{\"imbecis\": 2}", "monthly_breakdown": "{\"2025-10\": 1, \"2025-06\": 1}"}}, {"type": "Feature", "geometry": {"type": "LineString", "coordinates": [[-8.1020163, 37.0673752], [-8.1008421, 37.0669341]]}, "properties": {"street_name": "Rua Mestre Luis", "municipio": "Loulé", "count": 10, "top_infraction": "imbecis", "first_year": "2025", "last_year": "2025", "type_breakdown": "{\"imbecis\": 10}", "monthly_breakdown": "{\"2025-06\": 3, \"2025-03\": 2, \"2025-04\": 1, \"2025-05\": 2, \"2025-12\": 1, \"2025-09\": 1}"}}, {"type": "Feature", "geometry": {"type": "LineString", "coordinates": [[-8.1017838, 37.0676945], [-8.1006354, 37.067273899999996]]}, "properties": {"street_name": "Rua Manuel Faria", "municipio": "Loulé", "count": 115, "top_infraction": "imbecis", "first_year": "2025", "last_year": "2026", "type_breakdown": "{\"imbecis\": 115}", "monthly_breakdown": "{\"2025-12\": 8, \"2025-06\": 27, \"2025-04\": 13, \"2025-05\": 39, \"2025-10\": 4, \"2025-03\": 6, \"2025-09\": 11, \"2026-01\": 1, \"2025-02\": 6}"}}, {"type": "Feature", "geometry": {"type": "LineString", "coordinates": [[-8.0997453, 37.0673009], [-8.0997274, 37.0672722], [-8.0997, 37.0672487], [-8.0996653, 37.067232399999995], [-8.0996263, 37.0672247]]}, "properties": {"street_name": null, "municipio": "Loulé", "count": 1, "top_infraction": "imbecis", "first_year": "2025", "last_year": "2025", "type_breakdown": "{\"imbecis\": 1}", "monthly_breakdown": "{\"2025-02\": 1}"}}, {"type": "Feature", "geometry": {"type": "LineString", "coordinates": [[-8.0976433, 37.0712435], [-8.0975216, 37.07119589999999]]}, "properties": {"street_name": "Rua Forte Novo", "municipio": "Loulé", "count": 2, "top_infraction": "imbecis", "first_year": "2025", "last_year": "2025", "type_breakdown": "{\"imbecis\": 2}", "monthly_breakdown": "{\"2025-10\": 2}"}}, {"type": "Feature", "geometry": {"type": "LineString", "coordinates": [[-8.093022800000002, 37.0656624], [-8.0928969, 37.065615], [-8.0925052, 37.065480599999994], [-8.0924231, 37.06546019999999], [-8.0923686, 37.0654466], [-8.0922553, 37.065418400000006], [-8.0920221, 37.0653811], [-8.0917943, 37.065365899999996], [-8.0917207, 37.0653654], [-8.0915086, 37.065363899999994], [-8.0913169, 37.065378900000006], [-8.0911271, 37.065403100000005], [-8.091079, 37.06541299999999], [-8.0909634, 37.06543679999999], [-8.0908458, 37.06547729999999]]}, "properties": {"street_name": "Rua Capitão Salgueiro Maia", "municipio": "Loulé", "count": 2, "top_infraction": "imbecis", "first_year": "2025", "last_year": "2025", "type_breakdown": "{\"imbecis\": 2}", "monthly_breakdown": "{\"2025-06\": 2}"}}, {"type": "Feature", "geometry": {"type": "LineString", "coordinates": [[-8.0894241, 37.063683300000015], [-8.0897458, 37.06411119999999]]}, "properties": {"street_name": "Rua Forte Novo", "municipio": "Loulé", "count": 5, "top_infraction": "imbecis", "first_year": "2025", "last_year": "2025", "type_breakdown": "{\"imbecis\": 5}", "monthly_breakdown": "{\"2025-12\": 5}"}}, {"type": "Feature", "geometry": {"type": "LineString", "coordinates": [[-8.0924077, 37.066708], [-8.0925212, 37.0667804], [-8.0927176, 37.0669876], [-8.0929322, 37.067243600000005], [-8.092957600000002, 37.0672615], [-8.0930826, 37.0673494], [-8.0937838, 37.067623], [-8.0938946, 37.0676813]]}, "properties": {"street_name": "Rua Padre Elísio Dias", "municipio": "Loulé", "count": 1, "top_infraction": "imbecis", "first_year": "2025", "last_year": "2025", "type_breakdown": "{\"imbecis\": 1}", "monthly_breakdown": "{\"2025-04\": 1}"}}, {"type": "Feature", "geometry": {"type": "LineString", "coordinates": [[-8.0953719, 37.07215239999999], [-8.0960952, 37.0720807], [-8.0963503, 37.0719333], [-8.0964335, 37.071885200000004]]}, "properties": {"street_name": "Beco Sargento Arlindo Viegas", "municipio": "Loulé", "count": 3, "top_infraction": "imbecis", "first_year": "2025", "last_year": "2025", "type_breakdown": "{\"imbecis\": 3}", "monthly_breakdown": "{\"2025-05\": 3}"}}, {"type": "Feature", "geometry": {"type": "LineString", "coordinates": [[-8.0938946, 37.0676813], [-8.0941286, 37.0673001], [-8.094235400000002, 37.0671043], [-8.0942664, 37.06705130000001], [-8.0943517, 37.066913199999995], [-8.0947064, 37.0663058]]}, "properties": {"street_name": "Rua Paul Harris", "municipio": "Loulé", "count": 1, "top_infraction": "imbecis", "first_year": "2025", "last_year": "2025", "type_breakdown": "{\"imbecis\": 1}", "monthly_breakdown": "{\"2025-04\": 1}"}}, {"type": "Feature", "geometry": {"type": "LineString", "coordinates": [[-8.0947064, 37.0663058], [-8.095378000000002, 37.066567799999994]]}, "properties": {"street_name": "Rua Capitão Salgueiro Maia", "municipio": "Loulé", "count": 1, "top_infraction": "imbecis", "first_year": "2025", "last_year": "2025", "type_breakdown": "{\"imbecis\": 1}", "monthly_breakdown": "{\"2025-04\": 1}"}}, {"type": "Feature", "geometry": {"type": "LineString", "coordinates": [[-8.0980061, 37.07052769999999], [-8.0983687, 37.07005899999999]]}, "properties": {"street_name": null, "municipio": "Loulé", "count": 9, "top_infraction": "imbecis", "first_year": "2025", "last_year": "2025", "type_breakdown": "{\"imbecis\": 9}", "monthly_breakdown": "{\"2025-04\": 9}"}}, {"type": "Feature", "geometry": {"type": "LineString", "coordinates": [[-8.0974862, 37.069745], [-8.0975365, 37.069787999999996], [-8.0976178, 37.069826099999986], [-8.0977283, 37.0698512], [-8.097961900000001, 37.0699152], [-8.0983687, 37.07005899999999]]}, "properties": {"street_name": null, "municipio": "Loulé", "count": 3, "top_infraction": "imbecis", "first_year": "2025", "last_year": "2025", "type_breakdown": "{\"imbecis\": 3}", "monthly_breakdown": "{\"2025-04\": 3}"}}, {"type": "Feature", "geometry": {"type": "LineString", "coordinates": [[-8.0983687, 37.07005899999999], [-8.0984098, 37.06998420000001], [-8.0985381, 37.0697507]]}, "properties": {"street_name": null, "municipio": "Loulé", "count": 1, "top_infraction": "imbecis", "first_year": "2025", "last_year": "2025", "type_breakdown": "{\"imbecis\": 1}", "monthly_breakdown": "{\"2025-04\": 1}"}}, {"type": "Feature", "geometry": {"type": "LineString", "coordinates": [[-8.0937449, 37.0644347], [-8.0939136, 37.064498799999996], [-8.0940864, 37.064564499999996], [-8.0953611, 37.0650493], [-8.0954295, 37.0650753]]}, "properties": {"street_name": "Rua do Nascente", "municipio": "Loulé", "count": 2, "top_infraction": "imbecis", "first_year": "2025", "last_year": "2025", "type_breakdown": "{\"imbecis\": 2}", "monthly_breakdown": "{\"2025-10\": 2}"}}, {"type": "Feature", "geometry": {"type": "LineString", "coordinates": [[-8.0990869, 37.06919880000002], [-8.099076800000002, 37.069303], [-8.099083, 37.0694847], [-8.0990239, 37.0697819], [-8.098969300000002, 37.0699158], [-8.0988497, 37.070140299999984], [-8.0986032, 37.0706029], [-8.0984809, 37.07077369999999], [-8.0983491, 37.0709279], [-8.0982046, 37.0710701], [-8.0979318, 37.071281899999995], [-8.0978503, 37.07134469999999]]}, "properties": {"street_name": "Avenida de Ceuta", "municipio": "Loulé", "count": 5, "top_infraction": "imbecis", "first_year": "2025", "last_year": "2025", "type_breakdown": "{\"imbecis\": 5}", "monthly_breakdown": "{\"2025-05\": 3, \"2025-10\": 2}"}}, {"type": "Feature", "geometry": {"type": "LineString", "coordinates": [[-8.095378000000002, 37.066567799999994], [-8.0950794, 37.0670749], [-8.0951769, 37.06710910000001], [-8.0956191, 37.0672778]]}, "properties": {"street_name": "Rua Coppingen", "municipio": "Loulé", "count": 2, "top_infraction": "imbecis", "first_year": "2025", "last_year": "2025", "type_breakdown": "{\"imbecis\": 2}", "monthly_breakdown": "{\"2025-04\": 2}"}}, {"type": "Feature", "geometry": {"type": "LineString", "coordinates": [[-8.0924631, 37.06395499999999], [-8.0937449, 37.0644347]]}, "properties": {"street_name": "Rua do Leste", "municipio": "Loulé", "count": 1, "top_infraction": "imbecis", "first_year": "2025", "last_year": "2025", "type_breakdown": "{\"imbecis\": 1}", "monthly_breakdown": "{\"2025-10\": 1}"}}, {"type": "Feature", "geometry": {"type": "LineString", "coordinates": [[-8.090696, 37.0632715], [-8.090822, 37.0633229], [-8.0912921, 37.06351490000001], [-8.0915914, 37.0636225], [-8.0917607, 37.06368909999999], [-8.0924631, 37.06395499999999]]}, "properties": {"street_name": "Rua do Leste", "municipio": "Loulé", "count": 1, "top_infraction": "imbecis", "first_year": "2025", "last_year": "2025", "type_breakdown": "{\"imbecis\": 1}", "monthly_breakdown": "{\"2025-10\": 1}"}}, {"type": "Feature", "geometry": {"type": "LineString", "coordinates": [[-8.0994986, 37.0673998], [-8.0994991, 37.0674475], [-8.099503, 37.067469800000005], [-8.0995001, 37.0675459], [-8.0994722, 37.06765119999999], [-8.0993947, 37.06786009999999], [-8.099305700000002, 37.068131699999995], [-8.0992667, 37.06825070000001], [-8.0991799, 37.068577100000006], [-8.0991549, 37.068671300000005], [-8.0991106, 37.0690402], [-8.0990869, 37.06919880000002]]}, "properties": {"street_name": "Avenida de Ceuta", "municipio": "Loulé", "count": 1, "top_infraction": "imbecis", "first_year": "2025", "last_year": "2025", "type_breakdown": "{\"imbecis\": 1}", "monthly_breakdown": "{\"2025-05\": 1}"}}, {"type": "Feature", "geometry": {"type": "LineString", "coordinates": [[-8.0912099, 37.064438300000006], [-8.0911592, 37.06444050000001], [-8.0906817, 37.064513299999994], [-8.090224, 37.06465339999999], [-8.090139, 37.0646794]]}, "properties": {"street_name": null, "municipio": "Loulé", "count": 1, "top_infraction": "imbecis", "first_year": "2025", "last_year": "2025", "type_breakdown": "{\"imbecis\": 1}", "monthly_breakdown": "{\"2025-04\": 1}"}}, {"type": "Feature", "geometry": {"type": "LineString", "coordinates": [[-8.0933062, 37.065177], [-8.0933967, 37.065177599999984], [-8.0935903, 37.0652371], [-8.0937409, 37.0652833]]}, "properties": {"street_name": "Avenida Francisco Sá Carneiro", "municipio": "Loulé", "count": 1, "top_infraction": "imbecis", "first_year": "2025", "last_year": "2025", "type_breakdown": "{\"imbecis\": 1}", "monthly_breakdown": "{\"2025-06\": 1}"}}, {"type": "Feature", "geometry": {"type": "LineString", "coordinates": [[-8.0952134, 37.0654534], [-8.0951536, 37.0654351], [-8.093933100000001, 37.06497070000001], [-8.0937758, 37.065055900000004]]}, "properties": {"street_name": null, "municipio": "Loulé", "count": 1, "top_infraction": "imbecis", "first_year": "2025", "last_year": "2025", "type_breakdown": "{\"imbecis\": 1}", "monthly_breakdown": "{\"2025-05\": 1}"}}, {"type": "Feature", "geometry": {"type": "LineString", "coordinates": [[-8.0933498, 37.06487169999999], [-8.0932255, 37.0648345], [-8.093179, 37.06482059999999]]}, "properties": {"street_name": "Avenida Sá Carneiro", "municipio": "Loulé", "count": 1, "top_infraction": "imbecis", "first_year": "2025", "last_year": "2025", "type_breakdown": "{\"imbecis\": 1}", "monthly_breakdown": "{\"2025-10\": 1}"}}, {"type": "Feature", "geometry": {"type": "LineString", "coordinates": [[-8.0897458, 37.06411119999999], [-8.0898031, 37.0641939]]}, "properties": {"street_name": "Rua Forte Novo", "municipio": "Loulé", "count": 3, "top_infraction": "imbecis", "first_year": "2025", "last_year": "2025", "type_breakdown": "{\"imbecis\": 3}", "monthly_breakdown": "{\"2025-04\": 3}"}}, {"type": "Feature", "geometry": {"type": "LineString", "coordinates": [[-8.0897458, 37.06411119999999], [-8.0890182, 37.0648295]]}, "properties": {"street_name": null, "municipio": "Loulé", "count": 1, "top_infraction": "imbecis", "first_year": "2025", "last_year": "2025", "type_breakdown": "{\"imbecis\": 1}", "monthly_breakdown": "{\"2025-12\": 1}"}}, {"type": "Feature", "geometry": {"type": "LineString", "coordinates": [[-8.0991538, 37.0669898], [-8.0985096, 37.0667347], [-8.0976184, 37.0663817]]}, "properties": {"street_name": null, "municipio": "Loulé", "count": 1, "top_infraction": "imbecis", "first_year": "2025", "last_year": "2025", "type_breakdown": "{\"imbecis\": 1}", "monthly_breakdown": "{\"2025-05\": 1}"}}, {"type": "Feature", "geometry": {"type": "LineString", "coordinates": [[-8.099840000000002, 37.067476299999996], [-8.099846900000001, 37.0674956], [-8.0998557, 37.067516399999995], [-8.0998604, 37.067549199999995]]}, "properties": {"street_name": null, "municipio": "Loulé", "count": 2, "top_infraction": "imbecis", "first_year": "2025", "last_year": "2025", "type_breakdown": "{\"imbecis\": 2}", "monthly_breakdown": "{\"2025-03\": 1, \"2025-04\": 1}"}}, {"type": "Feature", "geometry": {"type": "LineString", "coordinates": [[-8.093769, 37.0643903], [-8.0925008, 37.063891299999995]]}, "properties": {"street_name": "Rua do Leste", "municipio": "Loulé", "count": 1, "top_infraction": "imbecis", "first_year": "2025", "last_year": "2025", "type_breakdown": "{\"imbecis\": 1}", "monthly_breakdown": "{\"2025-10\": 1}"}}, {"type": "Feature", "geometry": {"type": "LineString", "coordinates": [[-8.0978171, 37.07150029999999], [-8.097841900000002, 37.0715076], [-8.0978742, 37.0715087], [-8.0979054, 37.07150169999999]]}, "properties": {"street_name": "Avenida de Ceuta", "municipio": "Loulé", "count": 3, "top_infraction": "imbecis", "first_year": "2025", "last_year": "2025", "type_breakdown": "{\"imbecis\": 3}", "monthly_breakdown": "{\"2025-05\": 3}"}}, {"type": "Feature", "geometry": {"type": "LineString", "coordinates": [[-8.0978191, 37.0713517], [-8.0977372, 37.07128310000001], [-8.0976433, 37.0712435]]}, "properties": {"street_name": "Rua Forte Novo", "municipio": "Loulé", "count": 1, "top_infraction": "imbecis", "first_year": "2025", "last_year": "2025", "type_breakdown": "{\"imbecis\": 1}", "monthly_breakdown": "{\"2025-10\": 1}"}}, {"type": "Feature", "geometry": {"type": "LineString", "coordinates": [[-8.097956300000002, 37.0713923], [-8.0980301, 37.07133639999999], [-8.0982039, 37.071206], [-8.0983192, 37.071120500000006], [-8.0986317, 37.0707833], [-8.0988785, 37.0703125], [-8.0989358, 37.07021949999999]]}, "properties": {"street_name": "Avenida de Ceuta", "municipio": "Loulé", "count": 1, "top_infraction": "imbecis", "first_year": "2025", "last_year": "2025", "type_breakdown": "{\"imbecis\": 1}", "monthly_breakdown": "{\"2025-10\": 1}"}}, {"type": "Feature", "geometry": {"type": "LineString", "coordinates": [[-8.0981007, 37.0715955], [-8.0979524, 37.0714672]]}, "properties": {"street_name": null, "municipio": "Loulé", "count": 1, "top_infraction": "imbecis", "first_year": "2025", "last_year": "2025", "type_breakdown": "{\"imbecis\": 1}", "monthly_breakdown": "{\"2025-10\": 1}"}}, {"type": "Feature", "geometry": {"type": "LineString", "coordinates": [[-7.9411471, 37.02129], [-7.9408628, 37.02149070000001], [-7.9407902, 37.0214326]]}, "properties": {"street_name": "Praceta dos Ferróviarios", "municipio": "Faro", "count": 1, "top_infraction": "imbecis", "first_year": "2026", "last_year": "2026", "type_breakdown": "{\"imbecis\": 1}", "monthly_breakdown": "{\"2026-03\": 1}"}}, {"type": "Feature", "geometry": {"type": "LineString", "coordinates": [[-7.943696800000001, 37.02959939999999], [-7.944791100000001, 37.0293682], [-7.9444371, 37.02824189999999]]}, "properties": {"street_name": null, "municipio": "Faro", "count": 1, "top_infraction": "imbecis", "first_year": "2026", "last_year": "2026", "type_breakdown": "{\"imbecis\": 1}", "monthly_breakdown": "{\"2026-01\": 1}"}}, {"type": "Feature", "geometry": {"type": "LineString", "coordinates": [[-7.933572, 37.017192], [-7.933644400000001, 37.01721809999999], [-7.933677200000001, 37.017250399999995], [-7.933718099999999, 37.0172907], [-7.933759700000001, 37.017374200000006], [-7.9338077, 37.017438399999996]]}, "properties": {"street_name": "Rua José Estêvão", "municipio": "Faro", "count": 1, "top_infraction": "imbecis", "first_year": "2025", "last_year": "2025", "type_breakdown": "{\"imbecis\": 1}", "monthly_breakdown": "{\"2025-09\": 1}"}}, {"type": "Feature", "geometry": {"type": "LineString", "coordinates": [[-8.6809564, 37.11422030000001], [-8.6809374, 37.1141571], [-8.6809415, 37.11410289999999], [-8.6809887, 37.113996400000005], [-8.681244, 37.11349889999999], [-8.6813494, 37.11331109999999]]}, "properties": {"street_name": null, "municipio": "Lagos", "count": 1, "top_infraction": "imbecis", "first_year": "2025", "last_year": "2025", "type_breakdown": "{\"imbecis\": 1}", "monthly_breakdown": "{\"2025-07\": 1}"}}, {"type": "Feature", "geometry": {"type": "LineString", "coordinates": [[-8.6145422, 37.160422700000005], [-8.6146945, 37.160331799999994], [-8.6148233, 37.1602155], [-8.6149949, 37.1601061], [-8.615138, 37.16000079999999]]}, "properties": {"street_name": null, "municipio": "Portimão", "count": 2, "top_infraction": "imbecis", "first_year": "2025", "last_year": "2025", "type_breakdown": "{\"imbecis\": 2}", "monthly_breakdown": "{\"2025-07\": 2}"}}, {"type": "Feature", "geometry": {"type": "LineString", "coordinates": [[-8.5498959, 37.14283139999999], [-8.5498023, 37.1428828], [-8.5497826, 37.1429727], [-8.5498418, 37.14309519999999], [-8.5499279, 37.1431518], [-8.5503953, 37.14307699999999], [-8.5506301, 37.14306140000001]]}, "properties": {"street_name": "Rua Alfredo Keil", "municipio": "Portimão", "count": 2, "top_infraction": "imbecis", "first_year": "2025", "last_year": "2025", "type_breakdown": "{\"imbecis\": 2}", "monthly_breakdown": "{\"2025-07\": 2}"}}, {"type": "Feature", "geometry": {"type": "LineString", "coordinates": [[-8.5494029, 37.1437815], [-8.5494229, 37.1436976], [-8.5494692, 37.1436572], [-8.5503803, 37.1437392]]}, "properties": {"street_name": null, "municipio": "Portimão", "count": 1, "top_infraction": "imbecis", "first_year": "2025", "last_year": "2025", "type_breakdown": "{\"imbecis\": 1}", "monthly_breakdown": "{\"2025-07\": 1}"}}, {"type": "Feature", "geometry": {"type": "LineString", "coordinates": [[-8.5503803, 37.1437392], [-8.550662, 37.14377030000001], [-8.5507291, 37.14376599999999], [-8.5507479, 37.1437276], [-8.5507345, 37.143680499999995], [-8.5506781, 37.14362919999999], [-8.5505869, 37.1435929], [-8.5505521, 37.14355650000001], [-8.5505333, 37.1435031], [-8.5505413, 37.14344959999999], [-8.5505601, 37.1434133]]}, "properties": {"street_name": null, "municipio": "Portimão", "count": 1, "top_infraction": "imbecis", "first_year": "2025", "last_year": "2025", "type_breakdown": "{\"imbecis\": 1}", "monthly_breakdown": "{\"2025-07\": 1}"}}, {"type": "Feature", "geometry": {"type": "LineString", "coordinates": [[-8.347043500000002, 37.130980300000004], [-8.347123700000001, 37.130994099999995], [-8.3474619, 37.1309924], [-8.3475941, 37.1309935], [-8.3477952, 37.130993600000004], [-8.3478113, 37.1309936], [-8.3479025, 37.13100010000001], [-8.3479724, 37.1310235], [-8.3480202, 37.131066800000006]]}, "properties": {"street_name": "Rua Doutor José Diogo Mascarenhas Neto", "municipio": "Silves", "count": 1, "top_infraction": "imbecis", "first_year": "2024", "last_year": "2024", "type_breakdown": "{\"imbecis\": 1}", "monthly_breakdown": "{\"2024-08\": 1}"}}, {"type": "Feature", "geometry": {"type": "LineString", "coordinates": [[-8.3480559, 37.13205049999999], [-8.3479818, 37.1318879], [-8.3476868, 37.131249100000005], [-8.347626, 37.131140099999996], [-8.3475654, 37.13103540000001]]}, "properties": {"street_name": "Rua das Marinhas", "municipio": "Silves", "count": 3, "top_infraction": "imbecis", "first_year": "2024", "last_year": "2024", "type_breakdown": "{\"imbecis\": 3}", "monthly_breakdown": "{\"2024-09\": 3}"}}, {"type": "Feature", "geometry": {"type": "LineString", "coordinates": [[-8.3468135, 37.1289684], [-8.3468927, 37.12908740000001], [-8.3469426, 37.1291764], [-8.3471976, 37.12960809999999]]}, "properties": {"street_name": null, "municipio": "Silves", "count": 1, "top_infraction": "imbecis", "first_year": "2026", "last_year": "2026", "type_breakdown": "{\"imbecis\": 1}", "monthly_breakdown": "{\"2026-03\": 1}"}}, {"type": "Feature", "geometry": {"type": "LineString", "coordinates": [[-8.3468566, 37.128959], [-8.346709100000002, 37.128693299999995], [-8.3465815, 37.1284238], [-8.3465164, 37.1282186], [-8.3463458, 37.12757200000001], [-8.3463203, 37.12747900000001]]}, "properties": {"street_name": null, "municipio": "Silves", "count": 1, "top_infraction": "imbecis", "first_year": "2026", "last_year": "2026", "type_breakdown": "{\"imbecis\": 1}", "monthly_breakdown": "{\"2026-03\": 1}"}}, {"type": "Feature", "geometry": {"type": "LineString", "coordinates": [[-8.3473513, 37.1297938], [-8.3471606, 37.1294658], [-8.347043500000002, 37.129265299999986]]}, "properties": {"street_name": null, "municipio": "Silves", "count": 1, "top_infraction": "imbecis", "first_year": "2026", "last_year": "2026", "type_breakdown": "{\"imbecis\": 1}", "monthly_breakdown": "{\"2026-03\": 1}"}}, {"type": "Feature", "geometry": {"type": "LineString", "coordinates": [[-8.3466106, 37.12860740000001], [-8.3466332, 37.1286514], [-8.3466928, 37.1287675], [-8.3467511, 37.12886449999999]]}, "properties": {"street_name": null, "municipio": "Silves", "count": 1, "top_infraction": "imbecis", "first_year": "2026", "last_year": "2026", "type_breakdown": "{\"imbecis\": 1}", "monthly_breakdown": "{\"2026-03\": 1}"}}, {"type": "Feature", "geometry": {"type": "LineString", "coordinates": [[-8.2829965, 37.13036509999999], [-8.2831606, 37.1303337]]}, "properties": {"street_name": null, "municipio": "Albufeira", "count": 1, "top_infraction": "imbecis", "first_year": "2024", "last_year": "2024", "type_breakdown": "{\"imbecis\": 1}", "monthly_breakdown": "{\"2024-07\": 1}"}}, {"type": "Feature", "geometry": {"type": "LineString", "coordinates": [[-8.0288786, 37.13988479999999], [-8.028519, 37.1399426]]}, "properties": {"street_name": "Rua Brites de Almeida", "municipio": "Loulé", "count": 1, "top_infraction": "imbecis", "first_year": "2025", "last_year": "2025", "type_breakdown": "{\"imbecis\": 1}", "monthly_breakdown": "{\"2025-03\": 1}"}}, {"type": "Feature", "geometry": {"type": "LineString", "coordinates": [[-7.8601348, 38.01418480000002], [-7.859949099999999, 38.014299799999996]]}, "properties": {"street_name": "Rua Jacinto Freire de Andrade", "municipio": "Beja", "count": 1, "top_infraction": "imbecis", "first_year": "2025", "last_year": "2025", "type_breakdown": "{\"imbecis\": 1}", "monthly_breakdown": "{\"2025-01\": 1}"}}, {"type": "Feature", "geometry": {"type": "LineString", "coordinates": [[-9.092384, 38.5967374], [-9.0923452, 38.596874699999994], [-9.0922945, 38.5970537], [-9.0922513, 38.5972066]]}, "properties": {"street_name": "Avenida 25 de Abril", "municipio": "Seixal", "count": 2, "top_infraction": "imbecis", "first_year": "2025", "last_year": "2026", "type_breakdown": "{\"imbecis\": 2}", "monthly_breakdown": "{\"2026-02\": 1, \"2025-08\": 1}"}}, {"type": "Feature", "geometry": {"type": "LineString", "coordinates": [[-9.0950173, 38.596277599999986], [-9.0926337, 38.59585519999999]]}, "properties": {"street_name": "Avenida Pinhal de Frades", "municipio": "Seixal", "count": 1, "top_infraction": "imbecis", "first_year": "2026", "last_year": "2026", "type_breakdown": "{\"imbecis\": 1}", "monthly_breakdown": "{\"2026-02\": 1}"}}, {"type": "Feature", "geometry": {"type": "LineString", "coordinates": [[-9.0924319, 38.5965683], [-9.0925601, 38.596115400000016]]}, "properties": {"street_name": "Avenida 25 de Abril", "municipio": "Seixal", "count": 1, "top_infraction": "imbecis", "first_year": "2025", "last_year": "2025", "type_breakdown": "{\"imbecis\": 1}", "monthly_breakdown": "{\"2025-11\": 1}"}}, {"type": "Feature", "geometry": {"type": "LineString", "coordinates": [[-9.0928391, 38.5951295], [-9.0946165, 38.5954458], [-9.0952484, 38.5955583]]}, "properties": {"street_name": "Rua Almeida Garrett", "municipio": "Seixal", "count": 1, "top_infraction": "imbecis", "first_year": "2026", "last_year": "2026", "type_breakdown": "{\"imbecis\": 1}", "monthly_breakdown": "{\"2026-04\": 1}"}}, {"type": "Feature", "geometry": {"type": "LineString", "coordinates": [[-9.0916379, 38.5993249], [-9.0904088, 38.59909879999999]]}, "properties": {"street_name": "Rua da Luz", "municipio": "Seixal", "count": 1, "top_infraction": "imbecis", "first_year": "2025", "last_year": "2025", "type_breakdown": "{\"imbecis\": 1}", "monthly_breakdown": "{\"2025-08\": 1}"}}, {"type": "Feature", "geometry": {"type": "LineString", "coordinates": [[-9.0930926, 38.59424690000001], [-9.0930069, 38.5945419]]}, "properties": {"street_name": "Avenida 25 de Abril", "municipio": "Seixal", "count": 3, "top_infraction": "imbecis", "first_year": "2025", "last_year": "2026", "type_breakdown": "{\"imbecis\": 3}", "monthly_breakdown": "{\"2025-12\": 1, \"2026-03\": 1, \"2025-10\": 1}"}}, {"type": "Feature", "geometry": {"type": "LineString", "coordinates": [[-9.0929658, 38.59468330000001], [-9.093703900000001, 38.5948149]]}, "properties": {"street_name": "Rua das Flores", "municipio": "Seixal", "count": 2, "top_infraction": "imbecis", "first_year": "2025", "last_year": "2026", "type_breakdown": "{\"imbecis\": 2}", "monthly_breakdown": "{\"2025-06\": 1, \"2026-01\": 1}"}}, {"type": "Feature", "geometry": {"type": "LineString", "coordinates": [[-9.0920391, 38.5933973], [-9.093278, 38.59360899999999]]}, "properties": {"street_name": "Rua Dom Dinis", "municipio": "Seixal", "count": 78, "top_infraction": "imbecis", "first_year": "2025", "last_year": "2026", "type_breakdown": "{\"imbecis\": 78}", "monthly_breakdown": "{\"2025-11\": 11, \"2025-12\": 16, \"2025-10\": 3, \"2026-02\": 10, \"2025-07\": 4, \"2026-04\": 9, \"2026-01\": 7, \"2025-04\": 2, \"2025-05\": 5, \"2025-06\": 7, \"2025-09\": 2, \"2025-08\": 2}"}}, {"type": "Feature", "geometry": {"type": "LineString", "coordinates": [[-9.0921978, 38.592929000000005], [-9.0934145, 38.59313889999999]]}, "properties": {"street_name": "Rua das Neves", "municipio": "Seixal", "count": 1, "top_infraction": "imbecis", "first_year": "2025", "last_year": "2025", "type_breakdown": "{\"imbecis\": 1}", "monthly_breakdown": "{\"2025-07\": 1}"}}, {"type": "Feature", "geometry": {"type": "LineString", "coordinates": [[-9.0934145, 38.59313889999999], [-9.0934781, 38.5929199]]}, "properties": {"street_name": "Avenida 25 de Abril", "municipio": "Seixal", "count": 1, "top_infraction": "imbecis", "first_year": "2026", "last_year": "2026", "type_breakdown": "{\"imbecis\": 1}", "monthly_breakdown": "{\"2026-04\": 1}"}}, {"type": "Feature", "geometry": {"type": "LineString", "coordinates": [[-9.093278, 38.59360899999999], [-9.0933479, 38.5933683]]}, "properties": {"street_name": "Avenida 25 de Abril", "municipio": "Seixal", "count": 5, "top_infraction": "imbecis", "first_year": "2025", "last_year": "2026", "type_breakdown": "{\"imbecis\": 5}", "monthly_breakdown": "{\"2025-08\": 2, \"2026-04\": 1, \"2025-11\": 1, \"2025-05\": 1}"}}, {"type": "Feature", "geometry": {"type": "LineString", "coordinates": [[-9.0957456, 38.593792699999995], [-9.0949986, 38.59366049999999], [-9.0943692, 38.59354749999999], [-9.0933479, 38.5933683]]}, "properties": {"street_name": "Rua Barroso", "municipio": "Seixal", "count": 1, "top_infraction": "imbecis", "first_year": "2026", "last_year": "2026", "type_breakdown": "{\"imbecis\": 1}", "monthly_breakdown": "{\"2026-04\": 1}"}}, {"type": "Feature", "geometry": {"type": "LineString", "coordinates": [[-9.0932226, 38.5937998], [-9.0937597, 38.5939002]]}, "properties": {"street_name": "Rua do Jardim", "municipio": "Seixal", "count": 1, "top_infraction": "imbecis", "first_year": "2026", "last_year": "2026", "type_breakdown": "{\"imbecis\": 1}", "monthly_breakdown": "{\"2026-04\": 1}"}}, {"type": "Feature", "geometry": {"type": "LineString", "coordinates": [[-9.0508737, 38.5848669], [-9.0507499, 38.5847946], [-9.050558, 38.5846805], [-9.0504355, 38.584607699999985], [-9.0502183, 38.5844813], [-9.0493102, 38.58395269999999], [-9.0489582, 38.5837476], [-9.0488589, 38.583689699999994], [-9.0487793, 38.5836307]]}, "properties": {"street_name": null, "municipio": "Barreiro", "count": 2, "top_infraction": "imbecis", "first_year": "2024", "last_year": "2024", "type_breakdown": "{\"imbecis\": 2}", "monthly_breakdown": "{\"2024-06\": 2}"}}, {"type": "Feature", "geometry": {"type": "LineString", "coordinates": [[-9.4242486, 38.694297299999995], [-9.4242631, 38.6943737], [-9.424289000000002, 38.69450979999999]]}, "properties": {"street_name": null, "municipio": "Cascais", "count": 1, "top_infraction": "imbecis", "first_year": "2025", "last_year": "2025", "type_breakdown": "{\"imbecis\": 1}", "monthly_breakdown": "{\"2025-06\": 1}"}}, {"type": "Feature", "geometry": {"type": "LineString", "coordinates": [[-9.3543859, 38.68890759999999], [-9.3548857, 38.6890881], [-9.355277, 38.6892278], [-9.3554924, 38.6893042]]}, "properties": {"street_name": "Rua Camilo Dionísio Álvares", "municipio": "Cascais", "count": 1, "top_infraction": "imbecis", "first_year": "2026", "last_year": "2026", "type_breakdown": "{\"imbecis\": 1}", "monthly_breakdown": "{\"2026-04\": 1}"}}, {"type": "Feature", "geometry": {"type": "LineString", "coordinates": [[-9.3379902, 38.68981569999999], [-9.3380443, 38.690229599999995], [-9.3380472, 38.6903224]]}, "properties": {"street_name": "Avenida Maria da Conceição", "municipio": "Cascais", "count": 2, "top_infraction": "imbecis", "first_year": "2024", "last_year": "2024", "type_breakdown": "{\"imbecis\": 2}", "monthly_breakdown": "{\"2024-07\": 2}"}}, {"type": "Feature", "geometry": {"type": "LineString", "coordinates": [[-9.3803207, 38.6989815], [-9.380511, 38.6988111]]}, "properties": {"street_name": null, "municipio": "Cascais", "count": 1, "top_infraction": "imbecis", "first_year": "2026", "last_year": "2026", "type_breakdown": "{\"imbecis\": 1}", "monthly_breakdown": "{\"2026-03\": 1}"}}, {"type": "Feature", "geometry": {"type": "LineString", "coordinates": [[-9.3319792, 38.688321], [-9.3318938, 38.68902149999999]]}, "properties": {"street_name": null, "municipio": "Cascais", "count": 1, "top_infraction": "imbecis", "first_year": "2025", "last_year": "2025", "type_breakdown": "{\"imbecis\": 1}", "monthly_breakdown": "{\"2025-05\": 1}"}}, {"type": "Feature", "geometry": {"type": "LineString", "coordinates": [[-9.239717100000002, 38.645243900000004], [-9.2399308, 38.6456514]]}, "properties": {"street_name": "Rua Catarina Eufémia", "municipio": "Almada", "count": 1, "top_infraction": "imbecis", "first_year": "2026", "last_year": "2026", "type_breakdown": "{\"imbecis\": 1}", "monthly_breakdown": "{\"2026-04\": 1}"}}, {"type": "Feature", "geometry": {"type": "LineString", "coordinates": [[-9.1594312, 38.68171029999999], [-9.1592758, 38.68187329999999]]}, "properties": {"street_name": "Rua Capitão Leitão", "municipio": "Almada", "count": 1, "top_infraction": "imbecis", "first_year": "2025", "last_year": "2025", "type_breakdown": "{\"imbecis\": 1}", "monthly_breakdown": "{\"2025-02\": 1}"}}, {"type": "Feature", "geometry": {"type": "LineString", "coordinates": [[-9.1782246, 38.6374748], [-9.1778167, 38.63795329999999]]}, "properties": {"street_name": "Rua Arnaldo Pacheco", "municipio": "Almada", "count": 2, "top_infraction": "imbecis", "first_year": "2025", "last_year": "2025", "type_breakdown": "{\"imbecis\": 2}", "monthly_breakdown": "{\"2025-10\": 2}"}}, {"type": "Feature", "geometry": {"type": "LineString", "coordinates": [[-9.1890072, 38.698337200000005], [-9.1895004, 38.6982174], [-9.1908048, 38.698044], [-9.1908932, 38.69803000000001], [-9.1912269, 38.6979783]]}, "properties": {"street_name": "Rua da Junqueira", "municipio": "Lisboa", "count": 1, "top_infraction": "imbecis", "first_year": "2025", "last_year": "2025", "type_breakdown": "{\"imbecis\": 1}", "monthly_breakdown": "{\"2025-09\": 1}"}}, {"type": "Feature", "geometry": {"type": "LineString", "coordinates": [[-9.1029759, 38.6110798], [-9.1029735, 38.611015300000005], [-9.1029587, 38.6109619], [-9.102919, 38.610919300000006], [-9.1028183, 38.6108777], [-9.1026547, 38.610810099999995], [-9.102483, 38.61073919999999], [-9.1024225, 38.61071419999998], [-9.1022652, 38.610651099999984], [-9.1019614, 38.610634999999995]]}, "properties": {"street_name": null, "municipio": "Seixal", "count": 1, "top_infraction": "imbecis", "first_year": "2025", "last_year": "2025", "type_breakdown": "{\"imbecis\": 1}", "monthly_breakdown": "{\"2025-08\": 1}"}}, {"type": "Feature", "geometry": {"type": "LineString", "coordinates": [[-9.1243657, 38.620947400000006], [-9.1242621, 38.62091289999999], [-9.124124, 38.6208668], [-9.1239499, 38.620847700000006], [-9.1237592, 38.62085419999999], [-9.1234189, 38.6209247]]}, "properties": {"street_name": "Rua da Cordoaria", "municipio": "Seixal", "count": 1, "top_infraction": "imbecis", "first_year": "2025", "last_year": "2025", "type_breakdown": "{\"imbecis\": 1}", "monthly_breakdown": "{\"2025-06\": 1}"}}, {"type": "Feature", "geometry": {"type": "LineString", "coordinates": [[-9.1161689, 38.632209399999994], [-9.1162169, 38.6322366], [-9.1162788, 38.63224970000002], [-9.1176508, 38.6323801], [-9.1176915, 38.632383999999995]]}, "properties": {"street_name": "Rua Amora Futebol Clube", "municipio": "Seixal", "count": 2, "top_infraction": "imbecis", "first_year": "2025", "last_year": "2026", "type_breakdown": "{\"imbecis\": 2}", "monthly_breakdown": "{\"2026-04\": 1, \"2025-10\": 1}"}}, {"type": "Feature", "geometry": {"type": "LineString", "coordinates": [[-9.1006424, 38.609919600000005], [-9.1001151, 38.6096335]]}, "properties": {"street_name": null, "municipio": "Seixal", "count": 1, "top_infraction": "imbecis", "first_year": "2025", "last_year": "2025", "type_breakdown": "{\"imbecis\": 1}", "monthly_breakdown": "{\"2025-07\": 1}"}}, {"type": "Feature", "geometry": {"type": "LineString", "coordinates": [[-9.0837567, 38.6264879], [-9.083861, 38.626554], [-9.0840223, 38.62665619999999], [-9.0841352, 38.6267286], [-9.0843279, 38.6268521], [-9.0843645, 38.6268771], [-9.0851087, 38.6273525], [-9.085320800000002, 38.6274884], [-9.085417700000002, 38.6275505]]}, "properties": {"street_name": "Avenida dos Metalúrgicos", "municipio": "Seixal", "count": 1, "top_infraction": "imbecis", "first_year": "2025", "last_year": "2025", "type_breakdown": "{\"imbecis\": 1}", "monthly_breakdown": "{\"2025-12\": 1}"}}, {"type": "Feature", "geometry": {"type": "LineString", "coordinates": [[-9.0642172, 38.6526759], [-9.064156700000002, 38.652617599999985], [-9.0638016, 38.6522752]]}, "properties": {"street_name": null, "municipio": "Barreiro", "count": 1, "top_infraction": "imbecis", "first_year": "2024", "last_year": "2024", "type_breakdown": "{\"imbecis\": 1}", "monthly_breakdown": "{\"2024-09\": 1}"}}, {"type": "Feature", "geometry": {"type": "LineString", "coordinates": [[-9.0642172, 38.6526759], [-9.0643175, 38.652609399999996], [-9.06478, 38.65230290000001]]}, "properties": {"street_name": "Rua Calouste Gulbenkian", "municipio": "Barreiro", "count": 1, "top_infraction": "imbecis", "first_year": "2024", "last_year": "2024", "type_breakdown": "{\"imbecis\": 1}", "monthly_breakdown": "{\"2024-09\": 1}"}}, {"type": "Feature", "geometry": {"type": "LineString", "coordinates": [[-9.0615993, 38.65582259999999], [-9.0622318, 38.65538020000001], [-9.0622622, 38.655352099999995], [-9.0622395, 38.65526369999999]]}, "properties": {"street_name": null, "municipio": "Barreiro", "count": 3, "top_infraction": "imbecis", "first_year": "2024", "last_year": "2024", "type_breakdown": "{\"imbecis\": 3}", "monthly_breakdown": "{\"2024-09\": 3}"}}, {"type": "Feature", "geometry": {"type": "LineString", "coordinates": [[-9.06478, 38.65230290000001], [-9.0648171, 38.652334999999994], [-9.064958100000002, 38.6524568], [-9.0648114, 38.65255599999999]]}, "properties": {"street_name": null, "municipio": "Barreiro", "count": 1, "top_infraction": "imbecis", "first_year": "2024", "last_year": "2024", "type_breakdown": "{\"imbecis\": 1}", "monthly_breakdown": "{\"2024-09\": 1}"}}, {"type": "Feature", "geometry": {"type": "LineString", "coordinates": [[-9.0960587, 38.601525599999995], [-9.096027, 38.6016414], [-9.095999300000003, 38.601751199999995], [-9.0959749, 38.60190999999999], [-9.0959524, 38.602282], [-9.095925, 38.602432199999996], [-9.0958803, 38.6025583], [-9.0958206, 38.6026672], [-9.0957375, 38.60278219999999], [-9.0956238, 38.6029102], [-9.0951613, 38.6034179], [-9.0946252, 38.6040204], [-9.0945474, 38.604160900000004], [-9.0945325, 38.6042138], [-9.094526200000002, 38.604284099999994], [-9.0945286, 38.604359999999986], [-9.0945383, 38.6044578]]}, "properties": {"street_name": "Avenida da Ponte", "municipio": "Seixal", "count": 1, "top_infraction": "imbecis", "first_year": "2025", "last_year": "2025", "type_breakdown": "{\"imbecis\": 1}", "monthly_breakdown": "{\"2025-05\": 1}"}}, {"type": "Feature", "geometry": {"type": "LineString", "coordinates": [[-9.0650555, 38.65198759999999], [-9.0650477, 38.652044599999996], [-9.0650222, 38.65210269999999], [-9.0649861, 38.6521681]]}, "properties": {"street_name": "Rua Calouste Gulbenkian", "municipio": "Barreiro", "count": 1, "top_infraction": "imbecis", "first_year": "2024", "last_year": "2024", "type_breakdown": "{\"imbecis\": 1}", "monthly_breakdown": "{\"2024-09\": 1}"}}, {"type": "Feature", "geometry": {"type": "LineString", "coordinates": [[-8.991073, 38.655162700000005], [-8.9923716, 38.65459189999999]]}, "properties": {"street_name": "Rua Bartolomeu Dias", "municipio": "Moita", "count": 1, "top_infraction": "imbecis", "first_year": "2024", "last_year": "2024", "type_breakdown": "{\"imbecis\": 1}", "monthly_breakdown": "{\"2024-10\": 1}"}}, {"type": "Feature", "geometry": {"type": "LineString", "coordinates": [[-9.4096569, 38.7116401], [-9.4097069, 38.7113513], [-9.4097764, 38.711020299999994], [-9.4097835, 38.7109819], [-9.4097932, 38.710929799999995], [-9.4097904, 38.7109024], [-9.4097807, 38.7108775], [-9.4097602, 38.7108524], [-9.4097063, 38.7108169]]}, "properties": {"street_name": "Rua Soldado Francisco Almeida", "municipio": "Cascais", "count": 1, "top_infraction": "imbecis", "first_year": "2024", "last_year": "2024", "type_breakdown": "{\"imbecis\": 1}", "monthly_breakdown": "{\"2024-12\": 1}"}}, {"type": "Feature", "geometry": {"type": "LineString", "coordinates": [[-9.4142886, 38.712336199999996], [-9.4142955, 38.7124161], [-9.4142827, 38.71247209999999], [-9.4142774, 38.712537]]}, "properties": {"street_name": "Rua Costa Pinto", "municipio": "Cascais", "count": 1, "top_infraction": "imbecis", "first_year": "2024", "last_year": "2024", "type_breakdown": "{\"imbecis\": 1}", "monthly_breakdown": "{\"2024-04\": 1}"}}, {"type": "Feature", "geometry": {"type": "LineString", "coordinates": [[-9.4136643, 38.70325559999999], [-9.4136476, 38.703270199999984], [-9.413566100000002, 38.703372599999994], [-9.4135162, 38.7034803], [-9.4134172, 38.7038448], [-9.4133653, 38.704157499999994]]}, "properties": {"street_name": "Avenida da Argentina", "municipio": "Cascais", "count": 1, "top_infraction": "imbecis", "first_year": "2024", "last_year": "2024", "type_breakdown": "{\"imbecis\": 1}", "monthly_breakdown": "{\"2024-04\": 1}"}}, {"type": "Feature", "geometry": {"type": "LineString", "coordinates": [[-9.3351441, 38.701106100000004], [-9.3351834, 38.701287199999996]]}, "properties": {"street_name": "Avenida de São Miguel", "municipio": "Cascais", "count": 1, "top_infraction": "imbecis", "first_year": "2024", "last_year": "2024", "type_breakdown": "{\"imbecis\": 1}", "monthly_breakdown": "{\"2024-08\": 1}"}}, {"type": "Feature", "geometry": {"type": "LineString", "coordinates": [[-9.3352205, 38.70203010000001], [-9.3351878, 38.70146809999999], [-9.3351849, 38.70134410000001], [-9.3351834, 38.701287199999996]]}, "properties": {"street_name": "Avenida de São Miguel", "municipio": "Cascais", "count": 1, "top_infraction": "imbecis", "first_year": "2024", "last_year": "2024", "type_breakdown": "{\"imbecis\": 1}", "monthly_breakdown": "{\"2024-08\": 1}"}}, {"type": "Feature", "geometry": {"type": "LineString", "coordinates": [[-9.2181613, 38.7934312], [-9.2183339, 38.7934724], [-9.2186645, 38.79354], [-9.2191916, 38.7936244], [-9.2192668, 38.793640799999984], [-9.2195499, 38.79370269999998], [-9.219856, 38.7937696]]}, "properties": {"street_name": "Rua Santo Estevão", "municipio": "Odivelas", "count": 1, "top_infraction": "imbecis", "first_year": "2024", "last_year": "2024", "type_breakdown": "{\"imbecis\": 1}", "monthly_breakdown": "{\"2024-07\": 1}"}}, {"type": "Feature", "geometry": {"type": "LineString", "coordinates": [[-9.2323941, 38.7665594], [-9.2323431, 38.766501099999985], [-9.2323022, 38.76644049999999], [-9.2322504, 38.766314699999995], [-9.2322165, 38.766227799999996], [-9.2321904, 38.76616099999999], [-9.2321696, 38.7661079], [-9.23197, 38.76546539999999], [-9.2317229, 38.764700399999995], [-9.231680000000003, 38.7645676], [-9.2316605, 38.7644819], [-9.2316552, 38.7644333], [-9.2316593, 38.764378], [-9.2316652, 38.76433970000001], [-9.2316873, 38.7642701], [-9.2317296, 38.76419589999999], [-9.2317893, 38.764123700000006], [-9.231842900000002, 38.7640783], [-9.2319274, 38.76403020000001], [-9.232038300000001, 38.763988899999994], [-9.232406200000002, 38.76390189999999], [-9.2325621, 38.76386500000001]]}, "properties": {"street_name": "['Rua Sebastião da Gama', 'Avenida Marquês de Pombal']", "municipio": "Amadora", "count": 1, "top_infraction": "imbecis", "first_year": "2025", "last_year": "2025", "type_breakdown": "{\"imbecis\": 1}", "monthly_breakdown": "{\"2025-04\": 1}"}}, {"type": "Feature", "geometry": {"type": "LineString", "coordinates": [[-9.2487252, 38.72868149999999], [-9.2487799, 38.728922], [-9.2488178, 38.7292001], [-9.2488225, 38.7295613], [-9.2487666, 38.72993009999999], [-9.2486684, 38.7302581], [-9.2485469, 38.730561900000005], [-9.2482911, 38.7310082], [-9.2479495, 38.731406600000014], [-9.247406700000003, 38.731834500000005], [-9.2472166, 38.73194680000001], [-9.2470288, 38.732046], [-9.246761, 38.73216279999999], [-9.2465374, 38.7322439], [-9.2461799, 38.73232000000001], [-9.2455179, 38.73234550000001], [-9.2447559, 38.73219360000001], [-9.244266300000001, 38.73199720000001], [-9.243949, 38.73184209999999]]}, "properties": {"street_name": "Rua da Mina Grande", "municipio": "Oeiras", "count": 4, "top_infraction": "imbecis", "first_year": "2024", "last_year": "2024", "type_breakdown": "{\"imbecis\": 4}", "monthly_breakdown": "{\"2024-10\": 4}"}}, {"type": "Feature", "geometry": {"type": "LineString", "coordinates": [[-9.2389641, 38.756294400000016], [-9.2389864, 38.756318099999994], [-9.2390017, 38.756331199999984], [-9.2390189, 38.756339700000005], [-9.2390452, 38.756342399999994], [-9.2392105, 38.7563428], [-9.2392401, 38.75635140000001], [-9.2392606, 38.756363699999994], [-9.2392791, 38.75637849999999], [-9.2392884, 38.7563933], [-9.2392915, 38.7564109], [-9.239153900000002, 38.7566223]]}, "properties": {"street_name": "Praceta Carolina Simões", "municipio": "Amadora", "count": 1, "top_infraction": "imbecis", "first_year": "2025", "last_year": "2025", "type_breakdown": "{\"imbecis\": 1}", "monthly_breakdown": "{\"2025-09\": 1}"}}, {"type": "Feature", "geometry": {"type": "LineString", "coordinates": [[-9.23089, 38.76843319999999], [-9.2314306, 38.7682312], [-9.2316763, 38.7681395], [-9.231702700000001, 38.76812960000001], [-9.2317537, 38.768103], [-9.2317893, 38.7680706], [-9.2318096, 38.76803019999999]]}, "properties": {"street_name": "Rua Francisco Bugalho", "municipio": "Amadora", "count": 1, "top_infraction": "imbecis", "first_year": "2025", "last_year": "2025", "type_breakdown": "{\"imbecis\": 1}", "monthly_breakdown": "{\"2025-04\": 1}"}}, {"type": "Feature", "geometry": {"type": "LineString", "coordinates": [[-9.2448884, 38.728755199999995], [-9.2450157, 38.728683200000006], [-9.2451059, 38.72863229999999]]}, "properties": {"street_name": "Rua Aquilino Ribeiro", "municipio": "Oeiras", "count": 1, "top_infraction": "imbecis", "first_year": "2024", "last_year": "2024", "type_breakdown": "{\"imbecis\": 1}", "monthly_breakdown": "{\"2024-10\": 1}"}}, {"type": "Feature", "geometry": {"type": "LineString", "coordinates": [[-9.2438394, 38.72917780000001], [-9.2441757, 38.72911899999999]]}, "properties": {"street_name": "Rua Aquilino Ribeiro", "municipio": "Oeiras", "count": 2, "top_infraction": "imbecis", "first_year": "2024", "last_year": "2024", "type_breakdown": "{\"imbecis\": 2}", "monthly_breakdown": "{\"2024-10\": 2}"}}, {"type": "Feature", "geometry": {"type": "LineString", "coordinates": [[-9.2438394, 38.72917780000001], [-9.2436862, 38.729184], [-9.2436653, 38.7291836]]}, "properties": {"street_name": "Rua Aquilino Ribeiro", "municipio": "Oeiras", "count": 1, "top_infraction": "imbecis", "first_year": "2024", "last_year": "2024", "type_breakdown": "{\"imbecis\": 1}", "monthly_breakdown": "{\"2024-10\": 1}"}}, {"type": "Feature", "geometry": {"type": "LineString", "coordinates": [[-9.229687, 38.70111909999999], [-9.2296041, 38.70219959999999]]}, "properties": {"street_name": "Avenida Combatentes da Grande Guerra", "municipio": "Oeiras", "count": 1, "top_infraction": "imbecis", "first_year": "2025", "last_year": "2025", "type_breakdown": "{\"imbecis\": 1}", "monthly_breakdown": "{\"2025-04\": 1}"}}, {"type": "Feature", "geometry": {"type": "LineString", "coordinates": [[-9.2295532, 38.7028857], [-9.229524, 38.7031593]]}, "properties": {"street_name": "Avenida Combatentes da Grande Guerra", "municipio": "Oeiras", "count": 1, "top_infraction": "imbecis", "first_year": "2025", "last_year": "2025", "type_breakdown": "{\"imbecis\": 1}", "monthly_breakdown": "{\"2025-04\": 1}"}}, {"type": "Feature", "geometry": {"type": "LineString", "coordinates": [[-9.2302611, 38.70562189999999], [-9.2303864, 38.7056705], [-9.2309402, 38.7059877], [-9.2310764, 38.706074900000004]]}, "properties": {"street_name": "Rua Sofia Carvalho", "municipio": "Oeiras", "count": 2, "top_infraction": "imbecis", "first_year": "2025", "last_year": "2025", "type_breakdown": "{\"imbecis\": 2}", "monthly_breakdown": "{\"2025-04\": 2}"}}, {"type": "Feature", "geometry": {"type": "LineString", "coordinates": [[-9.2027355, 38.752384500000005], [-9.202621200000001, 38.7523841], [-9.2025197, 38.7523838], [-9.2024774, 38.75239059999999], [-9.2024392, 38.7524104], [-9.2024144, 38.75243869999999], [-9.2024057, 38.75246239999999], [-9.2023422, 38.75279570000001], [-9.2023222, 38.7529005], [-9.2021365, 38.75387550000001], [-9.2021282, 38.75396289999999]]}, "properties": {"street_name": "Rua Jorge Barradas", "municipio": "Lisboa", "count": 5, "top_infraction": "imbecis", "first_year": "2025", "last_year": "2025", "type_breakdown": "{\"imbecis\": 5}", "monthly_breakdown": "{\"2025-09\": 3, \"2025-04\": 2}"}}, {"type": "Feature", "geometry": {"type": "LineString", "coordinates": [[-9.2310764, 38.706074900000004], [-9.2311721, 38.7059177], [-9.2312056, 38.7057956], [-9.2312858, 38.7052504], [-9.2312997, 38.7051205], [-9.2310962, 38.705097499999994], [-9.2311532, 38.704592399999996], [-9.231182700000002, 38.704331599999996]]}, "properties": {"street_name": "Rua Alegre", "municipio": "Oeiras", "count": 6, "top_infraction": "imbecis", "first_year": "2025", "last_year": "2025", "type_breakdown": "{\"imbecis\": 6}", "monthly_breakdown": "{\"2025-04\": 6}"}}, {"type": "Feature", "geometry": {"type": "LineString", "coordinates": [[-9.246387, 38.724621799999994], [-9.2464598, 38.724300299999996], [-9.2464969, 38.72421189999999], [-9.2465801, 38.724159400000005], [-9.246819, 38.724093200000006], [-9.2469039, 38.7240421], [-9.2469623, 38.72395649999999], [-9.2469629, 38.7236302], [-9.2478563, 38.722801499999996], [-9.2480507, 38.7226422], [-9.2482289, 38.722542], [-9.2484757, 38.7224751], [-9.248620100000002, 38.7224311], [-9.2487049, 38.72228750000002], [-9.248944800000002, 38.721908299999996], [-9.249053600000002, 38.72169269999999], [-9.2492067, 38.72122910000001], [-9.2494426, 38.720911300000004], [-9.2498976, 38.720313], [-9.2499404, 38.720290600000006], [-9.249962, 38.7202878]]}, "properties": {"street_name": "Estrada Velha da Rocha", "municipio": "Oeiras", "count": 1, "top_infraction": "imbecis", "first_year": "2024", "last_year": "2024", "type_breakdown": "{\"imbecis\": 1}", "monthly_breakdown": "{\"2024-10\": 1}"}}, {"type": "Feature", "geometry": {"type": "LineString", "coordinates": [[-9.2474713, 38.72725599999999], [-9.2476713, 38.7275236], [-9.247692, 38.727591999999994], [-9.2475964, 38.727862099999996], [-9.247385500000002, 38.72801909999999], [-9.2473049, 38.728129700000004]]}, "properties": {"street_name": "Rua Actor José Pinheiro Amaro", "municipio": "Oeiras", "count": 1, "top_infraction": "imbecis", "first_year": "2024", "last_year": "2024", "type_breakdown": "{\"imbecis\": 1}", "monthly_breakdown": "{\"2024-10\": 1}"}}, {"type": "Feature", "geometry": {"type": "LineString", "coordinates": [[-9.2464469, 38.729444699999995], [-9.2462895, 38.7294468], [-9.2458505, 38.7293447]]}, "properties": {"street_name": "Rua José Afonso", "municipio": "Oeiras", "count": 1, "top_infraction": "imbecis", "first_year": "2024", "last_year": "2024", "type_breakdown": "{\"imbecis\": 1}", "monthly_breakdown": "{\"2024-10\": 1}"}}, {"type": "Feature", "geometry": {"type": "LineString", "coordinates": [[-9.2798766, 38.7476471], [-9.2805761, 38.7478307], [-9.2813616, 38.7480737]]}, "properties": {"street_name": "Avenida São Francisco Xavier", "municipio": "Oeiras", "count": 1, "top_infraction": "imbecis", "first_year": "2026", "last_year": "2026", "type_breakdown": "{\"imbecis\": 1}", "monthly_breakdown": "{\"2026-04\": 1}"}}, {"type": "Feature", "geometry": {"type": "LineString", "coordinates": [[-9.2209456, 38.73588289999999], [-9.2210521, 38.73584149999999], [-9.2211683, 38.73580990000001], [-9.2212818, 38.735790699999995], [-9.2213354, 38.73578539999998], [-9.2215207, 38.7357722], [-9.2216624, 38.7357621], [-9.2216808, 38.735760799999994], [-9.222040800000002, 38.73573519999999], [-9.2220853, 38.7357316], [-9.2223371, 38.73571139999999]]}, "properties": {"street_name": "Avenida da Quinta Grande", "municipio": "Amadora", "count": 1, "top_infraction": "imbecis", "first_year": "2025", "last_year": "2025", "type_breakdown": "{\"imbecis\": 1}", "monthly_breakdown": "{\"2025-09\": 1}"}}, {"type": "Feature", "geometry": {"type": "LineString", "coordinates": [[-9.2209456, 38.73588289999999], [-9.220838700000002, 38.7359443], [-9.2207609, 38.73600089999999], [-9.2206841, 38.73606899999999], [-9.2206278, 38.73613960000001], [-9.2205883, 38.73620640000001], [-9.220555, 38.73627809999999], [-9.2205232, 38.736392899999984], [-9.2205167, 38.7364894], [-9.2205425, 38.736737299999994], [-9.220554, 38.736914199999994]]}, "properties": {"street_name": "Avenida da Quinta Grande", "municipio": "Amadora", "count": 1, "top_infraction": "imbecis", "first_year": "2025", "last_year": "2025", "type_breakdown": "{\"imbecis\": 1}", "monthly_breakdown": "{\"2025-09\": 1}"}}, {"type": "Feature", "geometry": {"type": "LineString", "coordinates": [[-9.2028286, 38.750455], [-9.2025689, 38.7509394], [-9.2025147, 38.7510428]]}, "properties": {"street_name": "Avenida Grão Vasco", "municipio": "Lisboa", "count": 1, "top_infraction": "imbecis", "first_year": "2024", "last_year": "2024", "type_breakdown": "{\"imbecis\": 1}", "monthly_breakdown": "{\"2024-11\": 1}"}}, {"type": "Feature", "geometry": {"type": "LineString", "coordinates": [[-9.239529, 38.7271507], [-9.2397113, 38.7268567], [-9.2398776, 38.72662229999999], [-9.2399591, 38.7264766]]}, "properties": {"street_name": "Rua Manuel Teixeira Gomes", "municipio": "Oeiras", "count": 1, "top_infraction": "imbecis", "first_year": "2024", "last_year": "2024", "type_breakdown": "{\"imbecis\": 1}", "monthly_breakdown": "{\"2024-10\": 1}"}}, {"type": "Feature", "geometry": {"type": "LineString", "coordinates": [[-9.2232554, 38.768707299999996], [-9.2236914, 38.768528700000005], [-9.2237716, 38.7684958]]}, "properties": {"street_name": "Rua Bernando Santareno", "municipio": "Amadora", "count": 1, "top_infraction": "imbecis", "first_year": "2024", "last_year": "2024", "type_breakdown": "{\"imbecis\": 1}", "monthly_breakdown": "{\"2024-03\": 1}"}}, {"type": "Feature", "geometry": {"type": "LineString", "coordinates": [[-9.2816797, 38.7772681], [-9.2815785, 38.7773002], [-9.2810869, 38.77745629999998]]}, "properties": {"street_name": "Praceta Rui das Neves Machado", "municipio": "Sintra", "count": 2, "top_infraction": "imbecis", "first_year": "2024", "last_year": "2024", "type_breakdown": "{\"imbecis\": 2}", "monthly_breakdown": "{\"2024-10\": 2}"}}, {"type": "Feature", "geometry": {"type": "LineString", "coordinates": [[-9.2296573, 38.76788069999999], [-9.229757, 38.76775729999999], [-9.2296615, 38.76740289999999], [-9.2294836, 38.767322199999995]]}, "properties": {"street_name": "Rua Raúl de Campos Palermo", "municipio": "Amadora", "count": 2, "top_infraction": "imbecis", "first_year": "2025", "last_year": "2025", "type_breakdown": "{\"imbecis\": 2}", "monthly_breakdown": "{\"2025-01\": 2}"}}, {"type": "Feature", "geometry": {"type": "LineString", "coordinates": [[-9.2219994, 38.7244053], [-9.2221658, 38.72547240000001], [-9.2222619, 38.7260817], [-9.222416, 38.7270658], [-9.22247, 38.72741039999999]]}, "properties": {"street_name": "Avenida dos Cavaleiros", "municipio": "Oeiras", "count": 23, "top_infraction": "imbecis", "first_year": "2025", "last_year": "2026", "type_breakdown": "{\"imbecis\": 23}", "monthly_breakdown": "{\"2025-03\": 3, \"2026-02\": 7, \"2026-01\": 10, \"2025-12\": 2, \"2025-11\": 1}"}}, {"type": "Feature", "geometry": {"type": "LineString", "coordinates": [[-9.2189479, 38.72744839999999], [-9.2186449, 38.7272222]]}, "properties": {"street_name": null, "municipio": "Oeiras", "count": 1, "top_infraction": "imbecis", "first_year": "2025", "last_year": "2025", "type_breakdown": "{\"imbecis\": 1}", "monthly_breakdown": "{\"2025-07\": 1}"}}, {"type": "Feature", "geometry": {"type": "LineString", "coordinates": [[-9.2280811, 38.7829699], [-9.2281161, 38.782930400000005]]}, "properties": {"street_name": "Praça Tomás da Fonseca", "municipio": "Amadora", "count": 1, "top_infraction": "imbecis", "first_year": "2025", "last_year": "2025", "type_breakdown": "{\"imbecis\": 1}", "monthly_breakdown": "{\"2025-11\": 1}"}}, {"type": "Feature", "geometry": {"type": "LineString", "coordinates": [[-9.256072600000001, 38.75872269999999], [-9.2564586, 38.75884140000001], [-9.25665, 38.7589003]]}, "properties": {"street_name": null, "municipio": "Sintra", "count": 1, "top_infraction": "imbecis", "first_year": "2024", "last_year": "2024", "type_breakdown": "{\"imbecis\": 1}", "monthly_breakdown": "{\"2024-03\": 1}"}}, {"type": "Feature", "geometry": {"type": "LineString", "coordinates": [[-9.2030254, 38.75618130000001], [-9.2028155, 38.755667100000004]]}, "properties": {"street_name": "Rua Jorge Barradas", "municipio": "Lisboa", "count": 3, "top_infraction": "imbecis", "first_year": "2025", "last_year": "2025", "type_breakdown": "{\"imbecis\": 3}", "monthly_breakdown": "{\"2025-03\": 3}"}}, {"type": "Feature", "geometry": {"type": "LineString", "coordinates": [[-9.2301076, 38.7657195], [-9.2302454, 38.765851]]}, "properties": {"street_name": null, "municipio": "Amadora", "count": 1, "top_infraction": "imbecis", "first_year": "2026", "last_year": "2026", "type_breakdown": "{\"imbecis\": 1}", "monthly_breakdown": "{\"2026-02\": 1}"}}, {"type": "Feature", "geometry": {"type": "LineString", "coordinates": [[-9.2362584, 38.7635292], [-9.2362658, 38.76304100000001]]}, "properties": {"street_name": "Travessa Vasco de Gama", "municipio": "Amadora", "count": 1, "top_infraction": "imbecis", "first_year": "2025", "last_year": "2025", "type_breakdown": "{\"imbecis\": 1}", "monthly_breakdown": "{\"2025-01\": 1}"}}, {"type": "Feature", "geometry": {"type": "LineString", "coordinates": [[-9.2362584, 38.7635292], [-9.2368429, 38.7635097]]}, "properties": {"street_name": "Travessa Vasco de Gama", "municipio": "Amadora", "count": 1, "top_infraction": "imbecis", "first_year": "2025", "last_year": "2025", "type_breakdown": "{\"imbecis\": 1}", "monthly_breakdown": "{\"2025-01\": 1}"}}, {"type": "Feature", "geometry": {"type": "LineString", "coordinates": [[-9.2368429, 38.7635097], [-9.2368944, 38.76398549999998]]}, "properties": {"street_name": "Avenida Combatentes da Grande Guerra", "municipio": "Amadora", "count": 1, "top_infraction": "imbecis", "first_year": "2024", "last_year": "2024", "type_breakdown": "{\"imbecis\": 1}", "monthly_breakdown": "{\"2024-10\": 1}"}}, {"type": "Feature", "geometry": {"type": "LineString", "coordinates": [[-9.1380298, 38.7133142], [-9.1381276, 38.7132361], [-9.1381501, 38.71321880000001], [-9.1381728, 38.713203000000014], [-9.138197, 38.7131882], [-9.138224, 38.71317459999999]]}, "properties": {"street_name": "Praça da Figueira", "municipio": "Lisboa", "count": 1, "top_infraction": "imbecis", "first_year": "2025", "last_year": "2025", "type_breakdown": "{\"imbecis\": 1}", "monthly_breakdown": "{\"2025-11\": 1}"}}, {"type": "Feature", "geometry": {"type": "LineString", "coordinates": [[-9.1243595, 38.721443300000004], [-9.1248624, 38.72153620000001]]}, "properties": {"street_name": "Calçada dos Barbadinhos", "municipio": "Lisboa", "count": 2, "top_infraction": "imbecis", "first_year": "2024", "last_year": "2024", "type_breakdown": "{\"imbecis\": 2}", "monthly_breakdown": "{\"2024-12\": 2}"}}, {"type": "Feature", "geometry": {"type": "LineString", "coordinates": [[-9.1252888, 38.7146977], [-9.1253831, 38.7148053], [-9.1254648, 38.71475619999999], [-9.1255418, 38.71470800000001]]}, "properties": {"street_name": null, "municipio": "Lisboa", "count": 1, "top_infraction": "imbecis", "first_year": "2025", "last_year": "2025", "type_breakdown": "{\"imbecis\": 1}", "monthly_breakdown": "{\"2025-03\": 1}"}}, {"type": "Feature", "geometry": {"type": "LineString", "coordinates": [[-9.1317139, 38.723330399999995], [-9.1316612, 38.72325589999999], [-9.1315341, 38.723076299999995], [-9.1314041, 38.7228926], [-9.1311634, 38.7225367], [-9.1310181, 38.7223262], [-9.1306219, 38.7217488], [-9.1306038, 38.7217229], [-9.130583500000002, 38.72170260000001], [-9.1305591, 38.721686000000005], [-9.130532, 38.7216705], [-9.1300652, 38.7214521], [-9.1299901, 38.721415599999986]]}, "properties": {"street_name": "Rua Angelina Vidal", "municipio": "Lisboa", "count": 5, "top_infraction": "imbecis", "first_year": "2025", "last_year": "2025", "type_breakdown": "{\"imbecis\": 5}", "monthly_breakdown": "{\"2025-03\": 3, \"2025-12\": 1, \"2025-02\": 1}"}}, {"type": "Feature", "geometry": {"type": "LineString", "coordinates": [[-9.1203322, 38.7280051], [-9.1213905, 38.728545999999994]]}, "properties": {"street_name": "Avenida Afonso III", "municipio": "Lisboa", "count": 1, "top_infraction": "imbecis", "first_year": "2025", "last_year": "2025", "type_breakdown": "{\"imbecis\": 1}", "monthly_breakdown": "{\"2025-02\": 1}"}}, {"type": "Feature", "geometry": {"type": "LineString", "coordinates": [[-9.1642224, 38.7795294], [-9.1642086, 38.7797503], [-9.1641869, 38.78003199999999], [-9.1641541, 38.7804878], [-9.1641465, 38.7806646], [-9.1641495, 38.7808071], [-9.1641738, 38.781022599999986], [-9.1642022, 38.781172999999995], [-9.164283, 38.78142900000001], [-9.164409200000001, 38.7817382], [-9.1644812, 38.78187700000001], [-9.1645599, 38.78200679999999], [-9.1646973, 38.7821659], [-9.1647449, 38.7822128], [-9.164928800000002, 38.7823827], [-9.1652351, 38.78262410000001], [-9.1654581, 38.782787899999995], [-9.1654871, 38.7828071]]}, "properties": {"street_name": null, "municipio": "Lisboa", "count": 2, "top_infraction": "imbecis", "first_year": "2024", "last_year": "2024", "type_breakdown": "{\"imbecis\": 2}", "monthly_breakdown": "{\"2024-06\": 2}"}}, {"type": "Feature", "geometry": {"type": "LineString", "coordinates": [[-9.1429716, 38.71905100000001], [-9.1429285, 38.719082099999994], [-9.1425828, 38.7193676], [-9.1424602, 38.7194732], [-9.1423852, 38.719543300000005], [-9.142266, 38.7196546], [-9.1420292, 38.71987559999999], [-9.1420085, 38.719900599999995], [-9.1419927, 38.719927299999995], [-9.141982, 38.71995549999999], [-9.1419764, 38.71998469999999], [-9.1419763, 38.720014199999994], [-9.1419818, 38.7200452], [-9.142032500000001, 38.7203051], [-9.1420316, 38.72035249999999], [-9.1420264, 38.7203941]]}, "properties": {"street_name": "Rua do Telhal", "municipio": "Lisboa", "count": 3, "top_infraction": "imbecis", "first_year": "2024", "last_year": "2025", "type_breakdown": "{\"imbecis\": 3}", "monthly_breakdown": "{\"2025-04\": 2, \"2024-03\": 1}"}}, {"type": "Feature", "geometry": {"type": "LineString", "coordinates": [[-9.1027673, 38.7460268], [-9.1014862, 38.745692299999995]]}, "properties": {"street_name": "Rua Doutor Estêvão de Vasconcelos", "municipio": "Lisboa", "count": 3, "top_infraction": "imbecis", "first_year": "2026", "last_year": "2026", "type_breakdown": "{\"imbecis\": 3}", "monthly_breakdown": "{\"2026-04\": 3}"}}, {"type": "Feature", "geometry": {"type": "LineString", "coordinates": [[-9.137114700000001, 38.70922839999999], [-9.136403, 38.709400699999996], [-9.1363377, 38.70941650000001], [-9.1363171, 38.7094215]]}, "properties": {"street_name": "Rua de São Julião", "municipio": "Lisboa", "count": 1, "top_infraction": "imbecis", "first_year": "2025", "last_year": "2025", "type_breakdown": "{\"imbecis\": 1}", "monthly_breakdown": "{\"2025-07\": 1}"}}, {"type": "Feature", "geometry": {"type": "LineString", "coordinates": [[-9.1371441, 38.7126578], [-9.137405, 38.71331300000001], [-9.137418, 38.71334569999999], [-9.137431, 38.71337839999999], [-9.1374349, 38.71338810000001], [-9.1374387, 38.7133977], [-9.1374426, 38.713407399999994]]}, "properties": {"street_name": "Rua dos Douradores", "municipio": "Lisboa", "count": 1, "top_infraction": "imbecis", "first_year": "2025", "last_year": "2025", "type_breakdown": "{\"imbecis\": 1}", "monthly_breakdown": "{\"2025-02\": 1}"}}, {"type": "Feature", "geometry": {"type": "LineString", "coordinates": [[-9.138127, 38.708007200000004], [-9.1380711, 38.7080197], [-9.1378445, 38.7080744], [-9.1377892, 38.708086200000004], [-9.1377429, 38.708091399999994], [-9.1376881, 38.708093700000006], [-9.137644, 38.7080962], [-9.1375987, 38.708101600000006], [-9.1375665, 38.70810819999999]]}, "properties": {"street_name": "Rua do Arsenal", "municipio": "Lisboa", "count": 1, "top_infraction": "imbecis", "first_year": "2025", "last_year": "2025", "type_breakdown": "{\"imbecis\": 1}", "monthly_breakdown": "{\"2025-02\": 1}"}}, {"type": "Feature", "geometry": {"type": "LineString", "coordinates": [[-9.1387544, 38.7088315], [-9.138785, 38.7089098], [-9.1388738, 38.7091376], [-9.1388899, 38.7091827], [-9.1388952, 38.709197399999994]]}, "properties": {"street_name": "Rua Nova do Almada", "municipio": "Lisboa", "count": 1, "top_infraction": "imbecis", "first_year": "2025", "last_year": "2025", "type_breakdown": "{\"imbecis\": 1}", "monthly_breakdown": "{\"2025-02\": 1}"}}, {"type": "Feature", "geometry": {"type": "LineString", "coordinates": [[-9.1275062, 38.71361879999999], [-9.127694, 38.7136383], [-9.1278788, 38.71363269999999], [-9.1279353, 38.71368869999999], [-9.1280102, 38.71372949999999], [-9.1280994, 38.7137781]]}, "properties": {"street_name": "Rua Cruz de Santa Helena", "municipio": "Lisboa", "count": 1, "top_infraction": "imbecis", "first_year": "2025", "last_year": "2025", "type_breakdown": "{\"imbecis\": 1}", "monthly_breakdown": "{\"2025-03\": 1}"}}, {"type": "Feature", "geometry": {"type": "LineString", "coordinates": [[-9.1297152, 38.71698510000001], [-9.1297735, 38.71710019999999], [-9.1298097, 38.7171716], [-9.1298152, 38.7171824], [-9.1298818, 38.717312500000006], [-9.1299261, 38.71740929999999], [-9.129937, 38.71743779999999], [-9.1299438, 38.7174619], [-9.1299477, 38.71748970000001], [-9.1299504, 38.717524]]}, "properties": {"street_name": "Largo da Graça", "municipio": "Lisboa", "count": 1, "top_infraction": "imbecis", "first_year": "2026", "last_year": "2026", "type_breakdown": "{\"imbecis\": 1}", "monthly_breakdown": "{\"2026-01\": 1}"}}, {"type": "Feature", "geometry": {"type": "LineString", "coordinates": [[-9.1297152, 38.71698510000001], [-9.1296794, 38.7169239], [-9.1293253, 38.71620299999999], [-9.1291583, 38.7158631]]}, "properties": {"street_name": "Rua da Voz do Operário", "municipio": "Lisboa", "count": 1, "top_infraction": "imbecis", "first_year": "2025", "last_year": "2025", "type_breakdown": "{\"imbecis\": 1}", "monthly_breakdown": "{\"2025-02\": 1}"}}, {"type": "Feature", "geometry": {"type": "LineString", "coordinates": [[-9.1291583, 38.7158631], [-9.1290626, 38.7156684], [-9.1287596, 38.7150435], [-9.1287435, 38.7150074], [-9.1287202, 38.714949], [-9.1287074, 38.7148895]]}, "properties": {"street_name": "Rua da Voz do Operário", "municipio": "Lisboa", "count": 2, "top_infraction": "imbecis", "first_year": "2025", "last_year": "2025", "type_breakdown": "{\"imbecis\": 2}", "monthly_breakdown": "{\"2025-02\": 1, \"2025-03\": 1}"}}, {"type": "Feature", "geometry": {"type": "LineString", "coordinates": [[-9.1312384, 38.71810090000001], [-9.1312626, 38.71801769999999], [-9.1312761, 38.7179796], [-9.1312965, 38.7179462], [-9.1313242, 38.7179161], [-9.1313583, 38.71789029999999], [-9.1313976, 38.7178696], [-9.1314411, 38.71785469999999], [-9.1314872, 38.71784590000001], [-9.1315347, 38.71784369999999], [-9.131582, 38.71784799999999], [-9.1316276, 38.717858799999995], [-9.13167, 38.7178758], [-9.1317079, 38.7178983], [-9.1317401, 38.7179257], [-9.1317661, 38.7179578], [-9.1318444, 38.718092699999985], [-9.1318648, 38.7181237], [-9.1318939, 38.718150099999995], [-9.1319303, 38.7181703], [-9.1319716, 38.7181832], [-9.1320157, 38.7181881], [-9.13206, 38.718184699999995], [-9.1324062, 38.71815499999999], [-9.1324681, 38.7181366], [-9.1326381, 38.71803969999999], [-9.1330951, 38.7178035]]}, "properties": {"street_name": "Calçada da Senhora do Monte", "municipio": "Lisboa", "count": 1, "top_infraction": "imbecis", "first_year": "2026", "last_year": "2026", "type_breakdown": "{\"imbecis\": 1}", "monthly_breakdown": "{\"2026-01\": 1}"}}, {"type": "Feature", "geometry": {"type": "LineString", "coordinates": [[-9.1330951, 38.7178035], [-9.1334039, 38.71764399999999]]}, "properties": {"street_name": "Calçada da Senhora do Monte", "municipio": "Lisboa", "count": 1, "top_infraction": "imbecis", "first_year": "2025", "last_year": "2025", "type_breakdown": "{\"imbecis\": 1}", "monthly_breakdown": "{\"2025-09\": 1}"}}, {"type": "Feature", "geometry": {"type": "LineString", "coordinates": [[-9.1330951, 38.7178035], [-9.133107500000001, 38.71782139999999], [-9.1331122, 38.71782840000001], [-9.1333372, 38.718162899999996], [-9.1340139, 38.718286299999995], [-9.1341046, 38.718259999999994]]}, "properties": {"street_name": "Travessa da Nazaré", "municipio": "Lisboa", "count": 3, "top_infraction": "imbecis", "first_year": "2025", "last_year": "2025", "type_breakdown": "{\"imbecis\": 3}", "monthly_breakdown": "{\"2025-12\": 1, \"2025-05\": 2}"}}, {"type": "Feature", "geometry": {"type": "LineString", "coordinates": [[-9.1881418, 38.7840661], [-9.1887009, 38.7841604], [-9.189018, 38.7842084]]}, "properties": {"street_name": "Rua Antero de Quental", "municipio": "Odivelas", "count": 1, "top_infraction": "imbecis", "first_year": "2024", "last_year": "2024", "type_breakdown": "{\"imbecis\": 1}", "monthly_breakdown": "{\"2024-03\": 1}"}}, {"type": "Feature", "geometry": {"type": "LineString", "coordinates": [[-9.144398, 38.718246400000005], [-9.1442993, 38.71813669999999], [-9.1439406, 38.7177259]]}, "properties": {"street_name": "Avenida da Liberdade", "municipio": "Lisboa", "count": 2, "top_infraction": "imbecis", "first_year": "2025", "last_year": "2026", "type_breakdown": "{\"imbecis\": 2}", "monthly_breakdown": "{\"2025-12\": 1, \"2026-01\": 1}"}}, {"type": "Feature", "geometry": {"type": "LineString", "coordinates": [[-9.1455064, 38.71908609999999], [-9.1452029, 38.71834479999999], [-9.1451749, 38.7182764]]}, "properties": {"street_name": "Travessa do Salitre", "municipio": "Lisboa", "count": 1, "top_infraction": "imbecis", "first_year": "2024", "last_year": "2024", "type_breakdown": "{\"imbecis\": 1}", "monthly_breakdown": "{\"2024-11\": 1}"}}, {"type": "Feature", "geometry": {"type": "LineString", "coordinates": [[-9.1455064, 38.71908609999999], [-9.1456019, 38.719075600000004], [-9.1459233, 38.71912189999999], [-9.146257, 38.71910340000001], [-9.146353, 38.7191386], [-9.146839, 38.7193345]]}, "properties": {"street_name": null, "municipio": "Lisboa", "count": 1, "top_infraction": "imbecis", "first_year": "2025", "last_year": "2025", "type_breakdown": "{\"imbecis\": 1}", "monthly_breakdown": "{\"2025-09\": 1}"}}, {"type": "Feature", "geometry": {"type": "LineString", "coordinates": [[-9.1329211, 38.73758429999999], [-9.1336365, 38.7375414], [-9.1337492, 38.73753419999999]]}, "properties": {"street_name": "Alameda Dom Afonso Henriques", "municipio": "Lisboa", "count": 1, "top_infraction": "imbecis", "first_year": "2024", "last_year": "2024", "type_breakdown": "{\"imbecis\": 1}", "monthly_breakdown": "{\"2024-12\": 1}"}}, {"type": "Feature", "geometry": {"type": "LineString", "coordinates": [[-9.132081, 38.7376351], [-9.1320785, 38.73772639999999], [-9.1320586, 38.73842909999999], [-9.1320557, 38.7385241]]}, "properties": {"street_name": "Rua Actor Isidoro", "municipio": "Lisboa", "count": 1, "top_infraction": "imbecis", "first_year": "2025", "last_year": "2025", "type_breakdown": "{\"imbecis\": 1}", "monthly_breakdown": "{\"2025-05\": 1}"}}, {"type": "Feature", "geometry": {"type": "LineString", "coordinates": [[-9.1423646, 38.7160588], [-9.1422251, 38.715889600000004], [-9.1421046, 38.7157542], [-9.1418432, 38.715460499999985], [-9.141696300000001, 38.715295399999995], [-9.141637, 38.715237], [-9.1416122, 38.715223200000004], [-9.1415692, 38.71520629999999], [-9.14147, 38.71520199999999], [-9.1413819, 38.71521039999999]]}, "properties": {"street_name": "Praça dos Restauradores", "municipio": "Lisboa", "count": 2, "top_infraction": "imbecis", "first_year": "2024", "last_year": "2025", "type_breakdown": "{\"imbecis\": 2}", "monthly_breakdown": "{\"2024-12\": 1, \"2025-07\": 1}"}}, {"type": "Feature", "geometry": {"type": "LineString", "coordinates": [[-9.1469377, 38.71591120000001], [-9.1472601, 38.71601029999999]]}, "properties": {"street_name": "Rua Dom Pedro V", "municipio": "Lisboa", "count": 1, "top_infraction": "imbecis", "first_year": "2026", "last_year": "2026", "type_breakdown": "{\"imbecis\": 1}", "monthly_breakdown": "{\"2026-03\": 1}"}}, {"type": "Feature", "geometry": {"type": "LineString", "coordinates": [[-9.1434987, 38.70671060000001], [-9.1434983, 38.70671629999999], [-9.1434922, 38.7068115], [-9.143486, 38.706868699999994], [-9.14346, 38.70708580000001], [-9.1434503, 38.70716060000001], [-9.143426, 38.7074017], [-9.1434067, 38.70749910000001], [-9.1433983, 38.707556099999984], [-9.1433932, 38.707591199999996], [-9.1433778, 38.70769690000001]]}, "properties": {"street_name": "Rua do Alecrim", "municipio": "Lisboa", "count": 1, "top_infraction": "imbecis", "first_year": "2025", "last_year": "2025", "type_breakdown": "{\"imbecis\": 1}", "monthly_breakdown": "{\"2025-03\": 1}"}}, {"type": "Feature", "geometry": {"type": "LineString", "coordinates": [[-9.1880486, 38.7824476], [-9.1879972, 38.7826532], [-9.1879463, 38.7828538], [-9.1878627, 38.7831856], [-9.1878349, 38.78329]]}, "properties": {"street_name": "Estrada da Paiã", "municipio": "Odivelas", "count": 1, "top_infraction": "imbecis", "first_year": "2024", "last_year": "2024", "type_breakdown": "{\"imbecis\": 1}", "monthly_breakdown": "{\"2024-03\": 1}"}}, {"type": "Feature", "geometry": {"type": "LineString", "coordinates": [[-9.1880486, 38.7824476], [-9.1879708, 38.7824124], [-9.1878892, 38.782382699999985], [-9.1878046, 38.7823587], [-9.1877176, 38.7823407]]}, "properties": {"street_name": null, "municipio": "Odivelas", "count": 1, "top_infraction": "imbecis", "first_year": "2024", "last_year": "2024", "type_breakdown": "{\"imbecis\": 1}", "monthly_breakdown": "{\"2024-03\": 1}"}}, {"type": "Feature", "geometry": {"type": "LineString", "coordinates": [[-9.1616462, 38.7209953], [-9.1615167, 38.7209726], [-9.1611143, 38.72087919999999], [-9.1610049, 38.72085390000001]]}, "properties": {"street_name": "Rua Joshua Benoliel", "municipio": "Lisboa", "count": 3, "top_infraction": "imbecis", "first_year": "2026", "last_year": "2026", "type_breakdown": "{\"imbecis\": 3}", "monthly_breakdown": "{\"2026-02\": 3}"}}, {"type": "Feature", "geometry": {"type": "LineString", "coordinates": [[-9.1593499, 38.7204618], [-9.1592169, 38.72043099999999], [-9.1591529, 38.720416199999995], [-9.1590409, 38.7203902], [-9.1589287, 38.7203643], [-9.1588153, 38.720342499999994]]}, "properties": {"street_name": "Rua Dom João V", "municipio": "Lisboa", "count": 1, "top_infraction": "imbecis", "first_year": "2024", "last_year": "2024", "type_breakdown": "{\"imbecis\": 1}", "monthly_breakdown": "{\"2024-07\": 1}"}}, {"type": "Feature", "geometry": {"type": "LineString", "coordinates": [[-9.1456634, 38.7361782], [-9.1456314, 38.7360503], [-9.1455214, 38.7355975], [-9.1455169, 38.735582400000006], [-9.1455098, 38.73556859999999], [-9.1455006, 38.73555609999998], [-9.1454885, 38.73554419999999], [-9.1454516, 38.7355108], [-9.145432100000003, 38.73549309999999]]}, "properties": {"street_name": "Avenida da República", "municipio": "Lisboa", "count": 1, "top_infraction": "imbecis", "first_year": "2024", "last_year": "2024", "type_breakdown": "{\"imbecis\": 1}", "monthly_breakdown": "{\"2024-12\": 1}"}}, {"type": "Feature", "geometry": {"type": "LineString", "coordinates": [[-9.1454884, 38.73509459999999], [-9.145444300000001, 38.73508739999999], [-9.1454117, 38.735073500000006], [-9.1453906, 38.73505519999999], [-9.1453812, 38.73502839999998], [-9.1452477, 38.73441269999999], [-9.1452137, 38.7342696], [-9.145189, 38.734168100000005]]}, "properties": {"street_name": "Avenida da República", "municipio": "Lisboa", "count": 2, "top_infraction": "imbecis", "first_year": "2024", "last_year": "2024", "type_breakdown": "{\"imbecis\": 2}", "monthly_breakdown": "{\"2024-12\": 2}"}}, {"type": "Feature", "geometry": {"type": "LineString", "coordinates": [[-9.136410500000002, 38.73647259999999], [-9.1363004, 38.73647939999999], [-9.136051, 38.7364951], [-9.1359903, 38.73649899999999], [-9.1345658, 38.7365889]]}, "properties": {"street_name": "Alameda Dom Afonso Henriques", "municipio": "Lisboa", "count": 1, "top_infraction": "imbecis", "first_year": "2026", "last_year": "2026", "type_breakdown": "{\"imbecis\": 1}", "monthly_breakdown": "{\"2026-04\": 1}"}}, {"type": "Feature", "geometry": {"type": "LineString", "coordinates": [[-9.1418637, 38.717817399999994], [-9.1424272, 38.7176379], [-9.1426534, 38.7175363], [-9.1427375, 38.7175304]]}, "properties": {"street_name": "Largo da Anunciada", "municipio": "Lisboa", "count": 1, "top_infraction": "imbecis", "first_year": "2026", "last_year": "2026", "type_breakdown": "{\"imbecis\": 1}", "monthly_breakdown": "{\"2026-02\": 1}"}}, {"type": "Feature", "geometry": {"type": "LineString", "coordinates": [[-9.1380957, 38.7133887], [-9.1382113, 38.71371229999998], [-9.1382793, 38.713886], [-9.1382279, 38.71390029999999], [-9.138046600000001, 38.713944], [-9.1378443, 38.7139921], [-9.1377282, 38.71401960000001]]}, "properties": {"street_name": "Praça da Figueira", "municipio": "Lisboa", "count": 2, "top_infraction": "imbecis", "first_year": "2025", "last_year": "2025", "type_breakdown": "{\"imbecis\": 2}", "monthly_breakdown": "{\"2025-11\": 2}"}}, {"type": "Feature", "geometry": {"type": "LineString", "coordinates": [[-9.1390636, 38.7440569], [-9.1389505, 38.74409479999999], [-9.1388926, 38.74411419999999], [-9.1387909, 38.7441482], [-9.137991800000002, 38.74441569999999], [-9.1378914, 38.74444729999999], [-9.137817, 38.74447199999999], [-9.1378107, 38.7444741], [-9.137735, 38.744499000000005]]}, "properties": {"street_name": "Rua Edison", "municipio": "Lisboa", "count": 1, "top_infraction": "imbecis", "first_year": "2024", "last_year": "2024", "type_breakdown": "{\"imbecis\": 1}", "monthly_breakdown": "{\"2024-03\": 1}"}}, {"type": "Feature", "geometry": {"type": "LineString", "coordinates": [[-9.1480799, 38.722466499999996], [-9.1479868, 38.7223598], [-9.1476186, 38.721938], [-9.147598, 38.72191399999999], [-9.1474941, 38.72179409999999]]}, "properties": {"street_name": "Avenida da Liberdade", "municipio": "Lisboa", "count": 3, "top_infraction": "imbecis", "first_year": "2026", "last_year": "2026", "type_breakdown": "{\"imbecis\": 3}", "monthly_breakdown": "{\"2026-02\": 3}"}}, {"type": "Feature", "geometry": {"type": "LineString", "coordinates": [[-9.1474941, 38.72179409999999], [-9.1473904, 38.72167559999999], [-9.1467493, 38.72093799999999]]}, "properties": {"street_name": "Avenida da Liberdade", "municipio": "Lisboa", "count": 1, "top_infraction": "imbecis", "first_year": "2026", "last_year": "2026", "type_breakdown": "{\"imbecis\": 1}", "monthly_breakdown": "{\"2026-03\": 1}"}}, {"type": "Feature", "geometry": {"type": "LineString", "coordinates": [[-9.1507406, 38.71985639999998], [-9.1509045, 38.7197137], [-9.1509744, 38.71965380000001], [-9.1509961, 38.71963519999999], [-9.1513941, 38.7192943], [-9.151597, 38.7191206], [-9.1516244, 38.7190971], [-9.1517714, 38.71897109999999], [-9.152201, 38.718603099999996], [-9.1523641, 38.71846339999999], [-9.1524514, 38.7183557], [-9.152461600000002, 38.71834319999999]]}, "properties": {"street_name": "Rua Nova de São Mamede", "municipio": "Lisboa", "count": 1, "top_infraction": "imbecis", "first_year": "2025", "last_year": "2025", "type_breakdown": "{\"imbecis\": 1}", "monthly_breakdown": "{\"2025-02\": 1}"}}, {"type": "Feature", "geometry": {"type": "LineString", "coordinates": [[-9.1504199, 38.7479529], [-9.1503894, 38.74784120000001], [-9.1501851, 38.7469508], [-9.1499424, 38.7458989], [-9.1498987, 38.7457567], [-9.1498956, 38.74574340000001]]}, "properties": {"street_name": "Avenida 5 de Outubro", "municipio": "Lisboa", "count": 2, "top_infraction": "imbecis", "first_year": "2025", "last_year": "2025", "type_breakdown": "{\"imbecis\": 2}", "monthly_breakdown": "{\"2025-01\": 1, \"2025-03\": 1}"}}, {"type": "Feature", "geometry": {"type": "LineString", "coordinates": [[-9.1605071, 38.71788970000001], [-9.1599897, 38.7177889], [-9.1597355, 38.717764], [-9.1596773, 38.7177438], [-9.1596306, 38.71770969999999], [-9.1595605, 38.7176308], [-9.1595269, 38.71759389999998], [-9.1594984, 38.71755300000002]]}, "properties": {"street_name": "Rua do Cabo", "municipio": "Lisboa", "count": 1, "top_infraction": "imbecis", "first_year": "2024", "last_year": "2024", "type_breakdown": "{\"imbecis\": 1}", "monthly_breakdown": "{\"2024-04\": 1}"}}, {"type": "Feature", "geometry": {"type": "LineString", "coordinates": [[-9.145256, 38.710739999999994], [-9.1452564, 38.7107269], [-9.1452573, 38.7106968], [-9.1452733, 38.7101469], [-9.1452769, 38.7100893]]}, "properties": {"street_name": "Rua das Chagas", "municipio": "Lisboa", "count": 2, "top_infraction": "imbecis", "first_year": "2024", "last_year": "2024", "type_breakdown": "{\"imbecis\": 2}", "monthly_breakdown": "{\"2024-03\": 2}"}}, {"type": "Feature", "geometry": {"type": "LineString", "coordinates": [[-9.1433778, 38.70769690000001], [-9.1433717, 38.707739600000004], [-9.1433371, 38.7080138], [-9.1432654, 38.7085831]]}, "properties": {"street_name": "Rua do Alecrim", "municipio": "Lisboa", "count": 1, "top_infraction": "imbecis", "first_year": "2025", "last_year": "2025", "type_breakdown": "{\"imbecis\": 1}", "monthly_breakdown": "{\"2025-01\": 1}"}}, {"type": "Feature", "geometry": {"type": "LineString", "coordinates": [[-9.1448346, 38.7180227], [-9.1448576, 38.7180562], [-9.1449013, 38.7180994], [-9.1449542, 38.7181381], [-9.1450141, 38.71816849999999], [-9.1450797, 38.718190799999995], [-9.1451837, 38.718217599999996]]}, "properties": {"street_name": "Praça da Alegria", "municipio": "Lisboa", "count": 3, "top_infraction": "imbecis", "first_year": "2025", "last_year": "2025", "type_breakdown": "{\"imbecis\": 3}", "monthly_breakdown": "{\"2025-12\": 1, \"2025-05\": 1, \"2025-10\": 1}"}}, {"type": "Feature", "geometry": {"type": "LineString", "coordinates": [[-9.1441203, 38.7167674], [-9.1440014, 38.7166857]]}, "properties": {"street_name": "Rua da Glória", "municipio": "Lisboa", "count": 11, "top_infraction": "imbecis", "first_year": "2025", "last_year": "2026", "type_breakdown": "{\"imbecis\": 11}", "monthly_breakdown": "{\"2026-02\": 3, \"2025-11\": 2, \"2025-03\": 1, \"2025-04\": 1, \"2026-01\": 3, \"2025-12\": 1}"}}, {"type": "Feature", "geometry": {"type": "LineString", "coordinates": [[-9.145861, 38.71795569999998], [-9.1459603, 38.71791820000001], [-9.1460094, 38.7178913], [-9.1463045, 38.71770529999999]]}, "properties": {"street_name": "Rua da Alegria", "municipio": "Lisboa", "count": 7, "top_infraction": "imbecis", "first_year": "2024", "last_year": "2026", "type_breakdown": "{\"imbecis\": 7}", "monthly_breakdown": "{\"2025-11\": 1, \"2026-03\": 1, \"2025-10\": 3, \"2024-12\": 1, \"2026-01\": 1}"}}, {"type": "Feature", "geometry": {"type": "LineString", "coordinates": [[-9.145861, 38.71795569999998], [-9.1457498, 38.7178806], [-9.1455692, 38.7177588], [-9.1451699, 38.71748929999999]]}, "properties": {"street_name": "Praça da Alegria", "municipio": "Lisboa", "count": 8, "top_infraction": "imbecis", "first_year": "2025", "last_year": "2026", "type_breakdown": "{\"imbecis\": 8}", "monthly_breakdown": "{\"2025-02\": 4, \"2025-10\": 2, \"2025-11\": 1, \"2026-03\": 1}"}}, {"type": "Feature", "geometry": {"type": "LineString", "coordinates": [[-9.1449494, 38.7173282], [-9.1449029, 38.717346899999995], [-9.1447384, 38.717411699999985], [-9.1439996, 38.717702700000004], [-9.1439406, 38.7177259]]}, "properties": {"street_name": "Rua da Conceição da Glória", "municipio": "Lisboa", "count": 4, "top_infraction": "imbecis", "first_year": "2025", "last_year": "2026", "type_breakdown": "{\"imbecis\": 4}", "monthly_breakdown": "{\"2026-02\": 1, \"2025-02\": 1, \"2025-12\": 1, \"2026-01\": 1}"}}, {"type": "Feature", "geometry": {"type": "LineString", "coordinates": [[-9.1429955, 38.715961099999994], [-9.1430013, 38.71596589999999], [-9.1436311, 38.71644229999998], [-9.143977, 38.71666989999999], [-9.1440014, 38.7166857]]}, "properties": {"street_name": "Rua da Glória", "municipio": "Lisboa", "count": 30, "top_infraction": "imbecis", "first_year": "2024", "last_year": "2026", "type_breakdown": "{\"imbecis\": 30}", "monthly_breakdown": "{\"2025-04\": 4, \"2026-02\": 2, \"2024-12\": 9, \"2025-11\": 5, \"2025-12\": 6, \"2026-01\": 1, \"2025-02\": 2, \"2025-10\": 1}"}}, {"type": "Feature", "geometry": {"type": "LineString", "coordinates": [[-9.1500191, 38.7173377], [-9.1494468, 38.717188099999994]]}, "properties": {"street_name": "Rua da Escola Politécnica", "municipio": "Lisboa", "count": 1, "top_infraction": "imbecis", "first_year": "2025", "last_year": "2025", "type_breakdown": "{\"imbecis\": 1}", "monthly_breakdown": "{\"2025-02\": 1}"}}, {"type": "Feature", "geometry": {"type": "LineString", "coordinates": [[-9.1414078, 38.73421929999999], [-9.1413885, 38.734133599999986], [-9.1411638, 38.7330641], [-9.1411428, 38.7329643]]}, "properties": {"street_name": "Rua de Dona Estefânia", "municipio": "Lisboa", "count": 1, "top_infraction": "imbecis", "first_year": "2025", "last_year": "2025", "type_breakdown": "{\"imbecis\": 1}", "monthly_breakdown": "{\"2025-02\": 1}"}}, {"type": "Feature", "geometry": {"type": "LineString", "coordinates": [[-9.1377395, 38.7333741], [-9.1377921, 38.7333119], [-9.1381749, 38.7328993], [-9.1382791, 38.73279529999999], [-9.1383592, 38.7327678]]}, "properties": {"street_name": "Rua de Ponta Delgada", "municipio": "Lisboa", "count": 1, "top_infraction": "imbecis", "first_year": "2025", "last_year": "2025", "type_breakdown": "{\"imbecis\": 1}", "monthly_breakdown": "{\"2025-11\": 1}"}}, {"type": "Feature", "geometry": {"type": "LineString", "coordinates": [[-9.1440855, 38.7142406], [-9.1440755, 38.7142572], [-9.1440599, 38.7142912], [-9.1438712, 38.7146739], [-9.1437335, 38.71494669999999], [-9.1437233, 38.71498079999999], [-9.1437208, 38.71501620000001], [-9.1437287, 38.715040400000014], [-9.1441735, 38.7158086], [-9.1442501, 38.7158659], [-9.1447393, 38.716234299999996], [-9.1452691, 38.71662779999999], [-9.1453349, 38.71667659999999], [-9.1457049, 38.7167289]]}, "properties": {"street_name": "Rua das Taipas", "municipio": "Lisboa", "count": 8, "top_infraction": "imbecis", "first_year": "2024", "last_year": "2026", "type_breakdown": "{\"imbecis\": 8}", "monthly_breakdown": "{\"2026-03\": 1, \"2024-12\": 2, \"2025-11\": 1, \"2026-01\": 2, \"2025-03\": 1, \"2025-02\": 1}"}}, {"type": "Feature", "geometry": {"type": "LineString", "coordinates": [[-9.1457049, 38.7167289], [-9.1457605, 38.716732799999996], [-9.1458887, 38.716768900000005], [-9.1460098, 38.716851399999996]]}, "properties": {"street_name": "Rua das Taipas", "municipio": "Lisboa", "count": 4, "top_infraction": "imbecis", "first_year": "2024", "last_year": "2025", "type_breakdown": "{\"imbecis\": 4}", "monthly_breakdown": "{\"2025-02\": 1, \"2025-12\": 1, \"2024-12\": 1, \"2024-10\": 1}"}}, {"type": "Feature", "geometry": {"type": "LineString", "coordinates": [[-9.1457049, 38.7167289], [-9.1459509, 38.71697939999999], [-9.1455077, 38.71713249999999]]}, "properties": {"street_name": "Rua da Conceição da Glória", "municipio": "Lisboa", "count": 3, "top_infraction": "imbecis", "first_year": "2024", "last_year": "2026", "type_breakdown": "{\"imbecis\": 3}", "monthly_breakdown": "{\"2024-12\": 1, \"2026-01\": 1, \"2025-10\": 1}"}}, {"type": "Feature", "geometry": {"type": "LineString", "coordinates": [[-9.1460098, 38.716851399999996], [-9.1460727, 38.716894299999986], [-9.1463195, 38.7170478], [-9.1463692, 38.717078699999995], [-9.1466852, 38.717275199999996], [-9.1467379, 38.717318]]}, "properties": {"street_name": "Travessa do Rosário", "municipio": "Lisboa", "count": 17, "top_infraction": "imbecis", "first_year": "2024", "last_year": "2025", "type_breakdown": "{\"imbecis\": 17}", "monthly_breakdown": "{\"2025-11\": 6, \"2025-12\": 5, \"2024-11\": 2, \"2025-10\": 3, \"2024-12\": 1}"}}, {"type": "Feature", "geometry": {"type": "LineString", "coordinates": [[-9.1476795, 38.71626039999999], [-9.147693, 38.7162519], [-9.1477379, 38.7162226], [-9.1477734, 38.7161979], [-9.1478502, 38.7161403]]}, "properties": {"street_name": "Praça do Príncipe Real", "municipio": "Lisboa", "count": 1, "top_infraction": "imbecis", "first_year": "2025", "last_year": "2025", "type_breakdown": "{\"imbecis\": 1}", "monthly_breakdown": "{\"2025-12\": 1}"}}, {"type": "Feature", "geometry": {"type": "LineString", "coordinates": [[-9.1476795, 38.71626039999999], [-9.1476666, 38.7162682], [-9.1476215, 38.7162931], [-9.147598500000003, 38.7163108], [-9.1474555, 38.7164211], [-9.1472998, 38.7163759]]}, "properties": {"street_name": "Rua da Mãe D'Água", "municipio": "Lisboa", "count": 1, "top_infraction": "imbecis", "first_year": "2025", "last_year": "2025", "type_breakdown": "{\"imbecis\": 1}", "monthly_breakdown": "{\"2025-12\": 1}"}}, {"type": "Feature", "geometry": {"type": "LineString", "coordinates": [[-9.1476795, 38.71626039999999], [-9.1476154, 38.7162084], [-9.1475029, 38.71612679999999], [-9.147425200000002, 38.7160809], [-9.1473445, 38.716044799999985], [-9.1472601, 38.71601029999999]]}, "properties": {"street_name": "Rua Dom Pedro V", "municipio": "Lisboa", "count": 9, "top_infraction": "imbecis", "first_year": "2025", "last_year": "2026", "type_breakdown": "{\"imbecis\": 9}", "monthly_breakdown": "{\"2025-09\": 2, \"2026-03\": 2, \"2026-01\": 2, \"2025-12\": 2, \"2025-03\": 1}"}}, {"type": "Feature", "geometry": {"type": "LineString", "coordinates": [[-9.1455077, 38.71713249999999], [-9.1450026, 38.7173069], [-9.1449494, 38.7173282]]}, "properties": {"street_name": "Rua da Conceição da Glória", "municipio": "Lisboa", "count": 2, "top_infraction": "imbecis", "first_year": "2024", "last_year": "2025", "type_breakdown": "{\"imbecis\": 2}", "monthly_breakdown": "{\"2024-12\": 1, \"2025-06\": 1}"}}, {"type": "Feature", "geometry": {"type": "LineString", "coordinates": [[-9.1455077, 38.71713249999999], [-9.1443778, 38.716330299999996], [-9.1441085, 38.7163103]]}, "properties": {"street_name": "['Travessa do Fala-Só', 'Rua de Santo António da Glória']", "municipio": "Lisboa", "count": 5, "top_infraction": "imbecis", "first_year": "2025", "last_year": "2026", "type_breakdown": "{\"imbecis\": 5}", "monthly_breakdown": "{\"2026-01\": 3, \"2025-04\": 2}"}}, {"type": "Feature", "geometry": {"type": "LineString", "coordinates": [[-9.1455077, 38.71713249999999], [-9.1455397, 38.71715580000001], [-9.1459063, 38.717422500000005], [-9.1463045, 38.71770529999999]]}, "properties": {"street_name": "Rua de Santo António da Glória", "municipio": "Lisboa", "count": 5, "top_infraction": "imbecis", "first_year": "2025", "last_year": "2025", "type_breakdown": "{\"imbecis\": 5}", "monthly_breakdown": "{\"2025-10\": 2, \"2025-09\": 1, \"2025-04\": 1, \"2025-02\": 1}"}}, {"type": "Feature", "geometry": {"type": "LineString", "coordinates": [[-9.1472074, 38.71683430000001], [-9.1470697, 38.71682099999999], [-9.1468969, 38.7167145], [-9.1464468, 38.71680820000002], [-9.1460098, 38.716851399999996]]}, "properties": {"street_name": "Travessa da Conceição da Glória", "municipio": "Lisboa", "count": 24, "top_infraction": "imbecis", "first_year": "2024", "last_year": "2026", "type_breakdown": "{\"imbecis\": 24}", "monthly_breakdown": "{\"2025-10\": 7, \"2025-12\": 10, \"2025-09\": 1, \"2024-10\": 1, \"2025-02\": 1, \"2026-01\": 1, \"2026-03\": 1, \"2025-03\": 1, \"2024-11\": 1}"}}, {"type": "Feature", "geometry": {"type": "LineString", "coordinates": [[-9.1472074, 38.71683430000001], [-9.147312, 38.716676699999994], [-9.1473752, 38.7166981], [-9.1481423, 38.7169559], [-9.1483045, 38.716737], [-9.1483465, 38.7166804], [-9.1483545, 38.7166695]]}, "properties": {"street_name": "Calçada da Patriarcal", "municipio": "Lisboa", "count": 2, "top_infraction": "imbecis", "first_year": "2025", "last_year": "2025", "type_breakdown": "{\"imbecis\": 2}", "monthly_breakdown": "{\"2025-03\": 1, \"2025-02\": 1}"}}, {"type": "Feature", "geometry": {"type": "LineString", "coordinates": [[-9.1464981, 38.71758340000002], [-9.1465855, 38.7175927], [-9.1471984, 38.717617299999986]]}, "properties": {"street_name": "Rua da Alegria", "municipio": "Lisboa", "count": 2, "top_infraction": "imbecis", "first_year": "2024", "last_year": "2024", "type_breakdown": "{\"imbecis\": 2}", "monthly_breakdown": "{\"2024-11\": 2}"}}, {"type": "Feature", "geometry": {"type": "LineString", "coordinates": [[-9.1464981, 38.71758340000002], [-9.1467024, 38.71735910000001], [-9.1467379, 38.717318]]}, "properties": {"street_name": "Rua da Mãe d'Água", "municipio": "Lisboa", "count": 8, "top_infraction": "imbecis", "first_year": "2024", "last_year": "2026", "type_breakdown": "{\"imbecis\": 8}", "monthly_breakdown": "{\"2024-12\": 2, \"2025-12\": 3, \"2026-04\": 1, \"2025-11\": 1, \"2025-05\": 1}"}}, {"type": "Feature", "geometry": {"type": "LineString", "coordinates": [[-9.1451837, 38.718217599999996], [-9.145219, 38.718217900000006], [-9.1452542, 38.718215799999996], [-9.1453148, 38.7182063], [-9.1453727, 38.71818960000001], [-9.1454267, 38.7181662], [-9.145861, 38.71795569999998]]}, "properties": {"street_name": "Praça da Alegria", "municipio": "Lisboa", "count": 7, "top_infraction": "imbecis", "first_year": "2025", "last_year": "2026", "type_breakdown": "{\"imbecis\": 7}", "monthly_breakdown": "{\"2025-12\": 2, \"2025-09\": 3, \"2026-03\": 1, \"2025-02\": 1}"}}, {"type": "Feature", "geometry": {"type": "LineString", "coordinates": [[-9.1451749, 38.7182764], [-9.1450872, 38.71830349999999], [-9.1450538, 38.71831069999999], [-9.1450191, 38.718309600000005], [-9.1449866, 38.7183002], [-9.1449594, 38.7182834], [-9.1449067, 38.718243400000006]]}, "properties": {"street_name": null, "municipio": "Lisboa", "count": 2, "top_infraction": "imbecis", "first_year": "2025", "last_year": "2025", "type_breakdown": "{\"imbecis\": 2}", "monthly_breakdown": "{\"2025-12\": 2}"}}, {"type": "Feature", "geometry": {"type": "LineString", "coordinates": [[-9.1448326, 38.71772419999999], [-9.144805400000001, 38.7177781], [-9.1447906, 38.7178349], [-9.1447886, 38.7178928], [-9.1447993, 38.717950099999996], [-9.1448226, 38.71800519999999], [-9.1448346, 38.7180227]]}, "properties": {"street_name": "Praça da Alegria", "municipio": "Lisboa", "count": 1, "top_infraction": "imbecis", "first_year": "2026", "last_year": "2026", "type_breakdown": "{\"imbecis\": 1}", "monthly_breakdown": "{\"2026-01\": 1}"}}, {"type": "Feature", "geometry": {"type": "LineString", "coordinates": [[-9.1451699, 38.71748929999999], [-9.1451, 38.71752769999999], [-9.144976, 38.7175959], [-9.1449201, 38.71763109999999], [-9.1448711, 38.717674699999996], [-9.1448326, 38.71772419999999]]}, "properties": {"street_name": "Praça da Alegria", "municipio": "Lisboa", "count": 2, "top_infraction": "imbecis", "first_year": "2024", "last_year": "2026", "type_breakdown": "{\"imbecis\": 2}", "monthly_breakdown": "{\"2026-03\": 1, \"2024-12\": 1}"}}, {"type": "Feature", "geometry": {"type": "LineString", "coordinates": [[-9.1494468, 38.717188099999994], [-9.1492459, 38.7171077], [-9.1491635, 38.7170636]]}, "properties": {"street_name": "Rua da Escola Politécnica", "municipio": "Lisboa", "count": 1, "top_infraction": "imbecis", "first_year": "2025", "last_year": "2025", "type_breakdown": "{\"imbecis\": 1}", "monthly_breakdown": "{\"2025-02\": 1}"}}, {"type": "Feature", "geometry": {"type": "LineString", "coordinates": [[-9.1514797, 38.71772579999999], [-9.151379000000002, 38.71769], [-9.1512858, 38.71766480000001], [-9.151174000000001, 38.717634799999985]]}, "properties": {"street_name": "Rua da Escola Politécnica", "municipio": "Lisboa", "count": 1, "top_infraction": "imbecis", "first_year": "2025", "last_year": "2025", "type_breakdown": "{\"imbecis\": 1}", "monthly_breakdown": "{\"2025-03\": 1}"}}, {"type": "Feature", "geometry": {"type": "LineString", "coordinates": [[-9.1532057, 38.71633359999999], [-9.1526649, 38.71676930000001]]}, "properties": {"street_name": "Rua da Imprensa Nacional", "municipio": "Lisboa", "count": 1, "top_infraction": "imbecis", "first_year": "2026", "last_year": "2026", "type_breakdown": "{\"imbecis\": 1}", "monthly_breakdown": "{\"2026-01\": 1}"}}, {"type": "Feature", "geometry": {"type": "LineString", "coordinates": [[-9.1490896, 38.7150739], [-9.148953500000001, 38.7152209], [-9.1486548, 38.71555010000001]]}, "properties": {"street_name": "Rua da Palmeira", "municipio": "Lisboa", "count": 1, "top_infraction": "imbecis", "first_year": "2025", "last_year": "2025", "type_breakdown": "{\"imbecis\": 1}", "monthly_breakdown": "{\"2025-03\": 1}"}}, {"type": "Feature", "geometry": {"type": "LineString", "coordinates": [[-9.1406038, 38.74349449999999], [-9.1398641, 38.7437428], [-9.1397364, 38.7438317]]}, "properties": {"street_name": "Avenida Óscar Monteiro Torres", "municipio": "Lisboa", "count": 1, "top_infraction": "imbecis", "first_year": "2024", "last_year": "2024", "type_breakdown": "{\"imbecis\": 1}", "monthly_breakdown": "{\"2024-03\": 1}"}}, {"type": "Feature", "geometry": {"type": "LineString", "coordinates": [[-9.1452325, 38.7447143], [-9.1448184, 38.744159], [-9.1446457, 38.7438272], [-9.1445599, 38.7436623]]}, "properties": {"street_name": "Rua de Entrecampos", "municipio": "Lisboa", "count": 1, "top_infraction": "imbecis", "first_year": "2024", "last_year": "2024", "type_breakdown": "{\"imbecis\": 1}", "monthly_breakdown": "{\"2024-03\": 1}"}}, {"type": "Feature", "geometry": {"type": "LineString", "coordinates": [[-9.1458137, 38.743476199999996], [-9.1457054, 38.74349159999999], [-9.1454892, 38.7435238], [-9.1450884, 38.7435835], [-9.1447442, 38.7436348], [-9.1447049, 38.74364070000001]]}, "properties": {"street_name": "Campo Pequeno", "municipio": "Lisboa", "count": 2, "top_infraction": "imbecis", "first_year": "2025", "last_year": "2025", "type_breakdown": "{\"imbecis\": 2}", "monthly_breakdown": "{\"2025-06\": 2}"}}, {"type": "Feature", "geometry": {"type": "LineString", "coordinates": [[-9.1459083, 38.73719560000001], [-9.1458738, 38.7370529], [-9.1456874, 38.7362829], [-9.1456634, 38.7361782]]}, "properties": {"street_name": "Avenida da República", "municipio": "Lisboa", "count": 1, "top_infraction": "imbecis", "first_year": "2024", "last_year": "2024", "type_breakdown": "{\"imbecis\": 1}", "monthly_breakdown": "{\"2024-12\": 1}"}}, {"type": "Feature", "geometry": {"type": "LineString", "coordinates": [[-9.1494447, 38.751964199999996], [-9.1494913, 38.7522107], [-9.1495215, 38.752370099999986], [-9.149743400000002, 38.752778199999995], [-9.150486, 38.754144000000004], [-9.1506487, 38.7540857]]}, "properties": {"street_name": null, "municipio": "Lisboa", "count": 3, "top_infraction": "imbecis", "first_year": "2025", "last_year": "2025", "type_breakdown": "{\"imbecis\": 3}", "monthly_breakdown": "{\"2025-01\": 3}"}}, {"type": "Feature", "geometry": {"type": "LineString", "coordinates": [[-9.1427375, 38.7175304], [-9.1427915, 38.7175913], [-9.1432604, 38.7181287], [-9.1436097, 38.718529], [-9.1436936, 38.718625199999984]]}, "properties": {"street_name": "Avenida da Liberdade", "municipio": "Lisboa", "count": 3, "top_infraction": "imbecis", "first_year": "2025", "last_year": "2026", "type_breakdown": "{\"imbecis\": 3}", "monthly_breakdown": "{\"2025-09\": 1, \"2025-11\": 1, \"2026-01\": 1}"}}, {"type": "Feature", "geometry": {"type": "LineString", "coordinates": [[-9.1495092, 38.73666969999999], [-9.1496451, 38.7366495], [-9.1502179, 38.7365646]]}, "properties": {"street_name": "Avenida Miguel Bombarda", "municipio": "Lisboa", "count": 1, "top_infraction": "imbecis", "first_year": "2024", "last_year": "2024", "type_breakdown": "{\"imbecis\": 1}", "monthly_breakdown": "{\"2024-12\": 1}"}}, {"type": "Feature", "geometry": {"type": "LineString", "coordinates": [[-9.1722564, 38.75081599999999], [-9.1722553, 38.7509325], [-9.1722543, 38.751260699999996], [-9.1722509, 38.75235940000001], [-9.1722536, 38.752407]]}, "properties": {"street_name": "Rua Virgílio Correia", "municipio": "Lisboa", "count": 2, "top_infraction": "imbecis", "first_year": "2026", "last_year": "2026", "type_breakdown": "{\"imbecis\": 2}", "monthly_breakdown": "{\"2026-04\": 2}"}}, {"type": "Feature", "geometry": {"type": "LineString", "coordinates": [[-9.1427231, 38.71274699999999], [-9.1427511, 38.7128262], [-9.142789600000002, 38.71299069999999], [-9.1428083, 38.7130439], [-9.1428346, 38.7130491], [-9.1428609, 38.713047100000004], [-9.1431779, 38.7129948], [-9.1432604, 38.7129813], [-9.1432804, 38.7129783]]}, "properties": {"street_name": "['Largo Trindade Coelho', 'Rua Nova da Trindade']", "municipio": "Lisboa", "count": 1, "top_infraction": "imbecis", "first_year": "2024", "last_year": "2024", "type_breakdown": "{\"imbecis\": 1}", "monthly_breakdown": "{\"2024-10\": 1}"}}, {"type": "Feature", "geometry": {"type": "LineString", "coordinates": [[-9.121734200000002, 38.7444347], [-9.1218592, 38.7443739], [-9.1219158, 38.7443695], [-9.1219762, 38.7443687], [-9.1220911, 38.7443687], [-9.1221416, 38.74438450000001], [-9.1221984, 38.7444022], [-9.122295, 38.74446909999999], [-9.1224345, 38.7446114], [-9.1226357, 38.74480580000001], [-9.1226876, 38.7448561], [-9.1229065, 38.7451385], [-9.122998, 38.74524139999998], [-9.123102, 38.7453379], [-9.1231157, 38.745351899999996], [-9.1235395, 38.745699200000004], [-9.1238533, 38.7459105], [-9.124174, 38.74608649999999], [-9.1242688, 38.7459525], [-9.1243815, 38.7458374], [-9.1244432, 38.7457913], [-9.1245129, 38.7457537], [-9.1245499, 38.7457414], [-9.1247007, 38.74570039999999], [-9.1248321, 38.745684699999984], [-9.1250238, 38.7460059], [-9.1250699, 38.7460867], [-9.125199, 38.746074899999996]]}, "properties": {"street_name": "Acesso à Azinhaga do Pombeiro", "municipio": "Lisboa", "count": 2, "top_infraction": "imbecis", "first_year": "2024", "last_year": "2024", "type_breakdown": "{\"imbecis\": 2}", "monthly_breakdown": "{\"2024-12\": 2}"}}, {"type": "Feature", "geometry": {"type": "LineString", "coordinates": [[-9.1184639, 38.7427392], [-9.118463300000002, 38.742799699999985], [-9.1184627, 38.7430732], [-9.1184624, 38.7438682], [-9.1184609, 38.743974699999995]]}, "properties": {"street_name": "Avenida Vergílio Ferreira", "municipio": "Lisboa", "count": 1, "top_infraction": "imbecis", "first_year": "2025", "last_year": "2025", "type_breakdown": "{\"imbecis\": 1}", "monthly_breakdown": "{\"2025-11\": 1}"}}, {"type": "Feature", "geometry": {"type": "LineString", "coordinates": [[-9.1127092, 38.733684999999994], [-9.1126929, 38.7338461], [-9.1126885, 38.733890099999996], [-9.112681, 38.7339649], [-9.1126743, 38.734031300000005], [-9.1126682, 38.73409129999999], [-9.1126536, 38.7342361]]}, "properties": {"street_name": "Rua José da Bateira", "municipio": "Lisboa", "count": 1, "top_infraction": "imbecis", "first_year": "2024", "last_year": "2024", "type_breakdown": "{\"imbecis\": 1}", "monthly_breakdown": "{\"2024-08\": 1}"}}, {"type": "Feature", "geometry": {"type": "LineString", "coordinates": [[-9.1121485, 38.74302900000001], [-9.1122234, 38.742993299999995], [-9.1122995, 38.74295039999999], [-9.112395, 38.7428891]]}, "properties": {"street_name": "Avenida Paulo VI", "municipio": "Lisboa", "count": 1, "top_infraction": "imbecis", "first_year": "2026", "last_year": "2026", "type_breakdown": "{\"imbecis\": 1}", "monthly_breakdown": "{\"2026-04\": 1}"}}, {"type": "Feature", "geometry": {"type": "LineString", "coordinates": [[-9.1086692, 38.7469235], [-9.1086705, 38.746935099999995], [-9.1086698, 38.74694529999999], [-9.1086678, 38.74695309999999], [-9.1086546, 38.746981999999996], [-9.1086119, 38.747056799999996], [-9.1085823, 38.74709960000001], [-9.108553500000001, 38.74713009999999], [-9.108521000000001, 38.74715530000001], [-9.1084948, 38.7471696], [-9.1084492, 38.7471848]]}, "properties": {"street_name": "Rua Sousa Bastos", "municipio": "Lisboa", "count": 1, "top_infraction": "imbecis", "first_year": "2026", "last_year": "2026", "type_breakdown": "{\"imbecis\": 1}", "monthly_breakdown": "{\"2026-04\": 1}"}}, {"type": "Feature", "geometry": {"type": "LineString", "coordinates": [[-9.1085823, 38.7487796], [-9.108289, 38.7490007]]}, "properties": {"street_name": "Rua Ernesto Rodrigues", "municipio": "Lisboa", "count": 1, "top_infraction": "imbecis", "first_year": "2026", "last_year": "2026", "type_breakdown": "{\"imbecis\": 1}", "monthly_breakdown": "{\"2026-04\": 1}"}}, {"type": "Feature", "geometry": {"type": "LineString", "coordinates": [[-9.1113822, 38.7399757], [-9.1105305, 38.740066], [-9.1103435, 38.74008560000001], [-9.110199600000001, 38.74010739999999], [-9.1101039, 38.740129900000014], [-9.1100236, 38.740154399999994]]}, "properties": {"street_name": "Rua António Gedeão", "municipio": "Lisboa", "count": 1, "top_infraction": "imbecis", "first_year": "2026", "last_year": "2026", "type_breakdown": "{\"imbecis\": 1}", "monthly_breakdown": "{\"2026-04\": 1}"}}, {"type": "Feature", "geometry": {"type": "LineString", "coordinates": [[-9.1091078, 38.7406275], [-9.1093207, 38.74090339999999], [-9.1093332, 38.74093309999999], [-9.1093368, 38.74096039999999]]}, "properties": {"street_name": "Rua Eduarda Lapa", "municipio": "Lisboa", "count": 1, "top_infraction": "imbecis", "first_year": "2026", "last_year": "2026", "type_breakdown": "{\"imbecis\": 1}", "monthly_breakdown": "{\"2026-04\": 1}"}}, {"type": "Feature", "geometry": {"type": "LineString", "coordinates": [[-9.115181, 38.76783089999999], [-9.1151879, 38.7677692], [-9.1151425, 38.767503600000005], [-9.1150917, 38.7674442], [-9.1148175, 38.7674193]]}, "properties": {"street_name": null, "municipio": "Lisboa", "count": 1, "top_infraction": "imbecis", "first_year": "2025", "last_year": "2025", "type_breakdown": "{\"imbecis\": 1}", "monthly_breakdown": "{\"2025-10\": 1}"}}, {"type": "Feature", "geometry": {"type": "LineString", "coordinates": [[-9.1137491, 38.767690399999985], [-9.113507, 38.7676635]]}, "properties": {"street_name": "Rua Cidade de Nova Lisboa", "municipio": "Lisboa", "count": 1, "top_infraction": "imbecis", "first_year": "2025", "last_year": "2025", "type_breakdown": "{\"imbecis\": 1}", "monthly_breakdown": "{\"2025-01\": 1}"}}, {"type": "Feature", "geometry": {"type": "LineString", "coordinates": [[-9.1264983, 38.764280299999996], [-9.1262979, 38.76409029999999], [-9.12613, 38.7639802], [-9.1258586, 38.76382129999998]]}, "properties": {"street_name": "Rua Cidade de Tete", "municipio": "Lisboa", "count": 1, "top_infraction": "imbecis", "first_year": "2025", "last_year": "2025", "type_breakdown": "{\"imbecis\": 1}", "monthly_breakdown": "{\"2025-01\": 1}"}}, {"type": "Feature", "geometry": {"type": "LineString", "coordinates": [[-9.1061618, 38.76072069999999], [-9.1061095, 38.7606211], [-9.1060572, 38.760521400000016], [-9.1059591, 38.7603344], [-9.1058471, 38.7601208]]}, "properties": {"street_name": "Rua Almada Negreiros", "municipio": "Lisboa", "count": 3, "top_infraction": "imbecis", "first_year": "2025", "last_year": "2025", "type_breakdown": "{\"imbecis\": 3}", "monthly_breakdown": "{\"2025-09\": 3}"}}, {"type": "Feature", "geometry": {"type": "LineString", "coordinates": [[-9.1061618, 38.76072069999999], [-9.1064583, 38.761136399999984], [-9.1066816, 38.761433399999994], [-9.1067666, 38.7615605]]}, "properties": {"street_name": "Rua Almada Negreiros", "municipio": "Lisboa", "count": 1, "top_infraction": "imbecis", "first_year": "2025", "last_year": "2025", "type_breakdown": "{\"imbecis\": 1}", "monthly_breakdown": "{\"2025-09\": 1}"}}, {"type": "Feature", "geometry": {"type": "LineString", "coordinates": [[-9.1058471, 38.7601208], [-9.1055587, 38.76034409999998]]}, "properties": {"street_name": null, "municipio": "Lisboa", "count": 4, "top_infraction": "imbecis", "first_year": "2025", "last_year": "2025", "type_breakdown": "{\"imbecis\": 4}", "monthly_breakdown": "{\"2025-09\": 4}"}}, {"type": "Feature", "geometry": {"type": "LineString", "coordinates": [[-9.1058471, 38.7601208], [-9.105677, 38.7597278], [-9.1056444, 38.75959869999999], [-9.1056187, 38.7593042], [-9.1056167, 38.75927070000001]]}, "properties": {"street_name": "Rua Almada Negreiros", "municipio": "Lisboa", "count": 4, "top_infraction": "imbecis", "first_year": "2025", "last_year": "2025", "type_breakdown": "{\"imbecis\": 4}", "monthly_breakdown": "{\"2025-09\": 4}"}}, {"type": "Feature", "geometry": {"type": "LineString", "coordinates": [[-9.1056177, 38.758775699999994], [-9.1058243, 38.758773000000005], [-9.1059868, 38.75879359999999], [-9.1060484, 38.75882970000001], [-9.1060868, 38.7588956], [-9.1061244, 38.7589967], [-9.106166, 38.759074899999995], [-9.1062909, 38.7591899], [-9.1064707, 38.759271999999996]]}, "properties": {"street_name": "Rua de Marracuene", "municipio": "Lisboa", "count": 1, "top_infraction": "imbecis", "first_year": "2025", "last_year": "2025", "type_breakdown": "{\"imbecis\": 1}", "monthly_breakdown": "{\"2025-10\": 1}"}}, {"type": "Feature", "geometry": {"type": "LineString", "coordinates": [[-9.1058931, 38.7581848], [-9.1060765, 38.758053100000005], [-9.106287, 38.75796890000001], [-9.1064214, 38.757946700000005], [-9.1065714, 38.75793889999999], [-9.1067945, 38.75795899999999], [-9.1069076, 38.75799039999999]]}, "properties": {"street_name": "Rua Almada Negreiros", "municipio": "Lisboa", "count": 1, "top_infraction": "imbecis", "first_year": "2025", "last_year": "2025", "type_breakdown": "{\"imbecis\": 1}", "monthly_breakdown": "{\"2025-10\": 1}"}}, {"type": "Feature", "geometry": {"type": "LineString", "coordinates": [[-9.1079174, 38.758284199999984], [-9.1075938, 38.7589273]]}, "properties": {"street_name": "Rua de Manhiça", "municipio": "Lisboa", "count": 2, "top_infraction": "imbecis", "first_year": "2025", "last_year": "2025", "type_breakdown": "{\"imbecis\": 2}", "monthly_breakdown": "{\"2025-09\": 2}"}}, {"type": "Feature", "geometry": {"type": "LineString", "coordinates": [[-9.1101187, 38.759473199999995], [-9.1100885, 38.759309599999995], [-9.1099958, 38.7590106], [-9.109885000000002, 38.7588988], [-9.1097104, 38.7588008]]}, "properties": {"street_name": "Rua Almada Negreiros", "municipio": "Lisboa", "count": 1, "top_infraction": "imbecis", "first_year": "2025", "last_year": "2025", "type_breakdown": "{\"imbecis\": 1}", "monthly_breakdown": "{\"2025-09\": 1}"}}, {"type": "Feature", "geometry": {"type": "LineString", "coordinates": [[-9.1102931, 38.76041759999998], [-9.1100354, 38.76053319999999], [-9.1095667, 38.7607434], [-9.1094129, 38.7607684]]}, "properties": {"street_name": "Rua de Chibuto", "municipio": "Lisboa", "count": 1, "top_infraction": "imbecis", "first_year": "2025", "last_year": "2025", "type_breakdown": "{\"imbecis\": 1}", "monthly_breakdown": "{\"2025-10\": 1}"}}, {"type": "Feature", "geometry": {"type": "LineString", "coordinates": [[-9.1102931, 38.76041759999998], [-9.1102735, 38.7603124], [-9.1101994, 38.75991079999999]]}, "properties": {"street_name": "Rua Almada Negreiros", "municipio": "Lisboa", "count": 4, "top_infraction": "imbecis", "first_year": "2025", "last_year": "2025", "type_breakdown": "{\"imbecis\": 4}", "monthly_breakdown": "{\"2025-09\": 4}"}}, {"type": "Feature", "geometry": {"type": "LineString", "coordinates": [[-9.1103797, 38.7608385], [-9.1106164, 38.7607784], [-9.1109555, 38.7606923]]}, "properties": {"street_name": "Rua do Dondo", "municipio": "Lisboa", "count": 2, "top_infraction": "imbecis", "first_year": "2025", "last_year": "2025", "type_breakdown": "{\"imbecis\": 2}", "monthly_breakdown": "{\"2025-09\": 2}"}}, {"type": "Feature", "geometry": {"type": "LineString", "coordinates": [[-9.1081968, 38.7614491], [-9.1083413, 38.7614587], [-9.1084066, 38.76146310000001], [-9.1084692, 38.76146469999999], [-9.1085303, 38.761461099999984], [-9.1085905, 38.76145249999999], [-9.1086493, 38.76143910000001], [-9.1087058, 38.7614208], [-9.1087596, 38.76139799999999], [-9.10881, 38.7613709], [-9.1088587, 38.76133819999999], [-9.1088854, 38.76131400000001], [-9.1089307, 38.76126970000001]]}, "properties": {"street_name": "Rua de Chibuto", "municipio": "Lisboa", "count": 2, "top_infraction": "imbecis", "first_year": "2025", "last_year": "2025", "type_breakdown": "{\"imbecis\": 2}", "monthly_breakdown": "{\"2025-09\": 2}"}}, {"type": "Feature", "geometry": {"type": "LineString", "coordinates": [[-9.1081968, 38.7614491], [-9.1082124, 38.76130690000001], [-9.1082132, 38.7612826], [-9.1082107, 38.761255199999994], [-9.1082051, 38.7612282], [-9.1081957, 38.761200300000006], [-9.1081695, 38.7611385]]}, "properties": {"street_name": "Rua de Marracuene", "municipio": "Lisboa", "count": 3, "top_infraction": "imbecis", "first_year": "2025", "last_year": "2025", "type_breakdown": "{\"imbecis\": 3}", "monthly_breakdown": "{\"2025-10\": 1, \"2025-09\": 2}"}}, {"type": "Feature", "geometry": {"type": "LineString", "coordinates": [[-9.1071681, 38.7602648], [-9.1070977, 38.7600516], [-9.1069586, 38.7596603]]}, "properties": {"street_name": "Rua de Marracuene", "municipio": "Lisboa", "count": 1, "top_infraction": "imbecis", "first_year": "2025", "last_year": "2025", "type_breakdown": "{\"imbecis\": 1}", "monthly_breakdown": "{\"2025-09\": 1}"}}, {"type": "Feature", "geometry": {"type": "LineString", "coordinates": [[-9.1071681, 38.7602648], [-9.1068337, 38.7603491], [-9.1067362, 38.76029669999999], [-9.1065972, 38.7600779]]}, "properties": {"street_name": "Rua de Marracuene", "municipio": "Lisboa", "count": 5, "top_infraction": "imbecis", "first_year": "2025", "last_year": "2025", "type_breakdown": "{\"imbecis\": 5}", "monthly_breakdown": "{\"2025-09\": 4, \"2025-10\": 1}"}}, {"type": "Feature", "geometry": {"type": "LineString", "coordinates": [[-9.1069586, 38.7596603], [-9.1068956, 38.7595243], [-9.106827, 38.75945000000001], [-9.1067602, 38.75941129999999], [-9.1064707, 38.759271999999996]]}, "properties": {"street_name": "Rua de Marracuene", "municipio": "Lisboa", "count": 2, "top_infraction": "imbecis", "first_year": "2025", "last_year": "2025", "type_breakdown": "{\"imbecis\": 2}", "monthly_breakdown": "{\"2025-09\": 2}"}}, {"type": "Feature", "geometry": {"type": "LineString", "coordinates": [[-9.1069586, 38.7596603], [-9.1066712, 38.759706400000006], [-9.1064667, 38.75960460000001], [-9.1063018, 38.75962659999998]]}, "properties": {"street_name": "Rua de Marracuene", "municipio": "Lisboa", "count": 4, "top_infraction": "imbecis", "first_year": "2025", "last_year": "2025", "type_breakdown": "{\"imbecis\": 4}", "monthly_breakdown": "{\"2025-09\": 3, \"2025-10\": 1}"}}, {"type": "Feature", "geometry": {"type": "LineString", "coordinates": [[-9.1087722, 38.7603784], [-9.1082651, 38.76006969999999], [-9.1081348, 38.75999040000001]]}, "properties": {"street_name": "Rua de Manhiça", "municipio": "Lisboa", "count": 1, "top_infraction": "imbecis", "first_year": "2025", "last_year": "2025", "type_breakdown": "{\"imbecis\": 1}", "monthly_breakdown": "{\"2025-09\": 1}"}}, {"type": "Feature", "geometry": {"type": "LineString", "coordinates": [[-9.1081348, 38.75999040000001], [-9.1078251, 38.75980190000001]]}, "properties": {"street_name": "Rua de Manhiça", "municipio": "Lisboa", "count": 4, "top_infraction": "imbecis", "first_year": "2025", "last_year": "2025", "type_breakdown": "{\"imbecis\": 4}", "monthly_breakdown": "{\"2025-09\": 3, \"2025-10\": 1}"}}, {"type": "Feature", "geometry": {"type": "LineString", "coordinates": [[-9.1081348, 38.75999040000001], [-9.1078982, 38.760255599999994], [-9.1075707, 38.7600811], [-9.1074761, 38.760030699999994], [-9.1073272, 38.7597701]]}, "properties": {"street_name": "Rua de Manhiça", "municipio": "Lisboa", "count": 3, "top_infraction": "imbecis", "first_year": "2025", "last_year": "2025", "type_breakdown": "{\"imbecis\": 3}", "monthly_breakdown": "{\"2025-09\": 3}"}}, {"type": "Feature", "geometry": {"type": "LineString", "coordinates": [[-9.1078251, 38.75980190000001], [-9.1079053, 38.75978090000001], [-9.1079515, 38.75976889999999], [-9.1084185, 38.759707799999994], [-9.1085977, 38.7598005]]}, "properties": {"street_name": null, "municipio": "Lisboa", "count": 16, "top_infraction": "imbecis", "first_year": "2025", "last_year": "2025", "type_breakdown": "{\"imbecis\": 16}", "monthly_breakdown": "{\"2025-09\": 16}"}}, {"type": "Feature", "geometry": {"type": "LineString", "coordinates": [[-9.1075938, 38.7589273], [-9.1072948, 38.7588155]]}, "properties": {"street_name": null, "municipio": "Lisboa", "count": 1, "top_infraction": "imbecis", "first_year": "2025", "last_year": "2025", "type_breakdown": "{\"imbecis\": 1}", "monthly_breakdown": "{\"2025-09\": 1}"}}, {"type": "Feature", "geometry": {"type": "LineString", "coordinates": [[-9.1075938, 38.7589273], [-9.1075021, 38.7591216], [-9.1074571, 38.759322999999995], [-9.1074624, 38.7593622]]}, "properties": {"street_name": "Rua de Manhiça", "municipio": "Lisboa", "count": 4, "top_infraction": "imbecis", "first_year": "2025", "last_year": "2025", "type_breakdown": "{\"imbecis\": 4}", "monthly_breakdown": "{\"2025-09\": 4}"}}, {"type": "Feature", "geometry": {"type": "LineString", "coordinates": [[-9.1276565, 38.7365491], [-9.1277477, 38.73653929999999], [-9.1282426, 38.7364863], [-9.1281395, 38.73590109999999]]}, "properties": {"street_name": "Rua Coronel Luna de Oliveira", "municipio": "Lisboa", "count": 1, "top_infraction": "imbecis", "first_year": "2025", "last_year": "2025", "type_breakdown": "{\"imbecis\": 1}", "monthly_breakdown": "{\"2025-12\": 1}"}}, {"type": "Feature", "geometry": {"type": "LineString", "coordinates": [[-9.1275533, 38.735963999999996], [-9.1275318, 38.7358238], [-9.1274702, 38.73547949999999]]}, "properties": {"street_name": "Rua Coronel Ferreira do Amaral", "municipio": "Lisboa", "count": 3, "top_infraction": "imbecis", "first_year": "2025", "last_year": "2025", "type_breakdown": "{\"imbecis\": 3}", "monthly_breakdown": "{\"2025-11\": 1, \"2025-12\": 2}"}}, {"type": "Feature", "geometry": {"type": "LineString", "coordinates": [[-9.1274131, 38.7351866], [-9.127702, 38.735149299999996]]}, "properties": {"street_name": "Rua Sabino de Sousa", "municipio": "Lisboa", "count": 2, "top_infraction": "imbecis", "first_year": "2025", "last_year": "2025", "type_breakdown": "{\"imbecis\": 2}", "monthly_breakdown": "{\"2025-12\": 2}"}}, {"type": "Feature", "geometry": {"type": "LineString", "coordinates": [[-9.1274131, 38.7351866], [-9.1274385, 38.7352949], [-9.1274702, 38.73547949999999]]}, "properties": {"street_name": "Rua Coronel Ferreira do Amaral", "municipio": "Lisboa", "count": 10, "top_infraction": "imbecis", "first_year": "2025", "last_year": "2025", "type_breakdown": "{\"imbecis\": 10}", "monthly_breakdown": "{\"2025-12\": 10}"}}, {"type": "Feature", "geometry": {"type": "LineString", "coordinates": [[-9.1281395, 38.73590109999999], [-9.1276532, 38.73595319999999], [-9.1275533, 38.735963999999996]]}, "properties": {"street_name": "Rua Álvaro de Santa Rita Vaz", "municipio": "Lisboa", "count": 7, "top_infraction": "imbecis", "first_year": "2025", "last_year": "2025", "type_breakdown": "{\"imbecis\": 7}", "monthly_breakdown": "{\"2025-11\": 2, \"2025-12\": 5}"}}, {"type": "Feature", "geometry": {"type": "LineString", "coordinates": [[-9.127702, 38.735149299999996], [-9.1276897, 38.73509039999999], [-9.1276562, 38.7349299], [-9.1275579, 38.73445989999999], [-9.127558, 38.73441449999999]]}, "properties": {"street_name": "Rua António Luís Inácio", "municipio": "Lisboa", "count": 1, "top_infraction": "imbecis", "first_year": "2025", "last_year": "2025", "type_breakdown": "{\"imbecis\": 1}", "monthly_breakdown": "{\"2025-12\": 1}"}}, {"type": "Feature", "geometry": {"type": "LineString", "coordinates": [[-9.1476181, 38.73317449999999], [-9.1475522, 38.73315], [-9.1469863, 38.7329399], [-9.1467926, 38.73286789999999]]}, "properties": {"street_name": "Rua Pinheiro Chagas", "municipio": "Lisboa", "count": 1, "top_infraction": "imbecis", "first_year": "2026", "last_year": "2026", "type_breakdown": "{\"imbecis\": 1}", "monthly_breakdown": "{\"2026-03\": 1}"}}, {"type": "Feature", "geometry": {"type": "LineString", "coordinates": [[-9.1458701, 38.73831839999999], [-9.1458877, 38.73838629999999], [-9.1459623, 38.7386984], [-9.14607, 38.7391416], [-9.1460791, 38.7391791]]}, "properties": {"street_name": "Avenida da República", "municipio": "Lisboa", "count": 1, "top_infraction": "imbecis", "first_year": "2024", "last_year": "2024", "type_breakdown": "{\"imbecis\": 1}", "monthly_breakdown": "{\"2024-12\": 1}"}}, {"type": "Feature", "geometry": {"type": "LineString", "coordinates": [[-9.1519667, 38.78011850000001], [-9.1517899, 38.7801971], [-9.1511596, 38.7804033], [-9.1508293, 38.78051130000001], [-9.1505378, 38.7806067]]}, "properties": {"street_name": "Avenida Sérgio Vieira de Mello", "municipio": "Lisboa", "count": 7, "top_infraction": "imbecis", "first_year": "2024", "last_year": "2024", "type_breakdown": "{\"imbecis\": 7}", "monthly_breakdown": "{\"2024-12\": 7}"}}, {"type": "Feature", "geometry": {"type": "LineString", "coordinates": [[-9.1452077, 38.736216899999995], [-9.1450933, 38.7362266], [-9.144999, 38.7362347], [-9.1439891, 38.7363208], [-9.1438934, 38.7363403], [-9.1437551, 38.73635269999998]]}, "properties": {"street_name": "Avenida João Crisóstomo", "municipio": "Lisboa", "count": 1, "top_infraction": "imbecis", "first_year": "2025", "last_year": "2025", "type_breakdown": "{\"imbecis\": 1}", "monthly_breakdown": "{\"2025-09\": 1}"}}, {"type": "Feature", "geometry": {"type": "LineString", "coordinates": [[-9.1455116, 38.73619109999999], [-9.1454805, 38.7360727], [-9.1453115, 38.73538380000001]]}, "properties": {"street_name": "Avenida da República", "municipio": "Lisboa", "count": 1, "top_infraction": "imbecis", "first_year": "2025", "last_year": "2025", "type_breakdown": "{\"imbecis\": 1}", "monthly_breakdown": "{\"2025-09\": 1}"}}, {"type": "Feature", "geometry": {"type": "LineString", "coordinates": [[-9.1939632, 38.7902095], [-9.1938937, 38.79031], [-9.1934717, 38.7909204], [-9.1933745, 38.791055799999995], [-9.1933451, 38.791088099999996], [-9.1933136, 38.79112279999999], [-9.1932417, 38.79118749999999], [-9.1931957, 38.79122159999999], [-9.1931554, 38.79125140000001], [-9.1929534, 38.791379899999995], [-9.1928384, 38.79145140000001]]}, "properties": {"street_name": "Rua Mário Moreira", "municipio": "Odivelas", "count": 1, "top_infraction": "imbecis", "first_year": "2024", "last_year": "2024", "type_breakdown": "{\"imbecis\": 1}", "monthly_breakdown": "{\"2024-10\": 1}"}}, {"type": "Feature", "geometry": {"type": "LineString", "coordinates": [[-9.1916678, 38.789875200000004], [-9.1918087, 38.789831599999985], [-9.1924359, 38.7896481], [-9.1924817, 38.78962239999999], [-9.1925301, 38.789587299999994]]}, "properties": {"street_name": "Rua Cristóvão da Costa", "municipio": "Odivelas", "count": 1, "top_infraction": "imbecis", "first_year": "2024", "last_year": "2024", "type_breakdown": "{\"imbecis\": 1}", "monthly_breakdown": "{\"2024-03\": 1}"}}, {"type": "Feature", "geometry": {"type": "LineString", "coordinates": [[-9.1916678, 38.789875200000004], [-9.1916022, 38.7898138], [-9.191475, 38.7896946]]}, "properties": {"street_name": "Rua Alfredo da Costa", "municipio": "Odivelas", "count": 2, "top_infraction": "imbecis", "first_year": "2024", "last_year": "2024", "type_breakdown": "{\"imbecis\": 2}", "monthly_breakdown": "{\"2024-03\": 2}"}}, {"type": "Feature", "geometry": {"type": "LineString", "coordinates": [[-9.1913573, 38.7895624], [-9.1913134, 38.78948870000001], [-9.1912822, 38.78941449999999], [-9.1912624, 38.789338400000005], [-9.1912557, 38.78929109999999], [-9.1912543, 38.78923559999999]]}, "properties": {"street_name": "Rua Alfredo da Costa", "municipio": "Odivelas", "count": 2, "top_infraction": "imbecis", "first_year": "2024", "last_year": "2024", "type_breakdown": "{\"imbecis\": 2}", "monthly_breakdown": "{\"2024-03\": 2}"}}, {"type": "Feature", "geometry": {"type": "LineString", "coordinates": [[-9.1912543, 38.78923559999999], [-9.1912573, 38.78918589999999], [-9.1912644, 38.789132], [-9.1912681, 38.7890747], [-9.1912647, 38.788986]]}, "properties": {"street_name": "Rua Alfredo da Costa", "municipio": "Odivelas", "count": 13, "top_infraction": "imbecis", "first_year": "2024", "last_year": "2024", "type_breakdown": "{\"imbecis\": 13}", "monthly_breakdown": "{\"2024-04\": 9, \"2024-03\": 4}"}}, {"type": "Feature", "geometry": {"type": "LineString", "coordinates": [[-9.1912543, 38.78923559999999], [-9.1911673, 38.7892538], [-9.191159, 38.7892559], [-9.190694, 38.7893708]]}, "properties": {"street_name": "Praceta Mestre Afonso", "municipio": "Odivelas", "count": 5, "top_infraction": "imbecis", "first_year": "2024", "last_year": "2024", "type_breakdown": "{\"imbecis\": 5}", "monthly_breakdown": "{\"2024-04\": 2, \"2024-03\": 3}"}}, {"type": "Feature", "geometry": {"type": "LineString", "coordinates": [[-9.1333973, 38.73497450000001], [-9.1332528, 38.73503749999999], [-9.1331324, 38.735093600000006]]}, "properties": {"street_name": "Rua Eduardo Brazão", "municipio": "Lisboa", "count": 1, "top_infraction": "imbecis", "first_year": "2024", "last_year": "2024", "type_breakdown": "{\"imbecis\": 1}", "monthly_breakdown": "{\"2024-12\": 1}"}}, {"type": "Feature", "geometry": {"type": "LineString", "coordinates": [[-9.1375328, 38.723914900000004], [-9.1373682, 38.723800399999995]]}, "properties": {"street_name": "Paço da Rainha", "municipio": "Lisboa", "count": 1, "top_infraction": "imbecis", "first_year": "2024", "last_year": "2024", "type_breakdown": "{\"imbecis\": 1}", "monthly_breakdown": "{\"2024-06\": 1}"}}, {"type": "Feature", "geometry": {"type": "LineString", "coordinates": [[-9.1356194, 38.71980959999999], [-9.1356296, 38.71970749999999], [-9.135684400000002, 38.7191592], [-9.1358573, 38.71743239999999], [-9.1358855, 38.7173269], [-9.1359157, 38.7172537], [-9.1359492, 38.7171946], [-9.1359954, 38.7171373]]}, "properties": {"street_name": "Rua da Palma", "municipio": "Lisboa", "count": 1, "top_infraction": "imbecis", "first_year": "2025", "last_year": "2025", "type_breakdown": "{\"imbecis\": 1}", "monthly_breakdown": "{\"2025-02\": 1}"}}, {"type": "Feature", "geometry": {"type": "LineString", "coordinates": [[-9.190501600000001, 38.7911613], [-9.1906898, 38.791036], [-9.1907241, 38.791001900000005], [-9.1907541, 38.790965500000006], [-9.1907835, 38.7909203], [-9.1908064, 38.79087289999999], [-9.190825, 38.79082149999999], [-9.1908377, 38.790769100000006], [-9.19084, 38.790732299999995], [-9.190837100000001, 38.79069549999999], [-9.1908288, 38.79065920000001], [-9.1908096, 38.790602400000004], [-9.1907831, 38.790547399999994], [-9.1907584, 38.7905072], [-9.1907299, 38.7904685], [-9.1903748, 38.7901312], [-9.1902704, 38.790025299999996], [-9.1901838, 38.78990919999999], [-9.1900906, 38.78972529999999], [-9.1900097, 38.78952079999999], [-9.1899526, 38.7893295], [-9.1899505, 38.7891731], [-9.189994, 38.789058000000004], [-9.1900579, 38.78894600000001], [-9.1903373, 38.7886174], [-9.1905409, 38.78837799999999], [-9.1906135, 38.7882886]]}, "properties": {"street_name": "Rua Pulido Valente", "municipio": "Odivelas", "count": 1, "top_infraction": "imbecis", "first_year": "2024", "last_year": "2024", "type_breakdown": "{\"imbecis\": 1}", "monthly_breakdown": "{\"2024-08\": 1}"}}, {"type": "Feature", "geometry": {"type": "LineString", "coordinates": [[-9.1773994, 38.787726], [-9.1767713, 38.788216399999996], [-9.176705, 38.7882672]]}, "properties": {"street_name": "Rua dos Bombeiros Voluntários", "municipio": "Odivelas", "count": 2, "top_infraction": "imbecis", "first_year": "2025", "last_year": "2025", "type_breakdown": "{\"imbecis\": 2}", "monthly_breakdown": "{\"2025-02\": 2}"}}, {"type": "Feature", "geometry": {"type": "LineString", "coordinates": [[-9.1921999, 38.791189599999996], [-9.1922137, 38.7912656], [-9.1922424, 38.7914241], [-9.1922401, 38.79150479999999], [-9.192236, 38.79155939999998]]}, "properties": {"street_name": "Rua Alfredo da Costa", "municipio": "Odivelas", "count": 1, "top_infraction": "imbecis", "first_year": "2024", "last_year": "2024", "type_breakdown": "{\"imbecis\": 1}", "monthly_breakdown": "{\"2024-03\": 1}"}}, {"type": "Feature", "geometry": {"type": "LineString", "coordinates": [[-9.1877176, 38.7823407], [-9.1874672, 38.7824084], [-9.1866906, 38.78265849999999], [-9.1864021, 38.782769], [-9.1861177, 38.782861600000004]]}, "properties": {"street_name": "Rua Filipa de Lencastre", "municipio": "Odivelas", "count": 1, "top_infraction": "imbecis", "first_year": "2024", "last_year": "2024", "type_breakdown": "{\"imbecis\": 1}", "monthly_breakdown": "{\"2024-03\": 1}"}}, {"type": "Feature", "geometry": {"type": "LineString", "coordinates": [[-9.1506841, 38.7490699], [-9.1506553, 38.748949499999995], [-9.1504705, 38.74817370000001], [-9.1504456, 38.7480568]]}, "properties": {"street_name": "Avenida 5 de Outubro", "municipio": "Lisboa", "count": 4, "top_infraction": "imbecis", "first_year": "2024", "last_year": "2025", "type_breakdown": "{\"imbecis\": 4}", "monthly_breakdown": "{\"2024-12\": 3, \"2025-03\": 1}"}}, {"type": "Feature", "geometry": {"type": "LineString", "coordinates": [[-9.1506841, 38.7490699], [-9.1507209, 38.74905999999999], [-9.1507588, 38.74905279999999], [-9.1510415, 38.749013], [-9.1510625, 38.74901070000001], [-9.1510836, 38.749013], [-9.1511031, 38.749019699999984], [-9.1511195, 38.7490303], [-9.1511315, 38.749044], [-9.1511382, 38.74905979999999], [-9.1512132, 38.74931999999998]]}, "properties": {"street_name": "Rua Alfredo Mesquita", "municipio": "Lisboa", "count": 3, "top_infraction": "imbecis", "first_year": "2024", "last_year": "2024", "type_breakdown": "{\"imbecis\": 3}", "monthly_breakdown": "{\"2024-12\": 3}"}}, {"type": "Feature", "geometry": {"type": "LineString", "coordinates": [[-9.1508075, 38.749586199999996], [-9.1507056, 38.74915519999999]]}, "properties": {"street_name": "Avenida 5 de Outubro", "municipio": "Lisboa", "count": 1, "top_infraction": "imbecis", "first_year": "2024", "last_year": "2024", "type_breakdown": "{\"imbecis\": 1}", "monthly_breakdown": "{\"2024-12\": 1}"}}, {"type": "Feature", "geometry": {"type": "LineString", "coordinates": [[-9.1521601, 38.7532662], [-9.1522466, 38.7532322], [-9.1532364, 38.7528427], [-9.1537657, 38.7529191], [-9.1538856, 38.75294060000001], [-9.1540703, 38.752976]]}, "properties": {"street_name": "Rua Doutor João Soares", "municipio": "Lisboa", "count": 1, "top_infraction": "imbecis", "first_year": "2025", "last_year": "2025", "type_breakdown": "{\"imbecis\": 1}", "monthly_breakdown": "{\"2025-01\": 1}"}}, {"type": "Feature", "geometry": {"type": "LineString", "coordinates": [[-9.1521601, 38.7532662], [-9.151468, 38.7522582], [-9.1513382, 38.75207480000001], [-9.151272, 38.75196780000001]]}, "properties": {"street_name": "Campo Grande", "municipio": "Lisboa", "count": 1, "top_infraction": "imbecis", "first_year": "2024", "last_year": "2024", "type_breakdown": "{\"imbecis\": 1}", "monthly_breakdown": "{\"2024-11\": 1}"}}, {"type": "Feature", "geometry": {"type": "LineString", "coordinates": [[-9.1803509, 38.7542423], [-9.1802384, 38.7541848], [-9.180233, 38.7541821], [-9.1801933, 38.754160500000005], [-9.1801561, 38.7541305], [-9.1801267, 38.7540976], [-9.180044, 38.7539733], [-9.1799687, 38.7537564], [-9.179873, 38.7535762], [-9.1796868, 38.7532357], [-9.179626400000002, 38.753093899999996], [-9.1795873, 38.7529114], [-9.1795166, 38.7523298], [-9.1795237, 38.752193899999995], [-9.1795546, 38.751996799999986], [-9.1795576, 38.7519436], [-9.1795547, 38.751879100000004], [-9.1795079, 38.75164760000001], [-9.1793838, 38.75116429999999]]}, "properties": {"street_name": "Rua João Hogan", "municipio": "Lisboa", "count": 1, "top_infraction": "imbecis", "first_year": "2025", "last_year": "2025", "type_breakdown": "{\"imbecis\": 1}", "monthly_breakdown": "{\"2025-05\": 1}"}}, {"type": "Feature", "geometry": {"type": "LineString", "coordinates": [[-9.1274702, 38.73547949999999], [-9.1273729, 38.7354902], [-9.126202, 38.7356182]]}, "properties": {"street_name": "Rua Emília Eduarda", "municipio": "Lisboa", "count": 7, "top_infraction": "imbecis", "first_year": "2025", "last_year": "2025", "type_breakdown": "{\"imbecis\": 7}", "monthly_breakdown": "{\"2025-12\": 7}"}}, {"type": "Feature", "geometry": {"type": "LineString", "coordinates": [[-9.126202, 38.7356182], [-9.1261342, 38.735256199999995]]}, "properties": {"street_name": "Rua Engenheiro Santos Simões", "municipio": "Lisboa", "count": 1, "top_infraction": "imbecis", "first_year": "2025", "last_year": "2025", "type_breakdown": "{\"imbecis\": 1}", "monthly_breakdown": "{\"2025-12\": 1}"}}, {"type": "Feature", "geometry": {"type": "LineString", "coordinates": [[-9.1441085, 38.7163103], [-9.1436641, 38.7158447], [-9.1436374, 38.71575399999999], [-9.1437366, 38.715526], [-9.1436104, 38.71538309999998], [-9.1434808, 38.7152364], [-9.1435763, 38.71513740000002], [-9.143502, 38.7150371], [-9.1434908, 38.71502149999999]]}, "properties": {"street_name": "['Travessa do Fala-Só', 'Largo da Oliveirinha']", "municipio": "Lisboa", "count": 1, "top_infraction": "imbecis", "first_year": "2026", "last_year": "2026", "type_breakdown": "{\"imbecis\": 1}", "monthly_breakdown": "{\"2026-01\": 1}"}}, {"type": "Feature", "geometry": {"type": "LineString", "coordinates": [[-9.1488752, 38.7275638], [-9.1489121, 38.72751919999999], [-9.1489459, 38.7274766], [-9.1489763, 38.72743859999999], [-9.149003, 38.727404399999976], [-9.149023, 38.7273757], [-9.1494066, 38.72676479999999], [-9.1494307, 38.726724999999995], [-9.1496293, 38.726368], [-9.1497003, 38.72625310000001], [-9.1497355, 38.7261927], [-9.1497626, 38.72616000000001], [-9.1497987, 38.7261307], [-9.149851800000002, 38.726103599999995], [-9.149898, 38.726089900000005]]}, "properties": {"street_name": "Avenida Fontes Pereira de Melo", "municipio": "Lisboa", "count": 2, "top_infraction": "imbecis", "first_year": "2025", "last_year": "2025", "type_breakdown": "{\"imbecis\": 2}", "monthly_breakdown": "{\"2025-01\": 2}"}}, {"type": "Feature", "geometry": {"type": "LineString", "coordinates": [[-9.1039459, 38.7629392], [-9.1040206, 38.76298899999999], [-9.1044433, 38.76298539999999], [-9.1045449, 38.76300379999999], [-9.1050077, 38.76300359999999], [-9.1053871, 38.763003499999996], [-9.1054653, 38.76298439999999], [-9.1055404, 38.76298449999999], [-9.1057711, 38.7629848], [-9.1058388, 38.7629847], [-9.1059075, 38.7630017], [-9.1061841, 38.7630014], [-9.1062481, 38.76298409999999], [-9.1071758, 38.762982699999995], [-9.107451, 38.762982799999996]]}, "properties": {"street_name": "Ciclovia Avenida de Pádua", "municipio": "Lisboa", "count": 3, "top_infraction": "imbecis", "first_year": "2025", "last_year": "2025", "type_breakdown": "{\"imbecis\": 3}", "monthly_breakdown": "{\"2025-09\": 2, \"2025-10\": 1}"}}, {"type": "Feature", "geometry": {"type": "LineString", "coordinates": [[-9.1486461, 38.723115299999996], [-9.1485644, 38.723021899999985], [-9.1480799, 38.722466499999996]]}, "properties": {"street_name": "Avenida da Liberdade", "municipio": "Lisboa", "count": 1, "top_infraction": "imbecis", "first_year": "2026", "last_year": "2026", "type_breakdown": "{\"imbecis\": 1}", "monthly_breakdown": "{\"2026-02\": 1}"}}, {"type": "Feature", "geometry": {"type": "LineString", "coordinates": [[-9.1408628, 38.7147837], [-9.140818, 38.7146942], [-9.1408014, 38.714668800000005], [-9.1407813, 38.714643099999996], [-9.140645400000002, 38.71449059999999], [-9.1405525, 38.71438919999999], [-9.1405413, 38.71437619999999], [-9.1405323, 38.714363199999994], [-9.1405282, 38.7143558], [-9.1405201, 38.71433739999999], [-9.140517, 38.714323699999994], [-9.1405149, 38.71430869999999], [-9.1405147, 38.71429299999999], [-9.1405158, 38.714281099999994], [-9.1405175, 38.714273], [-9.1405214, 38.7142645], [-9.140527, 38.71425719999999], [-9.1405398, 38.71424779999999], [-9.1405647, 38.714233899999996], [-9.1406842, 38.7141762], [-9.1407185, 38.7141534], [-9.1407382, 38.71412870000001], [-9.1407464, 38.71410310000001], [-9.140743800000001, 38.71407370000001], [-9.1407213, 38.7140235], [-9.140536900000003, 38.7136111], [-9.140516100000001, 38.71356579999999], [-9.1405081, 38.71355359999999], [-9.1404995, 38.713543], [-9.1404885, 38.71353239999999], [-9.1404738, 38.7135193]]}, "properties": {"street_name": "['Praça Dom João da Câmara', 'Largo do Duque do Cadaval']", "municipio": "Lisboa", "count": 4, "top_infraction": "imbecis", "first_year": "2024", "last_year": "2025", "type_breakdown": "{\"imbecis\": 4}", "monthly_breakdown": "{\"2025-10\": 1, \"2025-01\": 1, \"2024-12\": 1, \"2025-02\": 1}"}}, {"type": "Feature", "geometry": {"type": "LineString", "coordinates": [[-9.147221, 38.735162800000005], [-9.1471717, 38.735164499999996], [-9.1455194, 38.73522049999998], [-9.1453666, 38.73522349999999]]}, "properties": {"street_name": "Avenida Duque de Ávila", "municipio": "Lisboa", "count": 1, "top_infraction": "imbecis", "first_year": "2024", "last_year": "2024", "type_breakdown": "{\"imbecis\": 1}", "monthly_breakdown": "{\"2024-12\": 1}"}}, {"type": "Feature", "geometry": {"type": "LineString", "coordinates": [[-9.1443922, 38.7396342], [-9.1444136, 38.7397237], [-9.1445836, 38.7404345], [-9.1446118, 38.74055229999999]]}, "properties": {"street_name": "Avenida Defensores de Chaves", "municipio": "Lisboa", "count": 1, "top_infraction": "imbecis", "first_year": "2025", "last_year": "2025", "type_breakdown": "{\"imbecis\": 1}", "monthly_breakdown": "{\"2025-05\": 1}"}}, {"type": "Feature", "geometry": {"type": "LineString", "coordinates": [[-9.1411918, 38.744623], [-9.1421103, 38.744295199999996]]}, "properties": {"street_name": "Avenida Sacadura Cabral", "municipio": "Lisboa", "count": 1, "top_infraction": "imbecis", "first_year": "2024", "last_year": "2024", "type_breakdown": "{\"imbecis\": 1}", "monthly_breakdown": "{\"2024-03\": 1}"}}, {"type": "Feature", "geometry": {"type": "LineString", "coordinates": [[-9.1353085, 38.7168511], [-9.1353735, 38.7168747], [-9.1353944, 38.71688120000001], [-9.1354165, 38.7168862], [-9.1355425, 38.7169141], [-9.1356669, 38.7169307]]}, "properties": {"street_name": "Rua Fernandes da Fonseca", "municipio": "Lisboa", "count": 1, "top_infraction": "imbecis", "first_year": "2025", "last_year": "2025", "type_breakdown": "{\"imbecis\": 1}", "monthly_breakdown": "{\"2025-11\": 1}"}}, {"type": "Feature", "geometry": {"type": "LineString", "coordinates": [[-9.1346132, 38.73667489999999], [-9.1342816, 38.7366909], [-9.13398, 38.7367109]]}, "properties": {"street_name": null, "municipio": "Lisboa", "count": 1, "top_infraction": "imbecis", "first_year": "2026", "last_year": "2026", "type_breakdown": "{\"imbecis\": 1}", "monthly_breakdown": "{\"2026-04\": 1}"}}, {"type": "Feature", "geometry": {"type": "LineString", "coordinates": [[-9.173515, 38.7939498], [-9.1735719, 38.793810199999996], [-9.1736095, 38.793736], [-9.1736779, 38.7936414], [-9.1737983, 38.7935302], [-9.1739722, 38.7933639], [-9.17411, 38.793245000000006]]}, "properties": {"street_name": "Rua Professor Doutor Egas Moniz", "municipio": "Odivelas", "count": 3, "top_infraction": "imbecis", "first_year": "2024", "last_year": "2024", "type_breakdown": "{\"imbecis\": 3}", "monthly_breakdown": "{\"2024-11\": 3}"}}, {"type": "Feature", "geometry": {"type": "LineString", "coordinates": [[-9.1787739, 38.799382099999995], [-9.1786005, 38.7993874], [-9.1778173, 38.799411299999996], [-9.1777138, 38.799414399999996]]}, "properties": {"street_name": "Rua Artur Bual", "municipio": "Odivelas", "count": 1, "top_infraction": "imbecis", "first_year": "2024", "last_year": "2024", "type_breakdown": "{\"imbecis\": 1}", "monthly_breakdown": "{\"2024-04\": 1}"}}, {"type": "Feature", "geometry": {"type": "LineString", "coordinates": [[-9.1596272, 38.7719213], [-9.1597983, 38.7719441], [-9.159999900000003, 38.7719425], [-9.1602539, 38.7718992], [-9.160448, 38.771866700000004], [-9.160521000000001, 38.7718537], [-9.1605962, 38.7718409]]}, "properties": {"street_name": "Rua Leopoldo de Almeida", "municipio": "Lisboa", "count": 1, "top_infraction": "imbecis", "first_year": "2025", "last_year": "2025", "type_breakdown": "{\"imbecis\": 1}", "monthly_breakdown": "{\"2025-05\": 1}"}}, {"type": "Feature", "geometry": {"type": "LineString", "coordinates": [[-9.1569651, 38.76019949999999], [-9.156923900000002, 38.7600809], [-9.1568529, 38.759844699999995]]}, "properties": {"street_name": "Rua Cipriano Dourado", "municipio": "Lisboa", "count": 1, "top_infraction": "imbecis", "first_year": "2024", "last_year": "2024", "type_breakdown": "{\"imbecis\": 1}", "monthly_breakdown": "{\"2024-11\": 1}"}}, {"type": "Feature", "geometry": {"type": "LineString", "coordinates": [[-9.1766997, 38.797004599999994], [-9.1769796, 38.79711319999999], [-9.1771085, 38.79717469999999], [-9.1771556, 38.79719719999999], [-9.1772909, 38.79726169999999], [-9.1773409, 38.79729090000001]]}, "properties": {"street_name": "Rua Alves Redol", "municipio": "Odivelas", "count": 1, "top_infraction": "imbecis", "first_year": "2025", "last_year": "2025", "type_breakdown": "{\"imbecis\": 1}", "monthly_breakdown": "{\"2025-02\": 1}"}}, {"type": "Feature", "geometry": {"type": "LineString", "coordinates": [[-9.1546987, 38.7924501], [-9.1546312, 38.79249179999999], [-9.1541757, 38.7928328], [-9.154151600000002, 38.7928507]]}, "properties": {"street_name": "Rua Berta Cardoso", "municipio": "Lisboa", "count": 1, "top_infraction": "imbecis", "first_year": "2026", "last_year": "2026", "type_breakdown": "{\"imbecis\": 1}", "monthly_breakdown": "{\"2026-04\": 1}"}}, {"type": "Feature", "geometry": {"type": "LineString", "coordinates": [[-9.1503758, 38.75040579999999], [-9.1501346, 38.7499328], [-9.1499587, 38.7496234], [-9.1496034, 38.7489715], [-9.1495422, 38.74885869999999]]}, "properties": {"street_name": "Campo Grande", "municipio": "Lisboa", "count": 1, "top_infraction": "imbecis", "first_year": "2025", "last_year": "2025", "type_breakdown": "{\"imbecis\": 1}", "monthly_breakdown": "{\"2025-03\": 1}"}}, {"type": "Feature", "geometry": {"type": "LineString", "coordinates": [[-9.1503758, 38.75040579999999], [-9.1503368, 38.750420300000016], [-9.150379, 38.750493399999996], [-9.1504127, 38.750559499999994], [-9.1504368, 38.7506049]]}, "properties": {"street_name": null, "municipio": "Lisboa", "count": 1, "top_infraction": "imbecis", "first_year": "2025", "last_year": "2025", "type_breakdown": "{\"imbecis\": 1}", "monthly_breakdown": "{\"2025-01\": 1}"}}, {"type": "Feature", "geometry": {"type": "LineString", "coordinates": [[-9.1554633, 38.7489703], [-9.1553511, 38.7489979], [-9.1549446, 38.7491236], [-9.1545067, 38.7492607], [-9.1544957, 38.7492649], [-9.1544856, 38.7492694], [-9.1544766, 38.7492751], [-9.1544695, 38.7492818], [-9.154464, 38.7492895], [-9.1544591, 38.749298700000004], [-9.154455800000001, 38.7493089], [-9.1544532, 38.74931990000001], [-9.1544519, 38.74933039999999], [-9.1544525, 38.74934270000001], [-9.154455000000002, 38.7493541], [-9.1544591, 38.7493661], [-9.1544646, 38.74937890000001], [-9.1544884, 38.7494282], [-9.1544942, 38.7494405], [-9.1545015, 38.749455], [-9.1545081, 38.7494697], [-9.1545155, 38.7494861], [-9.1545209, 38.7495009], [-9.1545244, 38.7495115], [-9.1545272, 38.74951860000001], [-9.154532, 38.749529700000004], [-9.1547334, 38.749906299999985], [-9.1547426, 38.7499225], [-9.1547522, 38.7499384], [-9.1547608, 38.74995080000001], [-9.1547683, 38.74996139999999], [-9.1547749, 38.7499713], [-9.1547855, 38.74998779999999], [-9.1547953, 38.7500053], [-9.1548868, 38.750175], [-9.1550993, 38.7505743]]}, "properties": {"street_name": "['Rua Professor António Flores', 'Rua Branca Edmée Marques']", "municipio": "Lisboa", "count": 1, "top_infraction": "imbecis", "first_year": "2024", "last_year": "2024", "type_breakdown": "{\"imbecis\": 1}", "monthly_breakdown": "{\"2024-11\": 1}"}}, {"type": "Feature", "geometry": {"type": "LineString", "coordinates": [[-9.1543999, 38.75239780000001], [-9.154248, 38.75269799999999], [-9.15406, 38.752831699999994], [-9.1540657, 38.75288729999999], [-9.1540703, 38.752976]]}, "properties": {"street_name": null, "municipio": "Lisboa", "count": 1, "top_infraction": "imbecis", "first_year": "2024", "last_year": "2024", "type_breakdown": "{\"imbecis\": 1}", "monthly_breakdown": "{\"2024-12\": 1}"}}, {"type": "Feature", "geometry": {"type": "LineString", "coordinates": [[-9.1540703, 38.752976], [-9.1543007, 38.75303529999999], [-9.1548595, 38.753285299999995], [-9.154898700000002, 38.753371], [-9.154914, 38.753456899999996]]}, "properties": {"street_name": "Rua Doutor João Soares", "municipio": "Lisboa", "count": 10, "top_infraction": "imbecis", "first_year": "2024", "last_year": "2025", "type_breakdown": "{\"imbecis\": 10}", "monthly_breakdown": "{\"2025-04\": 1, \"2024-12\": 4, \"2024-11\": 1, \"2025-01\": 4}"}}, {"type": "Feature", "geometry": {"type": "LineString", "coordinates": [[-9.1286636, 38.72357860000001], [-9.1287294, 38.72289380000001], [-9.1287689, 38.72248359999998], [-9.1287747, 38.72242239999999]]}, "properties": {"street_name": "Avenida General Roçadas", "municipio": "Lisboa", "count": 1, "top_infraction": "imbecis", "first_year": "2025", "last_year": "2025", "type_breakdown": "{\"imbecis\": 1}", "monthly_breakdown": "{\"2025-09\": 1}"}}, {"type": "Feature", "geometry": {"type": "LineString", "coordinates": [[-9.1198336, 38.792346899999984], [-9.1199171, 38.792361899999996], [-9.1201243, 38.79239909999999]]}, "properties": {"street_name": "Rua Maestro Lopes Graça", "municipio": "Loures", "count": 1, "top_infraction": "imbecis", "first_year": "2025", "last_year": "2025", "type_breakdown": "{\"imbecis\": 1}", "monthly_breakdown": "{\"2025-08\": 1}"}}, {"type": "Feature", "geometry": {"type": "LineString", "coordinates": [[-9.1125411, 38.72458459999999], [-9.1127055, 38.7246443], [-9.112420100000001, 38.725123]]}, "properties": {"street_name": null, "municipio": "Lisboa", "count": 1, "top_infraction": "imbecis", "first_year": "2025", "last_year": "2025", "type_breakdown": "{\"imbecis\": 1}", "monthly_breakdown": "{\"2025-07\": 1}"}}, {"type": "Feature", "geometry": {"type": "LineString", "coordinates": [[-9.1481819, 38.730309999999996], [-9.1480825, 38.730273099999984], [-9.1473699, 38.730008500000004], [-9.1473365, 38.7299961], [-9.1472943, 38.7299804]]}, "properties": {"street_name": "Rua Andrade Corvo", "municipio": "Lisboa", "count": 1, "top_infraction": "imbecis", "first_year": "2025", "last_year": "2025", "type_breakdown": "{\"imbecis\": 1}", "monthly_breakdown": "{\"2025-03\": 1}"}}, {"type": "Feature", "geometry": {"type": "LineString", "coordinates": [[-9.1665035, 38.788340000000005], [-9.1665777, 38.78838759999999], [-9.1670031, 38.78868529999998], [-9.1670736, 38.78873539999999]]}, "properties": {"street_name": "Praceta de Goa", "municipio": "Odivelas", "count": 1, "top_infraction": "imbecis", "first_year": "2024", "last_year": "2024", "type_breakdown": "{\"imbecis\": 1}", "monthly_breakdown": "{\"2024-04\": 1}"}}, {"type": "Feature", "geometry": {"type": "LineString", "coordinates": [[-9.1091675, 38.7680127], [-9.109224, 38.7680082], [-9.1092397, 38.7680059], [-9.1092655, 38.7679969], [-9.1092723, 38.7679935], [-9.10928, 38.767993299999986], [-9.1093203, 38.7680048], [-9.109359, 38.7680093], [-9.1094511, 38.7680144], [-9.1094735, 38.7680141], [-9.1095106, 38.768010800000006], [-9.1095432, 38.7680051], [-9.1095734, 38.76799559999999], [-9.1096015, 38.7679826], [-9.1098411, 38.76782239999999], [-9.1098651, 38.767815599999984], [-9.1098996, 38.76780579999999], [-9.1099241, 38.767776], [-9.1099471, 38.7677832]]}, "properties": {"street_name": null, "municipio": "Lisboa", "count": 2, "top_infraction": "imbecis", "first_year": "2025", "last_year": "2025", "type_breakdown": "{\"imbecis\": 2}", "monthly_breakdown": "{\"2025-02\": 1, \"2025-01\": 1}"}}, {"type": "Feature", "geometry": {"type": "LineString", "coordinates": [[-9.1043188, 38.754346999999996], [-9.1042623, 38.75312580000001]]}, "properties": {"street_name": "Rua do Vale Formoso de Cima", "municipio": "Lisboa", "count": 1, "top_infraction": "imbecis", "first_year": "2026", "last_year": "2026", "type_breakdown": "{\"imbecis\": 1}", "monthly_breakdown": "{\"2026-04\": 1}"}}, {"type": "Feature", "geometry": {"type": "LineString", "coordinates": [[-9.1043188, 38.754346999999996], [-9.1045871, 38.754339599999994], [-9.1046995, 38.7543365]]}, "properties": {"street_name": "Rua do Vale Formoso de Cima", "municipio": "Lisboa", "count": 2, "top_infraction": "imbecis", "first_year": "2026", "last_year": "2026", "type_breakdown": "{\"imbecis\": 2}", "monthly_breakdown": "{\"2026-04\": 2}"}}, {"type": "Feature", "geometry": {"type": "LineString", "coordinates": [[-9.1046995, 38.7543365], [-9.1049984, 38.75432769999999], [-9.1050696, 38.7543256]]}, "properties": {"street_name": "Rua do Vale Formoso de Cima", "municipio": "Lisboa", "count": 1, "top_infraction": "imbecis", "first_year": "2026", "last_year": "2026", "type_breakdown": "{\"imbecis\": 1}", "monthly_breakdown": "{\"2026-04\": 1}"}}, {"type": "Feature", "geometry": {"type": "LineString", "coordinates": [[-9.1775433, 38.78896400000001], [-9.1774982, 38.78887139999999], [-9.1774691, 38.7888492], [-9.1768127, 38.7883492], [-9.176705, 38.7882672]]}, "properties": {"street_name": "Alameda Infante Dom Henrique", "municipio": "Odivelas", "count": 1, "top_infraction": "imbecis", "first_year": "2025", "last_year": "2025", "type_breakdown": "{\"imbecis\": 1}", "monthly_breakdown": "{\"2025-02\": 1}"}}, {"type": "Feature", "geometry": {"type": "LineString", "coordinates": [[-9.1059709, 38.7728459], [-9.1066485, 38.772305399999986], [-9.1069992, 38.772040299999986], [-9.1071779, 38.7719127], [-9.1073572, 38.77178949999999], [-9.1074409, 38.7717345]]}, "properties": {"street_name": "Avenida Doutor Francisco Luís Gomes", "municipio": "Lisboa", "count": 1, "top_infraction": "imbecis", "first_year": "2025", "last_year": "2025", "type_breakdown": "{\"imbecis\": 1}", "monthly_breakdown": "{\"2025-09\": 1}"}}, {"type": "Feature", "geometry": {"type": "LineString", "coordinates": [[-9.1644037, 38.778456899999995], [-9.1643581, 38.778830099999986], [-9.1643481, 38.77895639999999], [-9.164314, 38.7793994], [-9.1642731, 38.779964], [-9.1642356, 38.7804973], [-9.1642327, 38.78082349999999], [-9.164273, 38.7811111], [-9.1643758, 38.781453899999995], [-9.1644762, 38.7816696], [-9.1646095, 38.7818946], [-9.1647358, 38.78205049999999], [-9.1649495, 38.7822613], [-9.165174, 38.78244910000001], [-9.1655378, 38.782727799999996], [-9.1657465, 38.7828857]]}, "properties": {"street_name": "Calçada de Carriche", "municipio": "Lisboa", "count": 3, "top_infraction": "imbecis", "first_year": "2024", "last_year": "2025", "type_breakdown": "{\"imbecis\": 3}", "monthly_breakdown": "{\"2024-11\": 1, \"2025-09\": 1, \"2024-06\": 1}"}}, {"type": "Feature", "geometry": {"type": "LineString", "coordinates": [[-9.1642926, 38.781716], [-9.1641933, 38.7817446], [-9.1643435, 38.7821221], [-9.1644038, 38.78218629999999]]}, "properties": {"street_name": null, "municipio": "Lisboa", "count": 1, "top_infraction": "imbecis", "first_year": "2024", "last_year": "2024", "type_breakdown": "{\"imbecis\": 1}", "monthly_breakdown": "{\"2024-11\": 1}"}}, {"type": "Feature", "geometry": {"type": "LineString", "coordinates": [[-9.1645079, 38.782121399999994], [-9.1644359, 38.78203129999999], [-9.1643713, 38.781923], [-9.1642926, 38.781716]]}, "properties": {"street_name": "Calçada de Carriche", "municipio": "Lisboa", "count": 2, "top_infraction": "imbecis", "first_year": "2024", "last_year": "2024", "type_breakdown": "{\"imbecis\": 2}", "monthly_breakdown": "{\"2024-06\": 1, \"2024-12\": 1}"}}, {"type": "Feature", "geometry": {"type": "LineString", "coordinates": [[-9.1002522, 38.7686506], [-9.1016106, 38.76865969999999], [-9.1024041, 38.76866509999999]]}, "properties": {"street_name": "Avenida Aquilino Ribeiro Machado", "municipio": "Lisboa", "count": 1, "top_infraction": "imbecis", "first_year": "2025", "last_year": "2025", "type_breakdown": "{\"imbecis\": 1}", "monthly_breakdown": "{\"2025-06\": 1}"}}, {"type": "Feature", "geometry": {"type": "LineString", "coordinates": [[-9.1761426, 38.7039291], [-9.1769274, 38.7034435], [-9.176957, 38.70342089999999], [-9.1769678, 38.7034001], [-9.1769678, 38.7033785], [-9.1769639, 38.7033607], [-9.176957, 38.7033453], [-9.1769089, 38.7032811], [-9.1767615, 38.7030844], [-9.176690900000002, 38.7029903], [-9.1766628, 38.70295279999999], [-9.1766409, 38.7029235], [-9.176404, 38.702625000000005], [-9.1763339, 38.7025367]]}, "properties": {"street_name": "Rua Maria Luísa Holstein", "municipio": "Lisboa", "count": 1, "top_infraction": "imbecis", "first_year": "2026", "last_year": "2026", "type_breakdown": "{\"imbecis\": 1}", "monthly_breakdown": "{\"2026-01\": 1}"}}, {"type": "Feature", "geometry": {"type": "LineString", "coordinates": [[-9.1081261, 38.767317099999985], [-9.1081592, 38.76732139999999], [-9.1081912, 38.767326499999996], [-9.1082901, 38.7673459], [-9.1083277, 38.767351899999994], [-9.1083626, 38.767356400000004], [-9.1089518, 38.7674162], [-9.1090381, 38.7674245]]}, "properties": {"street_name": "Rua João Cunha Serra", "municipio": "Lisboa", "count": 5, "top_infraction": "imbecis", "first_year": "2024", "last_year": "2024", "type_breakdown": "{\"imbecis\": 5}", "monthly_breakdown": "{\"2024-11\": 3, \"2024-12\": 2}"}}, {"type": "Feature", "geometry": {"type": "LineString", "coordinates": [[-9.1091939, 38.7675483], [-9.1092104, 38.7675605], [-9.1092306, 38.767568699999984], [-9.1092528, 38.76757229999999], [-9.1092755, 38.767571], [-9.1092969, 38.767564799999995], [-9.1093152, 38.7675543]]}, "properties": {"street_name": "Rua João Cunha Serra", "municipio": "Lisboa", "count": 1, "top_infraction": "imbecis", "first_year": "2024", "last_year": "2024", "type_breakdown": "{\"imbecis\": 1}", "monthly_breakdown": "{\"2024-11\": 1}"}}, {"type": "Feature", "geometry": {"type": "LineString", "coordinates": [[-9.1369275, 38.759553499999996], [-9.1372092, 38.7594631], [-9.1382834, 38.75911839999999]]}, "properties": {"street_name": "Avenida do Brasil", "municipio": "Lisboa", "count": 3, "top_infraction": "imbecis", "first_year": "2025", "last_year": "2025", "type_breakdown": "{\"imbecis\": 3}", "monthly_breakdown": "{\"2025-02\": 3}"}}, {"type": "Feature", "geometry": {"type": "LineString", "coordinates": [[-9.1340136, 38.7434372], [-9.1349568, 38.74350069999999], [-9.1353339, 38.74352609999999]]}, "properties": {"street_name": "Avenida de Madrid", "municipio": "Lisboa", "count": 2, "top_infraction": "imbecis", "first_year": "2024", "last_year": "2024", "type_breakdown": "{\"imbecis\": 2}", "monthly_breakdown": "{\"2024-03\": 2}"}}, {"type": "Feature", "geometry": {"type": "LineString", "coordinates": [[-9.1052303, 38.759281], [-9.1056167, 38.75927070000001]]}, "properties": {"street_name": "Rua de Vila Sena", "municipio": "Lisboa", "count": 2, "top_infraction": "imbecis", "first_year": "2025", "last_year": "2025", "type_breakdown": "{\"imbecis\": 2}", "monthly_breakdown": "{\"2025-10\": 2}"}}, {"type": "Feature", "geometry": {"type": "LineString", "coordinates": [[-9.1530025, 38.75414589999999], [-9.1530231, 38.754107600000005], [-9.1530635, 38.754088], [-9.1543342, 38.753471199999986], [-9.1548401, 38.753452300000006], [-9.154914, 38.753456899999996]]}, "properties": {"street_name": null, "municipio": "Lisboa", "count": 2, "top_infraction": "imbecis", "first_year": "2024", "last_year": "2025", "type_breakdown": "{\"imbecis\": 2}", "monthly_breakdown": "{\"2024-11\": 1, \"2025-01\": 1}"}}, {"type": "Feature", "geometry": {"type": "LineString", "coordinates": [[-9.1550993, 38.7505743], [-9.1551248, 38.7505395], [-9.155124, 38.75050949999999], [-9.1548062, 38.7499191], [-9.1545965, 38.7495242], [-9.154508800000002, 38.7493577], [-9.1545069, 38.749342399999996], [-9.1545133, 38.74932989999999], [-9.1545265, 38.7493205], [-9.154910200000002, 38.749197699999996], [-9.1549346, 38.7491565], [-9.155408600000001, 38.74900350000001], [-9.1554281, 38.7490034], [-9.1554448, 38.74900929999999], [-9.1554571, 38.749021], [-9.1555642, 38.7492208], [-9.1555892, 38.74922879999999]]}, "properties": {"street_name": "Rua Professor António Flores", "municipio": "Lisboa", "count": 1, "top_infraction": "imbecis", "first_year": "2024", "last_year": "2024", "type_breakdown": "{\"imbecis\": 1}", "monthly_breakdown": "{\"2024-11\": 1}"}}, {"type": "Feature", "geometry": {"type": "LineString", "coordinates": [[-9.1063638, 38.7498393], [-9.1064003, 38.7500012], [-9.1065393, 38.7501343], [-9.1065764, 38.7501481], [-9.1067538, 38.75021409999999], [-9.1071488, 38.750288299999994], [-9.1074828, 38.7503225], [-9.1076802, 38.75042519999999], [-9.1077802, 38.7505735], [-9.1077802, 38.750700900000005], [-9.1077461, 38.7508777], [-9.107741200000001, 38.75103169999999], [-9.1077924, 38.751151500000006], [-9.1078481, 38.75117539999999]]}, "properties": {"street_name": null, "municipio": "Lisboa", "count": 1, "top_infraction": "imbecis", "first_year": "2026", "last_year": "2026", "type_breakdown": "{\"imbecis\": 1}", "monthly_breakdown": "{\"2026-04\": 1}"}}, {"type": "Feature", "geometry": {"type": "LineString", "coordinates": [[-9.1390354, 38.7106784], [-9.1390567, 38.71073069999999], [-9.1392421, 38.7113689], [-9.1392428, 38.7113788], [-9.1392386, 38.711388]]}, "properties": {"street_name": "Rua do Crucifixo", "municipio": "Lisboa", "count": 1, "top_infraction": "imbecis", "first_year": "2026", "last_year": "2026", "type_breakdown": "{\"imbecis\": 1}", "monthly_breakdown": "{\"2026-02\": 1}"}}, {"type": "Feature", "geometry": {"type": "LineString", "coordinates": [[-9.1559202, 38.752133999999984], [-9.1556467, 38.75161469999999], [-9.1554996, 38.75133829999999]]}, "properties": {"street_name": "Rua Professor António Flores", "municipio": "Lisboa", "count": 2, "top_infraction": "imbecis", "first_year": "2024", "last_year": "2024", "type_breakdown": "{\"imbecis\": 2}", "monthly_breakdown": "{\"2024-11\": 2}"}}, {"type": "Feature", "geometry": {"type": "LineString", "coordinates": [[-9.151319, 38.7479207], [-9.1514393, 38.74790329999999]]}, "properties": {"street_name": "Avenida das Forças Armadas", "municipio": "Lisboa", "count": 1, "top_infraction": "imbecis", "first_year": "2024", "last_year": "2024", "type_breakdown": "{\"imbecis\": 1}", "monthly_breakdown": "{\"2024-11\": 1}"}}, {"type": "Feature", "geometry": {"type": "LineString", "coordinates": [[-9.1062931, 38.7574463], [-9.1062527, 38.7575343]]}, "properties": {"street_name": "Rua de Manjacaze", "municipio": "Lisboa", "count": 2, "top_infraction": "imbecis", "first_year": "2025", "last_year": "2025", "type_breakdown": "{\"imbecis\": 2}", "monthly_breakdown": "{\"2025-09\": 1, \"2025-10\": 1}"}}, {"type": "Feature", "geometry": {"type": "LineString", "coordinates": [[-9.1062931, 38.7574463], [-9.1070456, 38.75766639999999]]}, "properties": {"street_name": null, "municipio": "Lisboa", "count": 3, "top_infraction": "imbecis", "first_year": "2025", "last_year": "2025", "type_breakdown": "{\"imbecis\": 3}", "monthly_breakdown": "{\"2025-10\": 2, \"2025-09\": 1}"}}, {"type": "Feature", "geometry": {"type": "LineString", "coordinates": [[-9.1062527, 38.7575343], [-9.1061479, 38.7577627]]}, "properties": {"street_name": "Rua de Manjacaze", "municipio": "Lisboa", "count": 5, "top_infraction": "imbecis", "first_year": "2025", "last_year": "2025", "type_breakdown": "{\"imbecis\": 5}", "monthly_breakdown": "{\"2025-09\": 2, \"2025-10\": 3}"}}, {"type": "Feature", "geometry": {"type": "LineString", "coordinates": [[-9.1078171, 38.757695299999995], [-9.1081798, 38.7577933]]}, "properties": {"street_name": "Rua Macia", "municipio": "Lisboa", "count": 1, "top_infraction": "imbecis", "first_year": "2025", "last_year": "2025", "type_breakdown": "{\"imbecis\": 1}", "monthly_breakdown": "{\"2025-09\": 1}"}}, {"type": "Feature", "geometry": {"type": "LineString", "coordinates": [[-9.1075878, 38.7581903], [-9.1071909, 38.758073700000004]]}, "properties": {"street_name": "Rua Almada Negreiros", "municipio": "Lisboa", "count": 1, "top_infraction": "imbecis", "first_year": "2025", "last_year": "2025", "type_breakdown": "{\"imbecis\": 1}", "monthly_breakdown": "{\"2025-09\": 1}"}}, {"type": "Feature", "geometry": {"type": "LineString", "coordinates": [[-9.1071909, 38.758073700000004], [-9.1065995, 38.75822079999999], [-9.1067108, 38.758452999999996]]}, "properties": {"street_name": null, "municipio": "Lisboa", "count": 1, "top_infraction": "imbecis", "first_year": "2025", "last_year": "2025", "type_breakdown": "{\"imbecis\": 1}", "monthly_breakdown": "{\"2025-09\": 1}"}}, {"type": "Feature", "geometry": {"type": "LineString", "coordinates": [[-9.1072948, 38.7588155], [-9.1073731, 38.7591193]]}, "properties": {"street_name": null, "municipio": "Lisboa", "count": 1, "top_infraction": "imbecis", "first_year": "2025", "last_year": "2025", "type_breakdown": "{\"imbecis\": 1}", "monthly_breakdown": "{\"2025-10\": 1}"}}, {"type": "Feature", "geometry": {"type": "LineString", "coordinates": [[-9.1072948, 38.7588155], [-9.1069357, 38.7588929], [-9.106874600000001, 38.75874100000001], [-9.1071897, 38.758683], [-9.1072948, 38.7588155]]}, "properties": {"street_name": null, "municipio": "Lisboa", "count": 7, "top_infraction": "imbecis", "first_year": "2025", "last_year": "2025", "type_breakdown": "{\"imbecis\": 7}", "monthly_breakdown": "{\"2025-09\": 7}"}}, {"type": "Feature", "geometry": {"type": "LineString", "coordinates": [[-9.105276, 38.7601363], [-9.1055587, 38.76034409999998]]}, "properties": {"street_name": null, "municipio": "Lisboa", "count": 3, "top_infraction": "imbecis", "first_year": "2025", "last_year": "2025", "type_breakdown": "{\"imbecis\": 3}", "monthly_breakdown": "{\"2025-09\": 3}"}}, {"type": "Feature", "geometry": {"type": "LineString", "coordinates": [[-9.1055587, 38.76034409999998], [-9.1054245, 38.76044799999998], [-9.105438, 38.76067750000001]]}, "properties": {"street_name": null, "municipio": "Lisboa", "count": 1, "top_infraction": "imbecis", "first_year": "2025", "last_year": "2025", "type_breakdown": "{\"imbecis\": 1}", "monthly_breakdown": "{\"2025-09\": 1}"}}, {"type": "Feature", "geometry": {"type": "LineString", "coordinates": [[-9.106915, 38.7606755], [-9.1070082, 38.7608411], [-9.1070569, 38.7608832], [-9.1071978, 38.760891099999995], [-9.1072466, 38.760854], [-9.1072919, 38.7607282], [-9.1073091, 38.7607062], [-9.1073348, 38.7606866], [-9.1073891, 38.76066599999999]]}, "properties": {"street_name": "Rua de Marracuene", "municipio": "Lisboa", "count": 10, "top_infraction": "imbecis", "first_year": "2025", "last_year": "2025", "type_breakdown": "{\"imbecis\": 10}", "monthly_breakdown": "{\"2025-09\": 6, \"2025-10\": 4}"}}, {"type": "Feature", "geometry": {"type": "LineString", "coordinates": [[-9.1073891, 38.76066599999999], [-9.1074907, 38.76079889999999], [-9.1076271, 38.76097079999999], [-9.1077043, 38.7610176], [-9.1078837, 38.761063], [-9.108125, 38.76109790000001], [-9.1081695, 38.7611385]]}, "properties": {"street_name": "Rua de Marracuene", "municipio": "Lisboa", "count": 5, "top_infraction": "imbecis", "first_year": "2025", "last_year": "2025", "type_breakdown": "{\"imbecis\": 5}", "monthly_breakdown": "{\"2025-09\": 3, \"2025-10\": 2}"}}, {"type": "Feature", "geometry": {"type": "LineString", "coordinates": [[-9.108538, 38.761091], [-9.1083126, 38.7610836], [-9.1081695, 38.7611385]]}, "properties": {"street_name": null, "municipio": "Lisboa", "count": 2, "top_infraction": "imbecis", "first_year": "2025", "last_year": "2025", "type_breakdown": "{\"imbecis\": 2}", "monthly_breakdown": "{\"2025-09\": 2}"}}, {"type": "Feature", "geometry": {"type": "LineString", "coordinates": [[-9.1673826, 38.7599038], [-9.167469, 38.7598818], [-9.1675443, 38.759860499999995], [-9.1676734, 38.759789299999994], [-9.1679163, 38.7597755], [-9.1682401, 38.7597849], [-9.1688002, 38.7597921], [-9.1688787, 38.7597696], [-9.1692932, 38.7597401], [-9.1693752, 38.7596972], [-9.1696371, 38.75967459999999], [-9.1697328, 38.759708100000005], [-9.1698345, 38.7597487], [-9.1699535, 38.759748800000004]]}, "properties": {"street_name": "Estrada de Telheiras", "municipio": "Lisboa", "count": 2, "top_infraction": "imbecis", "first_year": "2024", "last_year": "2024", "type_breakdown": "{\"imbecis\": 2}", "monthly_breakdown": "{\"2024-12\": 2}"}}, {"type": "Feature", "geometry": {"type": "LineString", "coordinates": [[-9.1585073, 38.705307299999994], [-9.1585477, 38.7053592], [-9.158571, 38.705389], [-9.158662, 38.7055061], [-9.1586941, 38.70554750000001], [-9.1587811, 38.7055062], [-9.1589237, 38.7054382], [-9.158971, 38.7054157], [-9.159091, 38.7053596], [-9.1591795, 38.705318099999985]]}, "properties": {"street_name": "Beco da Galheta", "municipio": "Lisboa", "count": 1, "top_infraction": "imbecis", "first_year": "2024", "last_year": "2024", "type_breakdown": "{\"imbecis\": 1}", "monthly_breakdown": "{\"2024-04\": 1}"}}, {"type": "Feature", "geometry": {"type": "LineString", "coordinates": [[-9.1162487, 38.76354049999999], [-9.116133, 38.7634109], [-9.1161165, 38.763391], [-9.1160176, 38.7633284], [-9.115779, 38.7632613], [-9.1145632, 38.76289069999999], [-9.1144706, 38.762893], [-9.114429, 38.7629117], [-9.1143863, 38.76293089999999], [-9.114343, 38.76296139999999], [-9.1143206, 38.7630048]]}, "properties": {"street_name": null, "municipio": "Lisboa", "count": 1, "top_infraction": "imbecis", "first_year": "2025", "last_year": "2025", "type_breakdown": "{\"imbecis\": 1}", "monthly_breakdown": "{\"2025-09\": 1}"}}, {"type": "Feature", "geometry": {"type": "LineString", "coordinates": [[-9.1129729, 38.76247740000001], [-9.1131094, 38.762572199999994], [-9.1132401, 38.76264929999999]]}, "properties": {"street_name": "Rua Cidade de Bissau", "municipio": "Lisboa", "count": 1, "top_infraction": "imbecis", "first_year": "2025", "last_year": "2025", "type_breakdown": "{\"imbecis\": 1}", "monthly_breakdown": "{\"2025-09\": 1}"}}, {"type": "Feature", "geometry": {"type": "LineString", "coordinates": [[-9.134969800000002, 38.72634850000001], [-9.134977, 38.7262288], [-9.1350437, 38.72559309999999], [-9.135101, 38.7249889], [-9.1351134, 38.7248656]]}, "properties": {"street_name": "Avenida Almirante Reis", "municipio": "Lisboa", "count": 1, "top_infraction": "imbecis", "first_year": "2025", "last_year": "2025", "type_breakdown": "{\"imbecis\": 1}", "monthly_breakdown": "{\"2025-04\": 1}"}}, {"type": "Feature", "geometry": {"type": "LineString", "coordinates": [[-9.1369014, 38.759379300000006], [-9.1369551, 38.7592754], [-9.1370504, 38.759126900000005], [-9.1373106, 38.7587421], [-9.1374741, 38.7584882], [-9.1375434, 38.7583543]]}, "properties": {"street_name": "Rua Reinaldo Ferreira", "municipio": "Lisboa", "count": 1, "top_infraction": "imbecis", "first_year": "2025", "last_year": "2025", "type_breakdown": "{\"imbecis\": 1}", "monthly_breakdown": "{\"2025-02\": 1}"}}, {"type": "Feature", "geometry": {"type": "LineString", "coordinates": [[-9.1264365, 38.7208463], [-9.1265263, 38.720871200000005], [-9.1266665, 38.720951899999996], [-9.1267319, 38.72098959999999]]}, "properties": {"street_name": "Rua do Vale de Santo António", "municipio": "Lisboa", "count": 1, "top_infraction": "imbecis", "first_year": "2025", "last_year": "2025", "type_breakdown": "{\"imbecis\": 1}", "monthly_breakdown": "{\"2025-03\": 1}"}}, {"type": "Feature", "geometry": {"type": "LineString", "coordinates": [[-9.11465, 38.7616366], [-9.1146006, 38.76151], [-9.1144896, 38.76129949999999]]}, "properties": {"street_name": "Rua Dom Aleixo Corte Real", "municipio": "Lisboa", "count": 1, "top_infraction": "imbecis", "first_year": "2026", "last_year": "2026", "type_breakdown": "{\"imbecis\": 1}", "monthly_breakdown": "{\"2026-03\": 1}"}}, {"type": "Feature", "geometry": {"type": "LineString", "coordinates": [[-9.1156556, 38.7619542], [-9.1148308, 38.761699199999995], [-9.11465, 38.7616366]]}, "properties": {"street_name": "Rua Cidade de Bolama", "municipio": "Lisboa", "count": 1, "top_infraction": "imbecis", "first_year": "2026", "last_year": "2026", "type_breakdown": "{\"imbecis\": 1}", "monthly_breakdown": "{\"2026-03\": 1}"}}, {"type": "Feature", "geometry": {"type": "LineString", "coordinates": [[-9.1166332, 38.767873099999996], [-9.1166179, 38.76780839999999], [-9.1166068, 38.76776899999999], [-9.1165766, 38.76773659999999], [-9.1164693, 38.767702], [-9.1162284, 38.7676624]]}, "properties": {"street_name": null, "municipio": "Lisboa", "count": 3, "top_infraction": "imbecis", "first_year": "2024", "last_year": "2024", "type_breakdown": "{\"imbecis\": 3}", "monthly_breakdown": "{\"2024-07\": 1, \"2024-08\": 2}"}}, {"type": "Feature", "geometry": {"type": "LineString", "coordinates": [[-9.1122964, 38.7679456], [-9.1123705, 38.76799260000001], [-9.1125131, 38.768028400000006], [-9.1125269, 38.7680319], [-9.112546, 38.7680399], [-9.1125594, 38.7680533]]}, "properties": {"street_name": "Rua Cidade de Cabinda", "municipio": "Lisboa", "count": 1, "top_infraction": "imbecis", "first_year": "2025", "last_year": "2025", "type_breakdown": "{\"imbecis\": 1}", "monthly_breakdown": "{\"2025-02\": 1}"}}, {"type": "Feature", "geometry": {"type": "LineString", "coordinates": [[-9.1093152, 38.7675543], [-9.1093268, 38.76754329999999], [-9.109335, 38.76753049999999], [-9.10934, 38.767511199999994], [-9.1093371, 38.76749159999999], [-9.1093268, 38.76747369999999]]}, "properties": {"street_name": "Rua João Cunha Serra", "municipio": "Lisboa", "count": 3, "top_infraction": "imbecis", "first_year": "2024", "last_year": "2024", "type_breakdown": "{\"imbecis\": 3}", "monthly_breakdown": "{\"2024-12\": 1, \"2024-11\": 2}"}}, {"type": "Feature", "geometry": {"type": "LineString", "coordinates": [[-9.1455696, 38.7201853], [-9.1456025, 38.720285499999996], [-9.1455958, 38.72034940000001], [-9.1455719, 38.7204015], [-9.145518, 38.72045499999999], [-9.1454654, 38.72049239999998], [-9.1453772, 38.720555299999994]]}, "properties": {"street_name": "Avenida da Liberdade", "municipio": "Lisboa", "count": 1, "top_infraction": "imbecis", "first_year": "2024", "last_year": "2024", "type_breakdown": "{\"imbecis\": 1}", "monthly_breakdown": "{\"2024-11\": 1}"}}, {"type": "Feature", "geometry": {"type": "LineString", "coordinates": [[-9.1109555, 38.7606923], [-9.1111584, 38.760641], [-9.1112514, 38.7605955], [-9.1112707, 38.760572100000005], [-9.1112891, 38.7605498], [-9.1113008, 38.76049259999999], [-9.1110678, 38.75951100000001], [-9.1110345, 38.7594363], [-9.1109703, 38.75939269999999], [-9.1108806, 38.75937600000001], [-9.1107446, 38.75939910000001], [-9.1105702, 38.759423600000005], [-9.1104059, 38.7594416]]}, "properties": {"street_name": "Rua do Dondo", "municipio": "Lisboa", "count": 3, "top_infraction": "imbecis", "first_year": "2025", "last_year": "2025", "type_breakdown": "{\"imbecis\": 3}", "monthly_breakdown": "{\"2025-10\": 3}"}}, {"type": "Feature", "geometry": {"type": "LineString", "coordinates": [[-9.1109555, 38.7606923], [-9.1110247, 38.76086269999999], [-9.1109427, 38.76088529999999], [-9.1106583, 38.76088779999999]]}, "properties": {"street_name": null, "municipio": "Lisboa", "count": 1, "top_infraction": "imbecis", "first_year": "2025", "last_year": "2025", "type_breakdown": "{\"imbecis\": 1}", "monthly_breakdown": "{\"2025-09\": 1}"}}, {"type": "Feature", "geometry": {"type": "LineString", "coordinates": [[-9.1824984, 38.795176999999995], [-9.1823452, 38.7951662], [-9.182101, 38.79514910000002], [-9.1818598, 38.7951322], [-9.1818326, 38.7951303]]}, "properties": {"street_name": "Avenida Professor Doutor Augusto Abreu Lopes", "municipio": "Odivelas", "count": 1, "top_infraction": "imbecis", "first_year": "2024", "last_year": "2024", "type_breakdown": "{\"imbecis\": 1}", "monthly_breakdown": "{\"2024-10\": 1}"}}, {"type": "Feature", "geometry": {"type": "LineString", "coordinates": [[-9.145182, 38.735469200000004], [-9.1453365, 38.7360941], [-9.1453652, 38.7362036]]}, "properties": {"street_name": "Avenida da República", "municipio": "Lisboa", "count": 1, "top_infraction": "imbecis", "first_year": "2025", "last_year": "2025", "type_breakdown": "{\"imbecis\": 1}", "monthly_breakdown": "{\"2025-09\": 1}"}}, {"type": "Feature", "geometry": {"type": "LineString", "coordinates": [[-9.1870409, 38.7832281], [-9.1872268, 38.783158300000004], [-9.1873042, 38.783148200000014], [-9.1873752, 38.783151399999994], [-9.1874374, 38.7831684]]}, "properties": {"street_name": "Rua Heróis do Ultramar", "municipio": "Odivelas", "count": 1, "top_infraction": "imbecis", "first_year": "2024", "last_year": "2024", "type_breakdown": "{\"imbecis\": 1}", "monthly_breakdown": "{\"2024-03\": 1}"}}, {"type": "Feature", "geometry": {"type": "LineString", "coordinates": [[-9.1878349, 38.78329], [-9.1877165, 38.78325879999999], [-9.1875727, 38.7832122]]}, "properties": {"street_name": "Rua Heróis do Ultramar", "municipio": "Odivelas", "count": 1, "top_infraction": "imbecis", "first_year": "2024", "last_year": "2024", "type_breakdown": "{\"imbecis\": 1}", "monthly_breakdown": "{\"2024-03\": 1}"}}, {"type": "Feature", "geometry": {"type": "LineString", "coordinates": [[-9.1440156, 38.7184036], [-9.1438369, 38.71849809999999], [-9.1437354, 38.71855180000001], [-9.1436936, 38.718625199999984]]}, "properties": {"street_name": "Avenida da Liberdade", "municipio": "Lisboa", "count": 1, "top_infraction": "imbecis", "first_year": "2025", "last_year": "2025", "type_breakdown": "{\"imbecis\": 1}", "monthly_breakdown": "{\"2025-12\": 1}"}}, {"type": "Feature", "geometry": {"type": "LineString", "coordinates": [[-9.1656338, 38.7826558], [-9.1655271, 38.782574], [-9.1652691, 38.78237729999999], [-9.165066, 38.7822068], [-9.1649031, 38.782053], [-9.1647579, 38.78188550000001], [-9.164685, 38.7817753], [-9.1646618, 38.78174030000001], [-9.1645267, 38.7814696], [-9.1644057, 38.7811067], [-9.1643681, 38.7808605], [-9.1643638, 38.7807019], [-9.1643719, 38.780452700000005], [-9.1644203, 38.779867900000006], [-9.1644227, 38.77984020000001], [-9.1644591, 38.779427399999996], [-9.1644915, 38.7790715], [-9.1645029, 38.778896599999996], [-9.1645108, 38.77881]]}, "properties": {"street_name": "Calçada de Carriche", "municipio": "Lisboa", "count": 1, "top_infraction": "imbecis", "first_year": "2024", "last_year": "2024", "type_breakdown": "{\"imbecis\": 1}", "monthly_breakdown": "{\"2024-09\": 1}"}}, {"type": "Feature", "geometry": {"type": "LineString", "coordinates": [[-9.1101621, 38.759732099999994], [-9.1101994, 38.75991079999999]]}, "properties": {"street_name": "Rua Almada Negreiros", "municipio": "Lisboa", "count": 3, "top_infraction": "imbecis", "first_year": "2025", "last_year": "2025", "type_breakdown": "{\"imbecis\": 3}", "monthly_breakdown": "{\"2025-09\": 1, \"2025-10\": 2}"}}, {"type": "Feature", "geometry": {"type": "LineString", "coordinates": [[-9.1089636, 38.7602075], [-9.1091478, 38.76012810000001], [-9.1095585, 38.7599511], [-9.1096786, 38.75989929999999]]}, "properties": {"street_name": null, "municipio": "Lisboa", "count": 1, "top_infraction": "imbecis", "first_year": "2025", "last_year": "2025", "type_breakdown": "{\"imbecis\": 1}", "monthly_breakdown": "{\"2025-09\": 1}"}}, {"type": "Feature", "geometry": {"type": "LineString", "coordinates": [[-9.1401598, 38.713595999999995], [-9.1398809, 38.7136664], [-9.139735500000002, 38.7137031]]}, "properties": {"street_name": "Calçada do Carmo", "municipio": "Lisboa", "count": 4, "top_infraction": "imbecis", "first_year": "2025", "last_year": "2025", "type_breakdown": "{\"imbecis\": 4}", "monthly_breakdown": "{\"2025-12\": 3, \"2025-11\": 1}"}}, {"type": "Feature", "geometry": {"type": "LineString", "coordinates": [[-9.1401598, 38.713595999999995], [-9.1398194, 38.7127797], [-9.1396217, 38.7128222]]}, "properties": {"street_name": "Rua 1º de Dezembro", "municipio": "Lisboa", "count": 4, "top_infraction": "imbecis", "first_year": "2025", "last_year": "2025", "type_breakdown": "{\"imbecis\": 4}", "monthly_breakdown": "{\"2025-10\": 2, \"2025-11\": 1, \"2025-12\": 1}"}}, {"type": "Feature", "geometry": {"type": "LineString", "coordinates": [[-9.1375432, 38.71256120000001], [-9.1377994, 38.7132175], [-9.1378092, 38.7132422], [-9.1378268, 38.7132715], [-9.1378517, 38.71329359999999]]}, "properties": {"street_name": "Rua da Prata", "municipio": "Lisboa", "count": 1, "top_infraction": "imbecis", "first_year": "2025", "last_year": "2025", "type_breakdown": "{\"imbecis\": 1}", "monthly_breakdown": "{\"2025-11\": 1}"}}, {"type": "Feature", "geometry": {"type": "LineString", "coordinates": [[-9.199423, 38.7561305], [-9.1984091, 38.756535599999985], [-9.1980893, 38.75667310000001]]}, "properties": {"street_name": "Rua da Quinta do Charquinho", "municipio": "Lisboa", "count": 1, "top_infraction": "imbecis", "first_year": "2025", "last_year": "2025", "type_breakdown": "{\"imbecis\": 1}", "monthly_breakdown": "{\"2025-09\": 1}"}}, {"type": "Feature", "geometry": {"type": "LineString", "coordinates": [[-9.1121548, 38.75881989999999], [-9.1123006, 38.758693599999994], [-9.1123404, 38.7586132]]}, "properties": {"street_name": null, "municipio": "Lisboa", "count": 1, "top_infraction": "imbecis", "first_year": "2024", "last_year": "2024", "type_breakdown": "{\"imbecis\": 1}", "monthly_breakdown": "{\"2024-07\": 1}"}}, {"type": "Feature", "geometry": {"type": "LineString", "coordinates": [[-9.1456013, 38.7361835], [-9.1456216, 38.736273499999996], [-9.1456261, 38.736292], [-9.1458131, 38.73706190000001], [-9.1458185, 38.73708430000001], [-9.1458478, 38.7372055]]}, "properties": {"street_name": "Ciclovia Avenida da República", "municipio": "Lisboa", "count": 1, "top_infraction": "imbecis", "first_year": "2025", "last_year": "2025", "type_breakdown": "{\"imbecis\": 1}", "monthly_breakdown": "{\"2025-01\": 1}"}}, {"type": "Feature", "geometry": {"type": "LineString", "coordinates": [[-9.1456013, 38.7361835], [-9.1455798, 38.736101299999994], [-9.1455696, 38.73605950000001], [-9.1454385, 38.7355196], [-9.145432100000003, 38.73549309999999]]}, "properties": {"street_name": "Ciclovia Avenida da República", "municipio": "Lisboa", "count": 3, "top_infraction": "imbecis", "first_year": "2024", "last_year": "2024", "type_breakdown": "{\"imbecis\": 3}", "monthly_breakdown": "{\"2024-12\": 3}"}}, {"type": "Feature", "geometry": {"type": "LineString", "coordinates": [[-9.1486695, 38.72949669999999], [-9.1485493, 38.7296967]]}, "properties": {"street_name": "Rua Viriato", "municipio": "Lisboa", "count": 2, "top_infraction": "imbecis", "first_year": "2024", "last_year": "2024", "type_breakdown": "{\"imbecis\": 2}", "monthly_breakdown": "{\"2024-11\": 1, \"2024-10\": 1}"}}, {"type": "Feature", "geometry": {"type": "LineString", "coordinates": [[-9.1472943, 38.7299804], [-9.1473327, 38.72991249999999], [-9.14775, 38.7292288], [-9.1477884, 38.729165800000004]]}, "properties": {"street_name": "Ciclovia da Avenida Fontes Pereira de Melo", "municipio": "Lisboa", "count": 1, "top_infraction": "imbecis", "first_year": "2024", "last_year": "2024", "type_breakdown": "{\"imbecis\": 1}", "monthly_breakdown": "{\"2024-11\": 1}"}}, {"type": "Feature", "geometry": {"type": "LineString", "coordinates": [[-9.190694, 38.7893708], [-9.190815500000001, 38.78965389999999], [-9.1906906, 38.789686700000004], [-9.1907282, 38.78977879999999]]}, "properties": {"street_name": "Praceta Mestre Afonso", "municipio": "Odivelas", "count": 1, "top_infraction": "imbecis", "first_year": "2025", "last_year": "2025", "type_breakdown": "{\"imbecis\": 1}", "monthly_breakdown": "{\"2025-02\": 1}"}}, {"type": "Feature", "geometry": {"type": "LineString", "coordinates": [[-9.1494507, 38.74885019999999], [-9.1493255, 38.74888610000001], [-9.149214, 38.7489344], [-9.1491447, 38.748956799999995], [-9.1490901, 38.748961599999994], [-9.1490273, 38.74895519999999]]}, "properties": {"street_name": null, "municipio": "Lisboa", "count": 1, "top_infraction": "imbecis", "first_year": "2025", "last_year": "2025", "type_breakdown": "{\"imbecis\": 1}", "monthly_breakdown": "{\"2025-02\": 1}"}}, {"type": "Feature", "geometry": {"type": "LineString", "coordinates": [[-9.1429293, 38.7115365], [-9.1429375, 38.711146899999996], [-9.142951, 38.7108901], [-9.1429572, 38.7108392]]}, "properties": {"street_name": "Rua da Misericórdia", "municipio": "Lisboa", "count": 1, "top_infraction": "imbecis", "first_year": "2025", "last_year": "2025", "type_breakdown": "{\"imbecis\": 1}", "monthly_breakdown": "{\"2025-11\": 1}"}}, {"type": "Feature", "geometry": {"type": "LineString", "coordinates": [[-9.1625091, 38.7828524], [-9.1625723, 38.7827326], [-9.1628095, 38.78220340000001], [-9.1628893, 38.7820254], [-9.1629676, 38.781850799999994], [-9.163025, 38.781719], [-9.1630848, 38.7815861]]}, "properties": {"street_name": "Rua Professor José Pinto Correia", "municipio": "Lisboa", "count": 1, "top_infraction": "imbecis", "first_year": "2024", "last_year": "2024", "type_breakdown": "{\"imbecis\": 1}", "monthly_breakdown": "{\"2024-11\": 1}"}}, {"type": "Feature", "geometry": {"type": "LineString", "coordinates": [[-9.1927981, 38.7870324], [-9.1926821, 38.78701650000001], [-9.1926517, 38.787012299999994], [-9.1926111, 38.7870163], [-9.1925794, 38.787025099999994], [-9.1925536, 38.78705179999999]]}, "properties": {"street_name": null, "municipio": "Odivelas", "count": 1, "top_infraction": "imbecis", "first_year": "2024", "last_year": "2024", "type_breakdown": "{\"imbecis\": 1}", "monthly_breakdown": "{\"2024-03\": 1}"}}, {"type": "Feature", "geometry": {"type": "LineString", "coordinates": [[-9.1924956, 38.786586099999994], [-9.1923862, 38.7865871], [-9.1918808, 38.78657280000001], [-9.1918873, 38.7863688], [-9.1924234, 38.786382399999994], [-9.192519, 38.78631159999999], [-9.1925103, 38.7858898], [-9.1926967, 38.7858877], [-9.1927256, 38.7858992], [-9.1927495, 38.7859192], [-9.1927625, 38.785941], [-9.1927658, 38.78596869999999], [-9.1927705, 38.786424999999994], [-9.1927603, 38.786459], [-9.1927379, 38.7864961]]}, "properties": {"street_name": "['Rua Dom António Prior do Crato', 'Rua São Vicente Pallotti']", "municipio": "Odivelas", "count": 1, "top_infraction": "imbecis", "first_year": "2024", "last_year": "2024", "type_breakdown": "{\"imbecis\": 1}", "monthly_breakdown": "{\"2024-03\": 1}"}}, {"type": "Feature", "geometry": {"type": "LineString", "coordinates": [[-9.143916800000001, 38.71706009999999], [-9.1440629, 38.71682469999999], [-9.1440824, 38.71680380000001], [-9.1441203, 38.7167674]]}, "properties": {"street_name": "Travessa da Glória", "municipio": "Lisboa", "count": 2, "top_infraction": "imbecis", "first_year": "2025", "last_year": "2025", "type_breakdown": "{\"imbecis\": 2}", "monthly_breakdown": "{\"2025-12\": 2}"}}, {"type": "Feature", "geometry": {"type": "LineString", "coordinates": [[-9.1118385, 38.7609045], [-9.1117043, 38.761046], [-9.1116649, 38.7610681], [-9.1116213, 38.761086999999996], [-9.1113233, 38.76121909999999], [-9.1109176, 38.7613997], [-9.1108171, 38.761445200000004]]}, "properties": {"street_name": "Ciclovia Avenida Cidade de Luanda", "municipio": "Lisboa", "count": 1, "top_infraction": "imbecis", "first_year": "2025", "last_year": "2025", "type_breakdown": "{\"imbecis\": 1}", "monthly_breakdown": "{\"2025-09\": 1}"}}, {"type": "Feature", "geometry": {"type": "LineString", "coordinates": [[-9.1100487, 38.7621364], [-9.110434, 38.76183939999999], [-9.1106691, 38.7617053], [-9.1107361, 38.7616679], [-9.1108076, 38.7616326], [-9.111250000000002, 38.7614347], [-9.1115475, 38.7613013], [-9.1117641, 38.761205099999984], [-9.1118291, 38.76117690000001], [-9.1118721, 38.76116410000001], [-9.1119153, 38.76115989999999], [-9.111954500000001, 38.76116069999999], [-9.1119963, 38.761169100000004]]}, "properties": {"street_name": "Ciclovia Avenida Cidade de Luanda", "municipio": "Lisboa", "count": 1, "top_infraction": "imbecis", "first_year": "2025", "last_year": "2025", "type_breakdown": "{\"imbecis\": 1}", "monthly_breakdown": "{\"2025-09\": 1}"}}, {"type": "Feature", "geometry": {"type": "LineString", "coordinates": [[-9.1074284, 38.762884299999996], [-9.1071728, 38.7628863], [-9.1061782, 38.762887899999996], [-9.1057715, 38.762892], [-9.1055393, 38.76289230000001], [-9.1050066, 38.7628931], [-9.1040139, 38.7628947], [-9.1039459, 38.7629392]]}, "properties": {"street_name": "Ciclovia Avenida de Pádua", "municipio": "Lisboa", "count": 1, "top_infraction": "imbecis", "first_year": "2025", "last_year": "2025", "type_breakdown": "{\"imbecis\": 1}", "monthly_breakdown": "{\"2025-11\": 1}"}}, {"type": "Feature", "geometry": {"type": "LineString", "coordinates": [[-9.1774539, 38.7019798], [-9.1775362, 38.7019364], [-9.1777229, 38.7018379]]}, "properties": {"street_name": "Rua Joaquim Carlos Silveira", "municipio": "Lisboa", "count": 2, "top_infraction": "imbecis", "first_year": "2024", "last_year": "2024", "type_breakdown": "{\"imbecis\": 2}", "monthly_breakdown": "{\"2024-11\": 2}"}}, {"type": "Feature", "geometry": {"type": "LineString", "coordinates": [[-9.1056974, 38.75665169999999], [-9.1051673, 38.7564913], [-9.1047172, 38.7563551], [-9.1045449, 38.756319], [-9.1043112, 38.7562471]]}, "properties": {"street_name": "Ciclovia Avenida Marechal Gomes da Costa", "municipio": "Lisboa", "count": 1, "top_infraction": "imbecis", "first_year": "2026", "last_year": "2026", "type_breakdown": "{\"imbecis\": 1}", "monthly_breakdown": "{\"2026-02\": 1}"}}, {"type": "Feature", "geometry": {"type": "LineString", "coordinates": [[-9.1674036, 38.740722399999996], [-9.1674963, 38.740746], [-9.1675907, 38.74077], [-9.1677389, 38.740826600000005]]}, "properties": {"street_name": "Rua Professor Lima Basto", "municipio": "Lisboa", "count": 1, "top_infraction": "imbecis", "first_year": "2025", "last_year": "2025", "type_breakdown": "{\"imbecis\": 1}", "monthly_breakdown": "{\"2025-10\": 1}"}}, {"type": "Feature", "geometry": {"type": "LineString", "coordinates": [[-9.1090381, 38.7674245], [-9.1090668, 38.7674378], [-9.1091107, 38.76746159999999], [-9.1091359, 38.7674848], [-9.1091512, 38.7675034], [-9.1091829, 38.76753419999999]]}, "properties": {"street_name": "Rua João Cunha Serra", "municipio": "Lisboa", "count": 4, "top_infraction": "imbecis", "first_year": "2024", "last_year": "2024", "type_breakdown": "{\"imbecis\": 4}", "monthly_breakdown": "{\"2024-11\": 4}"}}, {"type": "Feature", "geometry": {"type": "LineString", "coordinates": [[-9.1090308, 38.76806990000001], [-9.1087064, 38.768036], [-9.1079772, 38.7679598]]}, "properties": {"street_name": "Avenida de Berlim", "municipio": "Lisboa", "count": 1, "top_infraction": "imbecis", "first_year": "2025", "last_year": "2025", "type_breakdown": "{\"imbecis\": 1}", "monthly_breakdown": "{\"2025-01\": 1}"}}, {"type": "Feature", "geometry": {"type": "LineString", "coordinates": [[-9.1486362, 38.7273209], [-9.1484867, 38.7275726]]}, "properties": {"street_name": "Ciclovia da Avenida Fontes Pereira de Melo", "municipio": "Lisboa", "count": 1, "top_infraction": "imbecis", "first_year": "2024", "last_year": "2024", "type_breakdown": "{\"imbecis\": 1}", "monthly_breakdown": "{\"2024-12\": 1}"}}, {"type": "Feature", "geometry": {"type": "LineString", "coordinates": [[-9.1130415, 38.7420963], [-9.1129749, 38.742155399999994], [-9.1128215, 38.7423405], [-9.112612, 38.74260009999999], [-9.1124246, 38.7427846], [-9.1123478, 38.74285030000001]]}, "properties": {"street_name": "Ciclovia Avenida Paulo VI", "municipio": "Lisboa", "count": 1, "top_infraction": "imbecis", "first_year": "2026", "last_year": "2026", "type_breakdown": "{\"imbecis\": 1}", "monthly_breakdown": "{\"2026-04\": 1}"}}, {"type": "Feature", "geometry": {"type": "LineString", "coordinates": [[-9.1369835, 38.7345425], [-9.1370117, 38.7344524], [-9.1370213, 38.73439830000001], [-9.137034, 38.734345399999995], [-9.1370698, 38.7342442], [-9.1376247, 38.733507100000004], [-9.1376541, 38.73347309999999], [-9.1377395, 38.7333741]]}, "properties": {"street_name": "Rua de Ponta Delgada", "municipio": "Lisboa", "count": 2, "top_infraction": "imbecis", "first_year": "2024", "last_year": "2025", "type_breakdown": "{\"imbecis\": 2}", "monthly_breakdown": "{\"2025-12\": 1, \"2024-12\": 1}"}}, {"type": "Feature", "geometry": {"type": "LineString", "coordinates": [[-9.1046318, 38.767470900000006], [-9.1046461, 38.767459900000006], [-9.1046617, 38.7674478], [-9.1046682, 38.7674433], [-9.1046727, 38.767442200000005], [-9.1046781, 38.7674408], [-9.1046877, 38.7674411], [-9.104697, 38.7674441], [-9.1047009, 38.7674475], [-9.1047228, 38.7674667], [-9.1047567, 38.76748769999999], [-9.104793, 38.767505], [-9.1048319, 38.7675207], [-9.1048714, 38.76753229999999], [-9.1049123, 38.7675407], [-9.104954, 38.7675458], [-9.1050486, 38.7675559], [-9.1051053, 38.7675637], [-9.1051613, 38.767573399999996], [-9.1051886, 38.7675802], [-9.1052142, 38.7675885], [-9.105239200000002, 38.7675976], [-9.1052608, 38.767602199999985], [-9.1056646, 38.76764550000001], [-9.105734, 38.76765039999999], [-9.1058033, 38.76765149999999], [-9.105856200000002, 38.76765489999998], [-9.1058727, 38.767655899999994], [-9.1061677, 38.767690399999985], [-9.1063246, 38.767713599999986], [-9.1064819, 38.7677302], [-9.1065265, 38.767745299999994], [-9.1065459, 38.76775199999999], [-9.1065516, 38.767752699999996], [-9.1066604, 38.76776550000001]]}, "properties": {"street_name": null, "municipio": "Lisboa", "count": 2, "top_infraction": "imbecis", "first_year": "2025", "last_year": "2025", "type_breakdown": "{\"imbecis\": 2}", "monthly_breakdown": "{\"2025-08\": 1, \"2025-10\": 1}"}}, {"type": "Feature", "geometry": {"type": "LineString", "coordinates": [[-9.1074624, 38.7593622], [-9.1078101, 38.7593165], [-9.107854, 38.759316500000004], [-9.1078957, 38.759320699999996], [-9.1080491, 38.75934680000001]]}, "properties": {"street_name": null, "municipio": "Lisboa", "count": 5, "top_infraction": "imbecis", "first_year": "2025", "last_year": "2026", "type_breakdown": "{\"imbecis\": 5}", "monthly_breakdown": "{\"2025-09\": 2, \"2026-03\": 2, \"2025-10\": 1}"}}, {"type": "Feature", "geometry": {"type": "LineString", "coordinates": [[-9.1282381, 38.7210122], [-9.1281778, 38.72061920000001]]}, "properties": {"street_name": "Rua da Senhora da Glória", "municipio": "Lisboa", "count": 1, "top_infraction": "imbecis", "first_year": "2026", "last_year": "2026", "type_breakdown": "{\"imbecis\": 1}", "monthly_breakdown": "{\"2026-03\": 1}"}}, {"type": "Feature", "geometry": {"type": "LineString", "coordinates": [[-9.145367200000003, 38.71936219999999], [-9.145259, 38.71924069999999], [-9.1445003, 38.71836069999999], [-9.144398, 38.718246400000005]]}, "properties": {"street_name": "Avenida da Liberdade", "municipio": "Lisboa", "count": 3, "top_infraction": "imbecis", "first_year": "2025", "last_year": "2025", "type_breakdown": "{\"imbecis\": 3}", "monthly_breakdown": "{\"2025-10\": 1, \"2025-12\": 1, \"2025-09\": 1}"}}, {"type": "Feature", "geometry": {"type": "LineString", "coordinates": [[-9.1498312, 38.730561900000005], [-9.1494993, 38.7302369], [-9.1494329, 38.73019619999999], [-9.1489714, 38.72965349999999], [-9.1489267, 38.729587599999995], [-9.1488952, 38.729555500000004], [-9.1488318, 38.729535299999995], [-9.1486695, 38.72949669999999]]}, "properties": {"street_name": "Rua de São Sebastião da Pedreira", "municipio": "Lisboa", "count": 1, "top_infraction": "imbecis", "first_year": "2024", "last_year": "2024", "type_breakdown": "{\"imbecis\": 1}", "monthly_breakdown": "{\"2024-10\": 1}"}}, {"type": "Feature", "geometry": {"type": "LineString", "coordinates": [[-9.1958188, 38.704753099999984], [-9.1958913, 38.704742800000005], [-9.19591, 38.704740199999996]]}, "properties": {"street_name": "Travessa do Guarda Jóias", "municipio": "Lisboa", "count": 1, "top_infraction": "imbecis", "first_year": "2025", "last_year": "2025", "type_breakdown": "{\"imbecis\": 1}", "monthly_breakdown": "{\"2025-01\": 1}"}}, {"type": "Feature", "geometry": {"type": "LineString", "coordinates": [[-9.1621008, 38.72375849999999], [-9.1620332, 38.7236453], [-9.1619987, 38.7235597], [-9.1619925, 38.723471399999994], [-9.1620261, 38.72341749999998], [-9.1621588, 38.723258799999996]]}, "properties": {"street_name": null, "municipio": "Lisboa", "count": 1, "top_infraction": "imbecis", "first_year": "2025", "last_year": "2025", "type_breakdown": "{\"imbecis\": 1}", "monthly_breakdown": "{\"2025-09\": 1}"}}, {"type": "Feature", "geometry": {"type": "LineString", "coordinates": [[-9.1939138, 38.7567794], [-9.1936076, 38.7571223], [-9.1935664, 38.7571685], [-9.193555700000001, 38.7571831], [-9.193549, 38.7572082], [-9.1935564, 38.75736189999999]]}, "properties": {"street_name": null, "municipio": "Lisboa", "count": 1, "top_infraction": "imbecis", "first_year": "2024", "last_year": "2024", "type_breakdown": "{\"imbecis\": 1}", "monthly_breakdown": "{\"2024-11\": 1}"}}, {"type": "Feature", "geometry": {"type": "LineString", "coordinates": [[-9.1467379, 38.717318], [-9.1468056, 38.71737299999999], [-9.1471984, 38.717617299999986]]}, "properties": {"street_name": "Travessa do Rosário", "municipio": "Lisboa", "count": 2, "top_infraction": "imbecis", "first_year": "2024", "last_year": "2024", "type_breakdown": "{\"imbecis\": 2}", "monthly_breakdown": "{\"2024-11\": 1, \"2024-10\": 1}"}}, {"type": "Feature", "geometry": {"type": "LineString", "coordinates": [[-9.1463045, 38.71770529999999], [-9.1464981, 38.71758340000002]]}, "properties": {"street_name": "Rua da Alegria", "municipio": "Lisboa", "count": 1, "top_infraction": "imbecis", "first_year": "2025", "last_year": "2025", "type_breakdown": "{\"imbecis\": 1}", "monthly_breakdown": "{\"2025-12\": 1}"}}, {"type": "Feature", "geometry": {"type": "LineString", "coordinates": [[-9.1381186, 38.7133961], [-9.13833, 38.71395039999999], [-9.1377529, 38.7140875], [-9.1373993, 38.7141694], [-9.1373836, 38.714173]]}, "properties": {"street_name": "Praça da Figueira", "municipio": "Lisboa", "count": 1, "top_infraction": "imbecis", "first_year": "2025", "last_year": "2025", "type_breakdown": "{\"imbecis\": 1}", "monthly_breakdown": "{\"2025-10\": 1}"}}, {"type": "Feature", "geometry": {"type": "LineString", "coordinates": [[-9.127124, 38.73509129999999], [-9.127096400000001, 38.7349982], [-9.1267761, 38.73391909999999], [-9.1267741, 38.733896099999995], [-9.126782200000001, 38.7338734], [-9.1270577, 38.73337239999999], [-9.1270782, 38.733372499999994]]}, "properties": {"street_name": "Rua Luís Monteiro", "municipio": "Lisboa", "count": 2, "top_infraction": "imbecis", "first_year": "2025", "last_year": "2025", "type_breakdown": "{\"imbecis\": 2}", "monthly_breakdown": "{\"2025-12\": 2}"}}, {"type": "Feature", "geometry": {"type": "LineString", "coordinates": [[-9.1266923, 38.73516550000001], [-9.1265019, 38.73452319999999], [-9.1263363, 38.7345488], [-9.1265314, 38.7352341], [-9.126579, 38.7353167], [-9.1266762, 38.7353784], [-9.1267565, 38.735390800000005]]}, "properties": {"street_name": null, "municipio": "Lisboa", "count": 2, "top_infraction": "imbecis", "first_year": "2025", "last_year": "2025", "type_breakdown": "{\"imbecis\": 2}", "monthly_breakdown": "{\"2025-12\": 2}"}}, {"type": "Feature", "geometry": {"type": "LineString", "coordinates": [[-9.1272142, 38.73525189999999], [-9.1271755, 38.7352646], [-9.127124, 38.73509129999999]]}, "properties": {"street_name": "Rua Luís Monteiro", "municipio": "Lisboa", "count": 1, "top_infraction": "imbecis", "first_year": "2025", "last_year": "2025", "type_breakdown": "{\"imbecis\": 1}", "monthly_breakdown": "{\"2025-12\": 1}"}}, {"type": "Feature", "geometry": {"type": "LineString", "coordinates": [[-9.1356298, 38.718882599999986], [-9.1355633, 38.7195473], [-9.1355479, 38.71970209999999], [-9.1355375, 38.719805300000004]]}, "properties": {"street_name": "Rua da Palma", "municipio": "Lisboa", "count": 1, "top_infraction": "imbecis", "first_year": "2025", "last_year": "2025", "type_breakdown": "{\"imbecis\": 1}", "monthly_breakdown": "{\"2025-02\": 1}"}}, {"type": "Feature", "geometry": {"type": "LineString", "coordinates": [[-9.1661188, 38.8283452], [-9.1660169, 38.828422], [-9.1658105, 38.8285775], [-9.1656128, 38.828726599999996], [-9.1654477, 38.828851]]}, "properties": {"street_name": "Rua Augusto Marques Raso", "municipio": "Loures", "count": 1, "top_infraction": "imbecis", "first_year": "2025", "last_year": "2025", "type_breakdown": "{\"imbecis\": 1}", "monthly_breakdown": "{\"2025-01\": 1}"}}, {"type": "Feature", "geometry": {"type": "LineString", "coordinates": [[-9.1913096, 38.8113507], [-9.1911631, 38.8110216]]}, "properties": {"street_name": null, "municipio": "Odivelas", "count": 1, "top_infraction": "imbecis", "first_year": "2024", "last_year": "2024", "type_breakdown": "{\"imbecis\": 1}", "monthly_breakdown": "{\"2024-03\": 1}"}}, {"type": "Feature", "geometry": {"type": "LineString", "coordinates": [[-9.1881904, 38.80568650000001], [-9.1884294, 38.80546640000001], [-9.1884622, 38.80543209999999], [-9.1884897, 38.805395]]}, "properties": {"street_name": "Rua João Villaret", "municipio": "Odivelas", "count": 1, "top_infraction": "imbecis", "first_year": "2024", "last_year": "2024", "type_breakdown": "{\"imbecis\": 1}", "monthly_breakdown": "{\"2024-04\": 1}"}}, {"type": "Feature", "geometry": {"type": "LineString", "coordinates": [[-9.096841, 38.80664440000001], [-9.0968358, 38.806592999999985], [-9.0968246, 38.8065493], [-9.0968049, 38.80650489999999], [-9.0967773, 38.8064636], [-9.0967386, 38.80641729999999], [-9.0966893, 38.806373099999995], [-9.096599, 38.806304299999994], [-9.0965134, 38.8062498], [-9.096452, 38.8062042], [-9.0963999, 38.806162099999995], [-9.0963033, 38.80606539999999]]}, "properties": {"street_name": "Rua Jorge Alexandre Batalha Ferreira", "municipio": "Loures", "count": 1, "top_infraction": "imbecis", "first_year": "2024", "last_year": "2024", "type_breakdown": "{\"imbecis\": 1}", "monthly_breakdown": "{\"2024-04\": 1}"}}, {"type": "Feature", "geometry": {"type": "LineString", "coordinates": [[-7.587089300000001, 38.843204400000005], [-7.5870638, 38.8431903], [-7.5870111, 38.8431715], [-7.586964000000001, 38.84316689999999], [-7.586890000000001, 38.8431742]]}, "properties": {"street_name": "Rotunda dos Combatentes", "municipio": "Estremoz", "count": 1, "top_infraction": "imbecis", "first_year": "2025", "last_year": "2025", "type_breakdown": "{\"imbecis\": 1}", "monthly_breakdown": "{\"2025-04\": 1}"}}, {"type": "Feature", "geometry": {"type": "LineString", "coordinates": [[-7.587008400000001, 38.8429985], [-7.586978799999999, 38.843060900000005], [-7.586938700000001, 38.8431209], [-7.586890000000001, 38.8431742]]}, "properties": {"street_name": "Rossio Marquês de Pombal", "municipio": "Estremoz", "count": 1, "top_infraction": "imbecis", "first_year": "2025", "last_year": "2025", "type_breakdown": "{\"imbecis\": 1}", "monthly_breakdown": "{\"2025-04\": 1}"}}, {"type": "Feature", "geometry": {"type": "LineString", "coordinates": [[-7.587008400000001, 38.8429985], [-7.586943200000003, 38.84218819999999], [-7.5869476, 38.842050900000004]]}, "properties": {"street_name": "Rossio Marquês de Pombal", "municipio": "Estremoz", "count": 1, "top_infraction": "imbecis", "first_year": "2025", "last_year": "2025", "type_breakdown": "{\"imbecis\": 1}", "monthly_breakdown": "{\"2025-04\": 1}"}}, {"type": "Feature", "geometry": {"type": "LineString", "coordinates": [[-7.5859026, 38.8437829], [-7.5849082, 38.8443991], [-7.5842051999999995, 38.844830499999986]]}, "properties": {"street_name": "Avenida 25 de Abril", "municipio": "Estremoz", "count": 1, "top_infraction": "imbecis", "first_year": "2025", "last_year": "2025", "type_breakdown": "{\"imbecis\": 1}", "monthly_breakdown": "{\"2025-04\": 1}"}}, {"type": "Feature", "geometry": {"type": "LineString", "coordinates": [[-7.5868534, 38.843188100000006], [-7.5865523, 38.842917199999995]]}, "properties": {"street_name": null, "municipio": "Estremoz", "count": 1, "top_infraction": "imbecis", "first_year": "2025", "last_year": "2025", "type_breakdown": "{\"imbecis\": 1}", "monthly_breakdown": "{\"2025-04\": 1}"}}, {"type": "Feature", "geometry": {"type": "LineString", "coordinates": [[-9.231358, 38.9224096], [-9.2311221, 38.9221753], [-9.230582, 38.9217183], [-9.230276, 38.9214475], [-9.2301489, 38.9212967], [-9.2301066, 38.921201800000006], [-9.230082, 38.92110889999999], [-9.2300757, 38.9210019], [-9.2300867, 38.92090489999999], [-9.2302319, 38.920383099999995]]}, "properties": {"street_name": "Avenida 9 de Julho", "municipio": "Mafra", "count": 1, "top_infraction": "imbecis", "first_year": "2025", "last_year": "2025", "type_breakdown": "{\"imbecis\": 1}", "monthly_breakdown": "{\"2025-07\": 1}"}}, {"type": "Feature", "geometry": {"type": "LineString", "coordinates": [[-9.041789, 38.9047563], [-9.0416213, 38.904849899999995]]}, "properties": {"street_name": "Rua dos Combatentes", "municipio": "Vila Francade Xira", "count": 1, "top_infraction": "imbecis", "first_year": "2025", "last_year": "2025", "type_breakdown": "{\"imbecis\": 1}", "monthly_breakdown": "{\"2025-02\": 1}"}}, {"type": "Feature", "geometry": {"type": "LineString", "coordinates": [[-8.98622, 38.96997389999999], [-8.9861913, 38.9700658], [-8.9859312, 38.970603799999985], [-8.9855836, 38.97133469999999]]}, "properties": {"street_name": "Rua Júlia Vanzeller Pereira Palha", "municipio": "Vila Francade Xira", "count": 9, "top_infraction": "imbecis", "first_year": "2024", "last_year": "2024", "type_breakdown": "{\"imbecis\": 9}", "monthly_breakdown": "{\"2024-06\": 9}"}}, {"type": "Feature", "geometry": {"type": "LineString", "coordinates": [[-8.992488, 38.9730802], [-8.9923819, 38.9729894], [-8.992173500000002, 38.97282549999999], [-8.9916818, 38.972509800000005], [-8.9915859, 38.972427999999994]]}, "properties": {"street_name": null, "municipio": "Vila Francade Xira", "count": 6, "top_infraction": "imbecis", "first_year": "2024", "last_year": "2024", "type_breakdown": "{\"imbecis\": 6}", "monthly_breakdown": "{\"2024-06\": 6}"}}, {"type": "Feature", "geometry": {"type": "LineString", "coordinates": [[-9.318914300000001, 39.0906641], [-9.3190998, 39.090649099999986], [-9.3191841, 39.09065150000001]]}, "properties": {"street_name": null, "municipio": "Torres Vedras", "count": 1, "top_infraction": "imbecis", "first_year": "2024", "last_year": "2024", "type_breakdown": "{\"imbecis\": 1}", "monthly_breakdown": "{\"2024-03\": 1}"}}, {"type": "Feature", "geometry": {"type": "LineString", "coordinates": [[-9.152674, 39.02115729999999], [-9.1526177, 39.0212049], [-9.152255, 39.02151129999999]]}, "properties": {"street_name": "Rua Maestro Belo Marques", "municipio": "Sobralde Monte Agraço", "count": 1, "top_infraction": "imbecis", "first_year": "2025", "last_year": "2025", "type_breakdown": "{\"imbecis\": 1}", "monthly_breakdown": "{\"2025-03\": 1}"}}, {"type": "Feature", "geometry": {"type": "LineString", "coordinates": [[-9.3745781, 39.1441705], [-9.3745438, 39.14439149999999], [-9.37443, 39.144766], [-9.3743179, 39.1449634], [-9.3742352, 39.14507760000001]]}, "properties": {"street_name": null, "municipio": "Torres Vedras", "count": 1, "top_infraction": "imbecis", "first_year": "2025", "last_year": "2025", "type_breakdown": "{\"imbecis\": 1}", "monthly_breakdown": "{\"2025-06\": 1}"}}, {"type": "Feature", "geometry": {"type": "LineString", "coordinates": [[-9.3745781, 39.1441705], [-9.3747513, 39.1440943], [-9.3749518, 39.1439358], [-9.3752343, 39.14367959999999], [-9.3755062, 39.143407], [-9.3759615, 39.14283830000001], [-9.376468, 39.1422373]]}, "properties": {"street_name": null, "municipio": "Torres Vedras", "count": 4, "top_infraction": "imbecis", "first_year": "2025", "last_year": "2025", "type_breakdown": "{\"imbecis\": 4}", "monthly_breakdown": "{\"2025-06\": 4}"}}, {"type": "Feature", "geometry": {"type": "LineString", "coordinates": [[-9.3826625, 39.132631399999994], [-9.382952, 39.1326557]]}, "properties": {"street_name": "Rua José Joaquim de Miranda", "municipio": "Torres Vedras", "count": 1, "top_infraction": "imbecis", "first_year": "2026", "last_year": "2026", "type_breakdown": "{\"imbecis\": 1}", "monthly_breakdown": "{\"2026-04\": 1}"}}, {"type": "Feature", "geometry": {"type": "LineString", "coordinates": [[-9.3821198, 39.13376339999999], [-9.3825022, 39.133714799999986], [-9.3825236, 39.133695], [-9.3825287, 39.13365780000001], [-9.3825506, 39.13345940000001], [-9.3825616, 39.13336000000001], [-9.3826261, 39.13289409999998], [-9.3826561, 39.13267769999999], [-9.3826625, 39.132631399999994]]}, "properties": {"street_name": "['Rua José Veríssimo', 'Rua da Azenha']", "municipio": "Torres Vedras", "count": 2, "top_infraction": "imbecis", "first_year": "2026", "last_year": "2026", "type_breakdown": "{\"imbecis\": 2}", "monthly_breakdown": "{\"2026-04\": 2}"}}, {"type": "Feature", "geometry": {"type": "LineString", "coordinates": [[-9.3835395, 39.368249399999996], [-9.383665, 39.3678933]]}, "properties": {"street_name": null, "municipio": "Peniche", "count": 1, "top_infraction": "imbecis", "first_year": "2025", "last_year": "2025", "type_breakdown": "{\"imbecis\": 1}", "monthly_breakdown": "{\"2025-04\": 1}"}}, {"type": "Feature", "geometry": {"type": "LineString", "coordinates": [[-9.1618963, 39.4196096], [-9.1607038, 39.41924970000001], [-9.1601666, 39.419128300000004], [-9.1597382, 39.41894719999999], [-9.1591428, 39.41851200000001], [-9.1585312, 39.41806030000001], [-9.1581188, 39.41773849999999], [-9.1580683, 39.417699100000014], [-9.1579189, 39.41758250000001], [-9.1577629, 39.4175093], [-9.15763, 39.417446999999996], [-9.1575284, 39.4174222]]}, "properties": {"street_name": "Rua dos Cerâmicos Caldenses", "municipio": "Caldasda Rainha", "count": 1, "top_infraction": "imbecis", "first_year": "2026", "last_year": "2026", "type_breakdown": "{\"imbecis\": 1}", "monthly_breakdown": "{\"2026-04\": 1}"}}, {"type": "Feature", "geometry": {"type": "LineString", "coordinates": [[-8.4729332, 39.46068950000001], [-8.4728404, 39.4607789], [-8.4725151, 39.461092199999996]]}, "properties": {"street_name": "Praça da República", "municipio": "Entroncamento", "count": 1, "top_infraction": "imbecis", "first_year": "2024", "last_year": "2024", "type_breakdown": "{\"imbecis\": 1}", "monthly_breakdown": "{\"2024-11\": 1}"}}, {"type": "Feature", "geometry": {"type": "LineString", "coordinates": [[-7.619772800000001, 39.4204651], [-7.6206408, 39.417773600000004]]}, "properties": {"street_name": "Estrada das Amoreiras", "municipio": "Nisa", "count": 3, "top_infraction": "imbecis", "first_year": "2025", "last_year": "2025", "type_breakdown": "{\"imbecis\": 3}", "monthly_breakdown": "{\"2025-02\": 3}"}}, {"type": "Feature", "geometry": {"type": "LineString", "coordinates": [[-8.6681273, 39.6340621], [-8.6677121, 39.63362969999999], [-8.6673416, 39.6332098], [-8.6670502, 39.6328308]]}, "properties": {"street_name": "Avenida Beato Nuno", "municipio": "Ourém", "count": 1, "top_infraction": "imbecis", "first_year": "2025", "last_year": "2025", "type_breakdown": "{\"imbecis\": 1}", "monthly_breakdown": "{\"2025-05\": 1}"}}, {"type": "Feature", "geometry": {"type": "LineString", "coordinates": [[-8.5773883, 39.65455829999999], [-8.5776178, 39.654548500000004], [-8.5783576, 39.654517], [-8.5784969, 39.65451109999999]]}, "properties": {"street_name": "Rua Doutor Neves Eliseu", "municipio": "Ourém", "count": 1, "top_infraction": "imbecis", "first_year": "2025", "last_year": "2025", "type_breakdown": "{\"imbecis\": 1}", "monthly_breakdown": "{\"2025-05\": 1}"}}, {"type": "Feature", "geometry": {"type": "LineString", "coordinates": [[-8.4121117, 39.602601899999996], [-8.4123667, 39.60243799999999]]}, "properties": {"street_name": "Avenida Cândido Madureira", "municipio": "Tomar", "count": 1, "top_infraction": "imbecis", "first_year": "2024", "last_year": "2024", "type_breakdown": "{\"imbecis\": 1}", "monthly_breakdown": "{\"2024-09\": 1}"}}, {"type": "Feature", "geometry": {"type": "LineString", "coordinates": [[-8.4120755, 39.602653299999986], [-8.4120966, 39.602628900000006], [-8.4121117, 39.602601899999996]]}, "properties": {"street_name": "Praceta Alves Redol", "municipio": "Tomar", "count": 16, "top_infraction": "imbecis", "first_year": "2025", "last_year": "2025", "type_breakdown": "{\"imbecis\": 16}", "monthly_breakdown": "{\"2025-04\": 16}"}}, {"type": "Feature", "geometry": {"type": "LineString", "coordinates": [[-8.4119786, 39.6029365], [-8.4119999, 39.60287679999999], [-8.411996800000002, 39.6028222], [-8.412011700000003, 39.60275949999999], [-8.4120755, 39.602653299999986]]}, "properties": {"street_name": "Rua João Carlos Everard", "municipio": "Tomar", "count": 1, "top_infraction": "imbecis", "first_year": "2024", "last_year": "2024", "type_breakdown": "{\"imbecis\": 1}", "monthly_breakdown": "{\"2024-09\": 1}"}}, {"type": "Feature", "geometry": {"type": "LineString", "coordinates": [[-8.4036564, 39.6066723], [-8.4045392, 39.60627190000001]]}, "properties": {"street_name": "Rua Doutor José Oliveira Baptista", "municipio": "Tomar", "count": 1, "top_infraction": "imbecis", "first_year": "2025", "last_year": "2025", "type_breakdown": "{\"imbecis\": 1}", "monthly_breakdown": "{\"2025-02\": 1}"}}, {"type": "Feature", "geometry": {"type": "LineString", "coordinates": [[-8.4142184, 39.6053401], [-8.4141371, 39.6053088], [-8.4140853, 39.6052871], [-8.4140415, 39.60526190000001], [-8.4140165, 39.605231499999995], [-8.4139894, 39.6052182], [-8.4139372, 39.60521260000001], [-8.4138753, 39.605216299999995]]}, "properties": {"street_name": null, "municipio": "Tomar", "count": 1, "top_infraction": "imbecis", "first_year": "2024", "last_year": "2024", "type_breakdown": "{\"imbecis\": 1}", "monthly_breakdown": "{\"2024-04\": 1}"}}, {"type": "Feature", "geometry": {"type": "LineString", "coordinates": [[-8.4135091, 39.6021251], [-8.4134002, 39.60215490000001], [-8.4123667, 39.60243799999999]]}, "properties": {"street_name": "Avenida Cândido Madureira", "municipio": "Tomar", "count": 1, "top_infraction": "imbecis", "first_year": "2024", "last_year": "2024", "type_breakdown": "{\"imbecis\": 1}", "monthly_breakdown": "{\"2024-09\": 1}"}}, {"type": "Feature", "geometry": {"type": "LineString", "coordinates": [[-8.4129237, 39.600807200000006], [-8.4129822, 39.60092579999999], [-8.4131797, 39.60133009999999], [-8.4131959, 39.60139519999999]]}, "properties": {"street_name": "Rua Coronel Luíz António Aparício", "municipio": "Tomar", "count": 1, "top_infraction": "imbecis", "first_year": "2024", "last_year": "2024", "type_breakdown": "{\"imbecis\": 1}", "monthly_breakdown": "{\"2024-09\": 1}"}}, {"type": "Feature", "geometry": {"type": "LineString", "coordinates": [[-8.4069757, 39.6068705], [-8.4069449, 39.6068835], [-8.4069194, 39.6069021], [-8.4069012, 39.6069253], [-8.4068913, 39.6069512], [-8.406890400000002, 39.6069783], [-8.4068987, 39.60700460000001], [-8.4069156, 39.6070283]]}, "properties": {"street_name": "Praceta de Santo André", "municipio": "Tomar", "count": 1, "top_infraction": "imbecis", "first_year": "2025", "last_year": "2025", "type_breakdown": "{\"imbecis\": 1}", "monthly_breakdown": "{\"2025-05\": 1}"}}, {"type": "Feature", "geometry": {"type": "LineString", "coordinates": [[-8.4069156, 39.6070283], [-8.4069398, 39.6070479], [-8.4069698, 39.607062000000006], [-8.4070035, 39.6070696], [-8.4070386, 39.6070702], [-8.4070727, 39.6070638]]}, "properties": {"street_name": "Praceta de Santo André", "municipio": "Tomar", "count": 1, "top_infraction": "imbecis", "first_year": "2025", "last_year": "2025", "type_breakdown": "{\"imbecis\": 1}", "monthly_breakdown": "{\"2025-06\": 1}"}}, {"type": "Feature", "geometry": {"type": "LineString", "coordinates": [[-8.4108681, 39.605087899999994], [-8.4110546, 39.605199000000006], [-8.4113006, 39.60527969999999], [-8.4115957, 39.6053799], [-8.411698, 39.605419], [-8.411767000000001, 39.6054484], [-8.4119145, 39.6055538], [-8.4119622, 39.6056061], [-8.4119653, 39.60567339999999], [-8.4119713, 39.6058041], [-8.411927, 39.6059922], [-8.411867, 39.60612220000001], [-8.4118196, 39.606221899999994]]}, "properties": {"street_name": null, "municipio": "Tomar", "count": 1, "top_infraction": "imbecis", "first_year": "2024", "last_year": "2024", "type_breakdown": "{\"imbecis\": 1}", "monthly_breakdown": "{\"2024-09\": 1}"}}, {"type": "Feature", "geometry": {"type": "LineString", "coordinates": [[-8.413232300000002, 39.606072399999995], [-8.4127555, 39.6062754]]}, "properties": {"street_name": null, "municipio": "Tomar", "count": 4, "top_infraction": "imbecis", "first_year": "2025", "last_year": "2025", "type_breakdown": "{\"imbecis\": 4}", "monthly_breakdown": "{\"2025-10\": 2, \"2025-12\": 1, \"2025-06\": 1}"}}, {"type": "Feature", "geometry": {"type": "LineString", "coordinates": [[-8.413232300000002, 39.606072399999995], [-8.4130488, 39.6054268]]}, "properties": {"street_name": null, "municipio": "Tomar", "count": 4, "top_infraction": "imbecis", "first_year": "2025", "last_year": "2025", "type_breakdown": "{\"imbecis\": 4}", "monthly_breakdown": "{\"2025-06\": 1, \"2025-10\": 1, \"2025-05\": 2}"}}, {"type": "Feature", "geometry": {"type": "LineString", "coordinates": [[-8.4121543, 39.60530899999999], [-8.4119419, 39.605138600000004], [-8.4119075, 39.60511420000001]]}, "properties": {"street_name": null, "municipio": "Tomar", "count": 2, "top_infraction": "imbecis", "first_year": "2025", "last_year": "2025", "type_breakdown": "{\"imbecis\": 2}", "monthly_breakdown": "{\"2025-06\": 1, \"2025-05\": 1}"}}, {"type": "Feature", "geometry": {"type": "LineString", "coordinates": [[-8.4105423, 39.603267599999995], [-8.4105118, 39.60332609999999], [-8.4103678, 39.603605899999984], [-8.4102591, 39.6038126], [-8.4101771, 39.6039742], [-8.4100094, 39.60402280000001]]}, "properties": {"street_name": null, "municipio": "Tomar", "count": 3, "top_infraction": "imbecis", "first_year": "2024", "last_year": "2024", "type_breakdown": "{\"imbecis\": 3}", "monthly_breakdown": "{\"2024-09\": 3}"}}, {"type": "Feature", "geometry": {"type": "LineString", "coordinates": [[-8.4134377, 39.601322], [-8.4133454, 39.601349899999995], [-8.4131959, 39.60139519999999]]}, "properties": {"street_name": "Rua General Tamagnini de Abreu", "municipio": "Tomar", "count": 3, "top_infraction": "imbecis", "first_year": "2024", "last_year": "2024", "type_breakdown": "{\"imbecis\": 3}", "monthly_breakdown": "{\"2024-09\": 3}"}}, {"type": "Feature", "geometry": {"type": "LineString", "coordinates": [[-8.4094197, 39.6067408], [-8.4093006, 39.6069833], [-8.4091589, 39.60726239999999]]}, "properties": {"street_name": "Rua da Fábrica de Fiação", "municipio": "Tomar", "count": 1, "top_infraction": "imbecis", "first_year": "2025", "last_year": "2025", "type_breakdown": "{\"imbecis\": 1}", "monthly_breakdown": "{\"2025-05\": 1}"}}, {"type": "Feature", "geometry": {"type": "LineString", "coordinates": [[-8.41218, 39.6026685], [-8.4123079, 39.6028371], [-8.4123688, 39.6029322]]}, "properties": {"street_name": "Rua dos Moinhos", "municipio": "Tomar", "count": 1, "top_infraction": "imbecis", "first_year": "2024", "last_year": "2024", "type_breakdown": "{\"imbecis\": 1}", "monthly_breakdown": "{\"2024-09\": 1}"}}, {"type": "Feature", "geometry": {"type": "LineString", "coordinates": [[-8.4127074, 39.606297199999986], [-8.412683, 39.6060179], [-8.4126447, 39.605536799999996]]}, "properties": {"street_name": "Parque do Mouchão", "municipio": "Tomar", "count": 5, "top_infraction": "imbecis", "first_year": "2025", "last_year": "2025", "type_breakdown": "{\"imbecis\": 5}", "monthly_breakdown": "{\"2025-06\": 3, \"2025-05\": 2}"}}, {"type": "Feature", "geometry": {"type": "LineString", "coordinates": [[-8.4118055, 39.60219810000001], [-8.4117129, 39.6022128], [-8.4113281, 39.602266599999986], [-8.4111652, 39.601730800000006]]}, "properties": {"street_name": "['Travessa João Freire Gameiro', 'Rua São Gião']", "municipio": "Tomar", "count": 2, "top_infraction": "imbecis", "first_year": "2024", "last_year": "2025", "type_breakdown": "{\"imbecis\": 2}", "monthly_breakdown": "{\"2024-09\": 1, \"2025-04\": 1}"}}, {"type": "Feature", "geometry": {"type": "LineString", "coordinates": [[-8.4100094, 39.60402280000001], [-8.4101527, 39.6045241], [-8.4101755, 39.60463889999999]]}, "properties": {"street_name": "Rua Santa Iria", "municipio": "Tomar", "count": 1, "top_infraction": "imbecis", "first_year": "2024", "last_year": "2024", "type_breakdown": "{\"imbecis\": 1}", "monthly_breakdown": "{\"2024-09\": 1}"}}, {"type": "Feature", "geometry": {"type": "LineString", "coordinates": [[-8.4092627, 39.60623439999999], [-8.4093084, 39.606243799999994], [-8.4093893, 39.6063441], [-8.4093995, 39.6063716], [-8.409408000000003, 39.6065252], [-8.4094131, 39.60660260000001], [-8.4094172, 39.60667529999999], [-8.4094197, 39.6067408]]}, "properties": {"street_name": "Travessa da Cascalheira", "municipio": "Tomar", "count": 5, "top_infraction": "imbecis", "first_year": "2025", "last_year": "2025", "type_breakdown": "{\"imbecis\": 5}", "monthly_breakdown": "{\"2025-02\": 1, \"2025-05\": 2, \"2025-04\": 1, \"2025-06\": 1}"}}, {"type": "Feature", "geometry": {"type": "LineString", "coordinates": [[-8.4098962, 39.6051975], [-8.4099206, 39.60519649999999], [-8.4100555, 39.6051913], [-8.4105439, 39.605072499999984], [-8.4108359, 39.60501549999999]]}, "properties": {"street_name": "['Travessa da Fonte do Choupo', 'Travessa Fonte do Choupo']", "municipio": "Tomar", "count": 5, "top_infraction": "imbecis", "first_year": "2025", "last_year": "2025", "type_breakdown": "{\"imbecis\": 5}", "monthly_breakdown": "{\"2025-06\": 2, \"2025-05\": 3}"}}, {"type": "Feature", "geometry": {"type": "LineString", "coordinates": [[-8.4045913, 39.6078888], [-8.4046949, 39.60784770000001], [-8.4047048, 39.6078446], [-8.4047154, 39.6078429], [-8.4047275, 39.607842600000005], [-8.4047395, 39.6078442], [-8.4047869, 39.607853999999996], [-8.4048032, 39.607855900000004], [-8.4048196, 39.60785529999999], [-8.4048366, 39.607852099999995], [-8.4048525, 39.607846200000004], [-8.4059686, 39.6073483], [-8.4059832, 39.6073407], [-8.4059953, 39.60733089999999], [-8.4060041, 39.6073201], [-8.4060101, 39.6073083], [-8.4060221, 39.6072734], [-8.4060271, 39.6072624], [-8.406035, 39.60725239999999], [-8.4060443, 39.607244499999986], [-8.4060555, 39.6072382], [-8.406135, 39.60720269999999]]}, "properties": {"street_name": null, "municipio": "Tomar", "count": 3, "top_infraction": "imbecis", "first_year": "2025", "last_year": "2025", "type_breakdown": "{\"imbecis\": 3}", "monthly_breakdown": "{\"2025-05\": 2, \"2025-02\": 1}"}}, {"type": "Feature", "geometry": {"type": "LineString", "coordinates": [[-8.4089658, 39.607633099999994], [-8.4090165, 39.607557], [-8.409115, 39.607387599999996], [-8.4091336, 39.607313999999995], [-8.4091589, 39.60726239999999]]}, "properties": {"street_name": "Rua da Fábrica de Fiação", "municipio": "Tomar", "count": 1, "top_infraction": "imbecis", "first_year": "2026", "last_year": "2026", "type_breakdown": "{\"imbecis\": 1}", "monthly_breakdown": "{\"2026-02\": 1}"}}, {"type": "Feature", "geometry": {"type": "LineString", "coordinates": [[-8.4022722, 39.60599849999999], [-8.4024919, 39.60628809999999], [-8.4025373, 39.6063479], [-8.4026659, 39.6065175]]}, "properties": {"street_name": "Travessa Brites Gonçalves", "municipio": "Tomar", "count": 1, "top_infraction": "imbecis", "first_year": "2025", "last_year": "2025", "type_breakdown": "{\"imbecis\": 1}", "monthly_breakdown": "{\"2025-01\": 1}"}}, {"type": "Feature", "geometry": {"type": "LineString", "coordinates": [[-8.4086045, 39.6065268], [-8.4090264, 39.6063503], [-8.4092627, 39.60623439999999]]}, "properties": {"street_name": "Rua Cascalheira", "municipio": "Tomar", "count": 2, "top_infraction": "imbecis", "first_year": "2025", "last_year": "2025", "type_breakdown": "{\"imbecis\": 2}", "monthly_breakdown": "{\"2025-01\": 2}"}}, {"type": "Feature", "geometry": {"type": "LineString", "coordinates": [[-8.4046656, 39.6036868], [-8.4046926, 39.6036341], [-8.4049415, 39.603026400000005]]}, "properties": {"street_name": "Alameda dos Templários", "municipio": "Tomar", "count": 2, "top_infraction": "imbecis", "first_year": "2025", "last_year": "2025", "type_breakdown": "{\"imbecis\": 2}", "monthly_breakdown": "{\"2025-05\": 2}"}}, {"type": "Feature", "geometry": {"type": "LineString", "coordinates": [[-8.4098442, 39.6057788], [-8.4104806, 39.60596400000001]]}, "properties": {"street_name": null, "municipio": "Tomar", "count": 1, "top_infraction": "imbecis", "first_year": "2025", "last_year": "2025", "type_breakdown": "{\"imbecis\": 1}", "monthly_breakdown": "{\"2025-06\": 1}"}}, {"type": "Feature", "geometry": {"type": "LineString", "coordinates": [[-8.4104806, 39.60596400000001], [-8.410444, 39.60603429999999], [-8.4104066, 39.606109800000006], [-8.4103847, 39.6061582], [-8.4103638, 39.606169599999994], [-8.4103039, 39.6061712], [-8.4100999, 39.6061056], [-8.4099819, 39.606103899999994], [-8.4099114, 39.606083299999995]]}, "properties": {"street_name": "Rua Fonte de Choupo", "municipio": "Tomar", "count": 1, "top_infraction": "imbecis", "first_year": "2025", "last_year": "2025", "type_breakdown": "{\"imbecis\": 1}", "monthly_breakdown": "{\"2025-06\": 1}"}}, {"type": "Feature", "geometry": {"type": "LineString", "coordinates": [[-8.8248787, 39.7742516], [-8.8258725, 39.77437079999999]]}, "properties": {"street_name": "Rua das Olarias", "municipio": "Leiria", "count": 1, "top_infraction": "imbecis", "first_year": "2025", "last_year": "2025", "type_breakdown": "{\"imbecis\": 1}", "monthly_breakdown": "{\"2025-07\": 1}"}}, {"type": "Feature", "geometry": {"type": "LineString", "coordinates": [[-8.8593291, 39.7563151], [-8.8592715, 39.756553700000005], [-8.8592427, 39.75670869999998], [-8.8592442, 39.756793800000004], [-8.8592466, 39.75694010000001], [-8.8592497, 39.75705839999999], [-8.859259, 39.7571315], [-8.8592722, 39.757208600000006], [-8.8592969, 39.75728999999999], [-8.8593336, 39.7573652], [-8.8593647, 39.75741909999999], [-8.8597611, 39.75803880000001], [-8.8601017, 39.7585916], [-8.8602786, 39.75885199999999], [-8.8604313, 39.759078099999996], [-8.8604967, 39.7591852], [-8.8605357, 39.7592628], [-8.8605592, 39.7593266], [-8.8605791, 39.7593927], [-8.8605867, 39.759455800000005], [-8.860588, 39.7595258], [-8.8605831, 39.7596099], [-8.8605716, 39.75968300000002], [-8.8605577, 39.75975369999999], [-8.8605407, 39.7598156], [-8.8605196, 39.759872699999995], [-8.8604799, 39.759956], [-8.8604434, 39.760028999999996], [-8.8603843, 39.7601284], [-8.8603257, 39.7602232], [-8.860269, 39.76029469999999], [-8.860077900000002, 39.76051369999999], [-8.8599111, 39.7607141], [-8.8597262, 39.760934199999994]]}, "properties": {"street_name": "Rua do Vale da Arieira", "municipio": "Leiria", "count": 8, "top_infraction": "imbecis", "first_year": "2024", "last_year": "2025", "type_breakdown": "{\"imbecis\": 8}", "monthly_breakdown": "{\"2024-05\": 2, \"2024-04\": 1, \"2024-11\": 1, \"2025-01\": 1, \"2024-07\": 3}"}}, {"type": "Feature", "geometry": {"type": "LineString", "coordinates": [[-8.859907, 39.761050699999984], [-8.8605882, 39.760894], [-8.8605406, 39.7611955], [-8.8604977, 39.7612409], [-8.8602831, 39.761311], [-8.8598835, 39.76117899999999], [-8.859907, 39.761050699999984]]}, "properties": {"street_name": null, "municipio": "Leiria", "count": 2, "top_infraction": "imbecis", "first_year": "2024", "last_year": "2024", "type_breakdown": "{\"imbecis\": 2}", "monthly_breakdown": "{\"2024-04\": 2}"}}, {"type": "Feature", "geometry": {"type": "LineString", "coordinates": [[-8.8215427, 39.7605082], [-8.8215813, 39.7606104], [-8.8217705, 39.7611284]]}, "properties": {"street_name": "Estrada da Figueira da Foz", "municipio": "Leiria", "count": 1, "top_infraction": "imbecis", "first_year": "2024", "last_year": "2024", "type_breakdown": "{\"imbecis\": 1}", "monthly_breakdown": "{\"2024-04\": 1}"}}, {"type": "Feature", "geometry": {"type": "LineString", "coordinates": [[-8.8258725, 39.77437079999999], [-8.8259578, 39.77474980000001], [-8.8262027, 39.774997099999986], [-8.8263707, 39.775495199999995], [-8.8264091, 39.77555060000001]]}, "properties": {"street_name": "Rua das Féteiras", "municipio": "Leiria", "count": 1, "top_infraction": "imbecis", "first_year": "2025", "last_year": "2025", "type_breakdown": "{\"imbecis\": 1}", "monthly_breakdown": "{\"2025-09\": 1}"}}, {"type": "Feature", "geometry": {"type": "LineString", "coordinates": [[-8.4106016, 40.198835499999994], [-8.4107395, 40.198835499999994], [-8.4109247, 40.1988355], [-8.4112076, 40.19883550000001], [-8.4113431, 40.198835499999994], [-8.4114878, 40.19883550000001], [-8.4116323, 40.19883550000001]]}, "properties": {"street_name": "Praça Infante Dom Henrique", "municipio": "Coimbra", "count": 2, "top_infraction": "imbecis", "first_year": "2024", "last_year": "2025", "type_breakdown": "{\"imbecis\": 2}", "monthly_breakdown": "{\"2024-03\": 1, \"2025-05\": 1}"}}, {"type": "Feature", "geometry": {"type": "LineString", "coordinates": [[-8.4202904, 40.19389689999999], [-8.4202278, 40.1939037], [-8.4198976, 40.19393959999999], [-8.4188371, 40.19406859999999], [-8.4186808, 40.19409490000001], [-8.4184236, 40.1941735], [-8.4175956, 40.19460990000001]]}, "properties": {"street_name": "Rua Carlos Seixas", "municipio": "Coimbra", "count": 1, "top_infraction": "imbecis", "first_year": "2024", "last_year": "2024", "type_breakdown": "{\"imbecis\": 1}", "monthly_breakdown": "{\"2024-06\": 1}"}}, {"type": "Feature", "geometry": {"type": "LineString", "coordinates": [[-8.4017468, 40.198681199999996], [-8.402341, 40.19867500000001], [-8.4024027, 40.1986306], [-8.4024027, 40.19857229999999], [-8.4024027, 40.1985256], [-8.4023543, 40.1984954], [-8.4018187, 40.19850180000001], [-8.401751500000001, 40.198555999999996], [-8.4017468, 40.198681199999996]]}, "properties": {"street_name": "Praça das Nogueiras", "municipio": "Coimbra", "count": 1, "top_infraction": "imbecis", "first_year": "2024", "last_year": "2024", "type_breakdown": "{\"imbecis\": 1}", "monthly_breakdown": "{\"2024-03\": 1}"}}, {"type": "Feature", "geometry": {"type": "LineString", "coordinates": [[-8.4065185, 40.19261279999999], [-8.4066963, 40.1928872], [-8.4067349, 40.192953800000005], [-8.4067476, 40.19309239999999], [-8.4067369, 40.1932747], [-8.4067255, 40.1933157], [-8.406716, 40.19334209999999], [-8.4065174, 40.19366949999999], [-8.4064935, 40.1936955], [-8.4064567, 40.193722400000006], [-8.406421, 40.193731699999994], [-8.4060815, 40.1937795], [-8.4060175, 40.1937788]]}, "properties": {"street_name": "Rua Câmara Pestana", "municipio": "Coimbra", "count": 1, "top_infraction": "imbecis", "first_year": "2024", "last_year": "2024", "type_breakdown": "{\"imbecis\": 1}", "monthly_breakdown": "{\"2024-03\": 1}"}}, {"type": "Feature", "geometry": {"type": "LineString", "coordinates": [[-8.406027, 40.1924937], [-8.4061124, 40.1924947], [-8.4064212, 40.19249849999999], [-8.4064738, 40.1924989], [-8.4066302, 40.192501099999994]]}, "properties": {"street_name": "Rua Câmara Pestana", "municipio": "Coimbra", "count": 2, "top_infraction": "imbecis", "first_year": "2024", "last_year": "2024", "type_breakdown": "{\"imbecis\": 2}", "monthly_breakdown": "{\"2024-03\": 2}"}}, {"type": "Feature", "geometry": {"type": "LineString", "coordinates": [[-8.4016115, 40.18873979999999], [-8.4015589, 40.188926699999996], [-8.4014671, 40.189252499999995], [-8.4014061, 40.189450400000005], [-8.4013543, 40.189666100000004], [-8.4013503, 40.189864199999995]]}, "properties": {"street_name": "Rua da Quinta da Portela", "municipio": "Coimbra", "count": 1, "top_infraction": "imbecis", "first_year": "2024", "last_year": "2024", "type_breakdown": "{\"imbecis\": 1}", "monthly_breakdown": "{\"2024-03\": 1}"}}, {"type": "Feature", "geometry": {"type": "LineString", "coordinates": [[-8.4138884, 40.1913032], [-8.4138894, 40.191426799999995], [-8.4138938, 40.191991599999994]]}, "properties": {"street_name": "Rua Pedro Nunes", "municipio": "Coimbra", "count": 7, "top_infraction": "imbecis", "first_year": "2024", "last_year": "2025", "type_breakdown": "{\"imbecis\": 7}", "monthly_breakdown": "{\"2025-05\": 1, \"2024-12\": 2, \"2025-01\": 2, \"2024-09\": 1, \"2024-11\": 1}"}}, {"type": "Feature", "geometry": {"type": "LineString", "coordinates": [[-8.4138884, 40.1913032], [-8.4140294, 40.1912987], [-8.4147296, 40.1912763], [-8.4148905, 40.191272399999995]]}, "properties": {"street_name": null, "municipio": "Coimbra", "count": 15, "top_infraction": "imbecis", "first_year": "2024", "last_year": "2025", "type_breakdown": "{\"imbecis\": 15}", "monthly_breakdown": "{\"2025-11\": 3, \"2024-09\": 2, \"2025-02\": 1, \"2025-01\": 1, \"2024-12\": 5, \"2024-10\": 3}"}}, {"type": "Feature", "geometry": {"type": "LineString", "coordinates": [[-8.4100582, 40.1961673], [-8.4106018, 40.19601329999999], [-8.4111956, 40.1958516]]}, "properties": {"street_name": "Rua Paulo Quintela", "municipio": "Coimbra", "count": 1, "top_infraction": "imbecis", "first_year": "2025", "last_year": "2025", "type_breakdown": "{\"imbecis\": 1}", "monthly_breakdown": "{\"2025-02\": 1}"}}, {"type": "Feature", "geometry": {"type": "LineString", "coordinates": [[-8.4138938, 40.191991599999994], [-8.4141703, 40.19199239999999], [-8.4141707, 40.1919083], [-8.414699, 40.191904799999996]]}, "properties": {"street_name": null, "municipio": "Coimbra", "count": 5, "top_infraction": "imbecis", "first_year": "2024", "last_year": "2025", "type_breakdown": "{\"imbecis\": 5}", "monthly_breakdown": "{\"2025-11\": 1, \"2025-01\": 1, \"2024-10\": 3}"}}, {"type": "Feature", "geometry": {"type": "LineString", "coordinates": [[-8.3939243, 40.193039399999996], [-8.3940274, 40.19307409999999], [-8.3941759, 40.19310620000001], [-8.3943406, 40.19312219999998], [-8.3944777, 40.19318199999999], [-8.3945399, 40.19324630000001], [-8.3945693, 40.19331679999999], [-8.3945847, 40.193401599999994], [-8.3945546, 40.1934819], [-8.3944791, 40.19357289999999], [-8.3943555, 40.193636699999985], [-8.3942242, 40.193653299999994], [-8.3941003, 40.193662700000004], [-8.3939438, 40.1937015], [-8.3938401, 40.193758499999994], [-8.3937866, 40.19378799999999]]}, "properties": {"street_name": "Rua Orlando de Carvalho", "municipio": "Coimbra", "count": 1, "top_infraction": "imbecis", "first_year": "2025", "last_year": "2025", "type_breakdown": "{\"imbecis\": 1}", "monthly_breakdown": "{\"2025-12\": 1}"}}, {"type": "Feature", "geometry": {"type": "LineString", "coordinates": [[-8.3947656, 40.1949511], [-8.3949142, 40.194892499999995], [-8.395393400000001, 40.19473740000001], [-8.3954429, 40.19472439999999], [-8.3955574, 40.19472449999999], [-8.3957054, 40.19474269999999]]}, "properties": {"street_name": "Rua da Quinta da Romeira", "municipio": "Coimbra", "count": 1, "top_infraction": "imbecis", "first_year": "2025", "last_year": "2025", "type_breakdown": "{\"imbecis\": 1}", "monthly_breakdown": "{\"2025-12\": 1}"}}, {"type": "Feature", "geometry": {"type": "LineString", "coordinates": [[-8.418863, 40.2028196], [-8.4190243, 40.202804], [-8.4190676, 40.20280389999999], [-8.4191071, 40.2028094], [-8.4191622, 40.20282489999999], [-8.4191932, 40.202840599999995], [-8.4192241, 40.202868], [-8.4192478, 40.2028984], [-8.4192607, 40.2029233], [-8.4192805, 40.202980099999984], [-8.4193449, 40.203217499999994], [-8.4193753, 40.203335700000004]]}, "properties": {"street_name": "Bairro de São José", "municipio": "Coimbra", "count": 1, "top_infraction": "imbecis", "first_year": "2025", "last_year": "2025", "type_breakdown": "{\"imbecis\": 1}", "monthly_breakdown": "{\"2025-01\": 1}"}}, {"type": "Feature", "geometry": {"type": "LineString", "coordinates": [[-8.4393748, 40.222264200000005], [-8.4394288, 40.222654299999995], [-8.4394307, 40.2226805]]}, "properties": {"street_name": "Rua do Padrão", "municipio": "Coimbra", "count": 1, "top_infraction": "imbecis", "first_year": "2025", "last_year": "2025", "type_breakdown": "{\"imbecis\": 1}", "monthly_breakdown": "{\"2025-01\": 1}"}}, {"type": "Feature", "geometry": {"type": "LineString", "coordinates": [[-8.4079203, 40.20103309999999], [-8.407978400000001, 40.2010468], [-8.4083558, 40.20113579999999], [-8.4084532, 40.2011588], [-8.4085444, 40.201180300000004]]}, "properties": {"street_name": "Rua do Brasil", "municipio": "Coimbra", "count": 3, "top_infraction": "imbecis", "first_year": "2025", "last_year": "2025", "type_breakdown": "{\"imbecis\": 3}", "monthly_breakdown": "{\"2025-01\": 3}"}}, {"type": "Feature", "geometry": {"type": "LineString", "coordinates": [[-8.410606, 40.2000346], [-8.4107745, 40.2000348], [-8.4116318, 40.200035700000015]]}, "properties": {"street_name": "Rua Adolfo Loureiro", "municipio": "Coimbra", "count": 5, "top_infraction": "imbecis", "first_year": "2025", "last_year": "2025", "type_breakdown": "{\"imbecis\": 5}", "monthly_breakdown": "{\"2025-01\": 5}"}}, {"type": "Feature", "geometry": {"type": "LineString", "coordinates": [[-8.4085495, 40.20044370000001], [-8.4085142, 40.20060269999999], [-8.4084809, 40.2008757], [-8.4084295, 40.20105970000001], [-8.4083742, 40.201201700000006], [-8.4082922, 40.2013707], [-8.4081921, 40.20154969999999], [-8.4080919, 40.20171279999999]]}, "properties": {"street_name": "Viaduto do Calhabé", "municipio": "Coimbra", "count": 2, "top_infraction": "imbecis", "first_year": "2025", "last_year": "2025", "type_breakdown": "{\"imbecis\": 2}", "monthly_breakdown": "{\"2025-01\": 2}"}}, {"type": "Feature", "geometry": {"type": "LineString", "coordinates": [[-8.4248552, 40.201791], [-8.425515, 40.2014803], [-8.4256557, 40.20141019999999]]}, "properties": {"street_name": null, "municipio": "Coimbra", "count": 1, "top_infraction": "imbecis", "first_year": "2025", "last_year": "2025", "type_breakdown": "{\"imbecis\": 1}", "monthly_breakdown": "{\"2025-05\": 1}"}}, {"type": "Feature", "geometry": {"type": "LineString", "coordinates": [[-8.4085444, 40.201180300000004], [-8.4089167, 40.201268199999994]]}, "properties": {"street_name": "Rua do Brasil", "municipio": "Coimbra", "count": 6, "top_infraction": "imbecis", "first_year": "2025", "last_year": "2025", "type_breakdown": "{\"imbecis\": 6}", "monthly_breakdown": "{\"2025-08\": 1, \"2025-01\": 3, \"2025-11\": 2}"}}, {"type": "Feature", "geometry": {"type": "LineString", "coordinates": [[-8.403418500000003, 40.21776189999999], [-8.4034991, 40.217771899999995], [-8.4036574, 40.2178015], [-8.4037297, 40.2178066], [-8.4037929, 40.217796500000006], [-8.4038668, 40.2177632]]}, "properties": {"street_name": "Rua Brigadeiro Correia Cardoso", "municipio": "Coimbra", "count": 11, "top_infraction": "imbecis", "first_year": "2025", "last_year": "2025", "type_breakdown": "{\"imbecis\": 11}", "monthly_breakdown": "{\"2025-05\": 11}"}}, {"type": "Feature", "geometry": {"type": "LineString", "coordinates": [[-8.4089934, 40.20128629999999], [-8.4091804, 40.2013304], [-8.4095042, 40.201406799999994]]}, "properties": {"street_name": "Rua do Brasil", "municipio": "Coimbra", "count": 11, "top_infraction": "imbecis", "first_year": "2025", "last_year": "2026", "type_breakdown": "{\"imbecis\": 11}", "monthly_breakdown": "{\"2025-09\": 4, \"2025-12\": 4, \"2025-01\": 1, \"2026-04\": 1, \"2025-11\": 1}"}}, {"type": "Feature", "geometry": {"type": "LineString", "coordinates": [[-8.4089934, 40.20128629999999], [-8.4089544, 40.2013592], [-8.4088817, 40.2014931]]}, "properties": {"street_name": null, "municipio": "Coimbra", "count": 1, "top_infraction": "imbecis", "first_year": "2026", "last_year": "2026", "type_breakdown": "{\"imbecis\": 1}", "monthly_breakdown": "{\"2026-04\": 1}"}}, {"type": "Feature", "geometry": {"type": "LineString", "coordinates": [[-8.4430309, 40.21050559999999], [-8.4424767, 40.210767600000004], [-8.4419817, 40.21102179999999], [-8.4419091, 40.2110522], [-8.441735, 40.211139]]}, "properties": {"street_name": null, "municipio": "Coimbra", "count": 1, "top_infraction": "imbecis", "first_year": "2025", "last_year": "2025", "type_breakdown": "{\"imbecis\": 1}", "monthly_breakdown": "{\"2025-03\": 1}"}}, {"type": "Feature", "geometry": {"type": "LineString", "coordinates": [[-8.4063373, 40.200635199999994], [-8.4062207, 40.200611499999994], [-8.4059927, 40.2005616], [-8.4059388, 40.2005489], [-8.4058218, 40.2005214]]}, "properties": {"street_name": "Rua do Brasil", "municipio": "Coimbra", "count": 1, "top_infraction": "imbecis", "first_year": "2026", "last_year": "2026", "type_breakdown": "{\"imbecis\": 1}", "monthly_breakdown": "{\"2026-04\": 1}"}}, {"type": "Feature", "geometry": {"type": "LineString", "coordinates": [[-8.4156174, 40.20055150000001], [-8.4154732, 40.200650499999995], [-8.4153396, 40.20074219999999], [-8.4151726, 40.200852], [-8.4150106, 40.2009501], [-8.4148559, 40.2010378], [-8.414682900000003, 40.20112629999999], [-8.4144971, 40.2012083], [-8.4143021, 40.2012849], [-8.4140943, 40.20135380000001], [-8.413852, 40.201422700000016], [-8.4135886, 40.201468099999985], [-8.4133218, 40.2015109], [-8.4131006, 40.20153450000001], [-8.4128375, 40.2015544], [-8.4126138, 40.2015581], [-8.412381, 40.20155989999999], [-8.4121461, 40.201543099999995], [-8.4119127, 40.20152439999999], [-8.4117044, 40.20149070000001], [-8.4114665, 40.201437999999996], [-8.4112751, 40.201391500000014], [-8.4110315, 40.2013272], [-8.410623, 40.201224799999984], [-8.4100416, 40.201081699999996], [-8.4099015, 40.201049], [-8.4097638, 40.2010206], [-8.409586, 40.20098539999999], [-8.4094085, 40.20095349999999], [-8.4092517, 40.20093039999999], [-8.4090878, 40.2009123], [-8.4089259, 40.200899199999995], [-8.4087717, 40.20089130000001], [-8.4086146, 40.20088840000001], [-8.4083975, 40.200899199999995], [-8.4082162, 40.200919199999994], [-8.4080627, 40.2009406], [-8.4079295, 40.2009777], [-8.407870800000001, 40.20099900000001]]}, "properties": {"street_name": "Metro Mondego", "municipio": "Coimbra", "count": 1, "top_infraction": "imbecis", "first_year": "2025", "last_year": "2025", "type_breakdown": "{\"imbecis\": 1}", "monthly_breakdown": "{\"2025-12\": 1}"}}, {"type": "Feature", "geometry": {"type": "LineString", "coordinates": [[-8.4240456, 40.202094300000006], [-8.4242031, 40.2024784], [-8.4241798, 40.20256390000001], [-8.4237916, 40.2027564], [-8.4237058, 40.202794999999995]]}, "properties": {"street_name": "Rua Particular à Ladeira do Batista", "municipio": "Coimbra", "count": 1, "top_infraction": "imbecis", "first_year": "2025", "last_year": "2025", "type_breakdown": "{\"imbecis\": 1}", "monthly_breakdown": "{\"2025-01\": 1}"}}, {"type": "Feature", "geometry": {"type": "LineString", "coordinates": [[-8.4046376, 40.2025957], [-8.4052326, 40.2025987], [-8.4057883, 40.2026016], [-8.4058568, 40.20260189999999], [-8.4059265, 40.2026224], [-8.4059491, 40.20272129999999]]}, "properties": {"street_name": null, "municipio": "Coimbra", "count": 1, "top_infraction": "imbecis", "first_year": "2025", "last_year": "2025", "type_breakdown": "{\"imbecis\": 1}", "monthly_breakdown": "{\"2025-12\": 1}"}}, {"type": "Feature", "geometry": {"type": "LineString", "coordinates": [[-8.4390133, 40.22102679999999], [-8.439085, 40.221355499999994], [-8.4392458, 40.222139099999985], [-8.4393748, 40.222264200000005]]}, "properties": {"street_name": "Rua do Padrão", "municipio": "Coimbra", "count": 1, "top_infraction": "imbecis", "first_year": "2025", "last_year": "2025", "type_breakdown": "{\"imbecis\": 1}", "monthly_breakdown": "{\"2025-01\": 1}"}}, {"type": "Feature", "geometry": {"type": "LineString", "coordinates": [[-8.4089626, 40.201810300000005], [-8.4088245, 40.202027499999986], [-8.4086264, 40.2021113], [-8.4085692, 40.20214579999999]]}, "properties": {"street_name": null, "municipio": "Coimbra", "count": 3, "top_infraction": "imbecis", "first_year": "2025", "last_year": "2026", "type_breakdown": "{\"imbecis\": 3}", "monthly_breakdown": "{\"2026-04\": 1, \"2025-01\": 2}"}}, {"type": "Feature", "geometry": {"type": "LineString", "coordinates": [[-8.4388026, 40.2085989], [-8.4385952, 40.2083151], [-8.4382355, 40.2078231], [-8.4380243, 40.207730999999995]]}, "properties": {"street_name": "Avenida da Guarda Inglesa", "municipio": "Coimbra", "count": 1, "top_infraction": "imbecis", "first_year": "2024", "last_year": "2024", "type_breakdown": "{\"imbecis\": 1}", "monthly_breakdown": "{\"2024-12\": 1}"}}, {"type": "Feature", "geometry": {"type": "LineString", "coordinates": [[-8.4088817, 40.2014931], [-8.408821200000002, 40.2015911], [-8.4086241, 40.2019102]]}, "properties": {"street_name": null, "municipio": "Coimbra", "count": 1, "top_infraction": "imbecis", "first_year": "2025", "last_year": "2025", "type_breakdown": "{\"imbecis\": 1}", "monthly_breakdown": "{\"2025-09\": 1}"}}, {"type": "Feature", "geometry": {"type": "LineString", "coordinates": [[-8.4083542, 40.2017307], [-8.4082904, 40.20160109999999]]}, "properties": {"street_name": null, "municipio": "Coimbra", "count": 8, "top_infraction": "imbecis", "first_year": "2025", "last_year": "2025", "type_breakdown": "{\"imbecis\": 8}", "monthly_breakdown": "{\"2025-12\": 8}"}}, {"type": "Feature", "geometry": {"type": "LineString", "coordinates": [[-8.4084303, 40.2018882], [-8.408708100000002, 40.2014385]]}, "properties": {"street_name": null, "municipio": "Coimbra", "count": 1, "top_infraction": "imbecis", "first_year": "2025", "last_year": "2025", "type_breakdown": "{\"imbecis\": 1}", "monthly_breakdown": "{\"2025-10\": 1}"}}, {"type": "Feature", "geometry": {"type": "LineString", "coordinates": [[-8.4095042, 40.201406799999994], [-8.409669300000001, 40.20144579999999]]}, "properties": {"street_name": "Rua do Brasil", "municipio": "Coimbra", "count": 1, "top_infraction": "imbecis", "first_year": "2025", "last_year": "2025", "type_breakdown": "{\"imbecis\": 1}", "monthly_breakdown": "{\"2025-02\": 1}"}}, {"type": "Feature", "geometry": {"type": "LineString", "coordinates": [[-8.4095042, 40.201406799999994], [-8.4095498, 40.2013002], [-8.4097115, 40.2013406]]}, "properties": {"street_name": null, "municipio": "Coimbra", "count": 3, "top_infraction": "imbecis", "first_year": "2025", "last_year": "2025", "type_breakdown": "{\"imbecis\": 3}", "monthly_breakdown": "{\"2025-02\": 2, \"2025-01\": 1}"}}, {"type": "Feature", "geometry": {"type": "LineString", "coordinates": [[-7.506121000000003, 40.2817781], [-7.506069000000001, 40.28169419999999]]}, "properties": {"street_name": "Rua Senhor da Paciência", "municipio": "Covilhã", "count": 1, "top_infraction": "imbecis", "first_year": "2024", "last_year": "2024", "type_breakdown": "{\"imbecis\": 1}", "monthly_breakdown": "{\"2024-04\": 1}"}}, {"type": "Feature", "geometry": {"type": "LineString", "coordinates": [[-7.5029225, 40.2708055], [-7.5032057, 40.27049739999999]]}, "properties": {"street_name": null, "municipio": "Covilhã", "count": 1, "top_infraction": "imbecis", "first_year": "2024", "last_year": "2024", "type_breakdown": "{\"imbecis\": 1}", "monthly_breakdown": "{\"2024-04\": 1}"}}, {"type": "Feature", "geometry": {"type": "LineString", "coordinates": [[-7.5062323, 40.281198399999994], [-7.5062318, 40.2812119], [-7.506162, 40.281363299999995], [-7.5060911, 40.2815634]]}, "properties": {"street_name": "Rua Senhor da Paciência", "municipio": "Covilhã", "count": 1, "top_infraction": "imbecis", "first_year": "2024", "last_year": "2024", "type_breakdown": "{\"imbecis\": 1}", "monthly_breakdown": "{\"2024-04\": 1}"}}, {"type": "Feature", "geometry": {"type": "LineString", "coordinates": [[-8.7005886, 40.6440456], [-8.7003059, 40.64390999999999]]}, "properties": {"street_name": null, "municipio": "Ílhavo", "count": 1, "top_infraction": "imbecis", "first_year": "2025", "last_year": "2025", "type_breakdown": "{\"imbecis\": 1}", "monthly_breakdown": "{\"2025-07\": 1}"}}, {"type": "Feature", "geometry": {"type": "LineString", "coordinates": [[-8.6529931, 40.639704200000004], [-8.652167, 40.63989699999999]]}, "properties": {"street_name": "Rua Doutor Nascimento Leitão", "municipio": "Aveiro", "count": 1, "top_infraction": "imbecis", "first_year": "2026", "last_year": "2026", "type_breakdown": "{\"imbecis\": 1}", "monthly_breakdown": "{\"2026-04\": 1}"}}, {"type": "Feature", "geometry": {"type": "LineString", "coordinates": [[-8.6529931, 40.639704200000004], [-8.6531481, 40.6400112], [-8.6531845, 40.64007469999999], [-8.6533705, 40.6403126]]}, "properties": {"street_name": "Rua Combatentes da Grande Guerra", "municipio": "Aveiro", "count": 1, "top_infraction": "imbecis", "first_year": "2024", "last_year": "2024", "type_breakdown": "{\"imbecis\": 1}", "monthly_breakdown": "{\"2024-11\": 1}"}}, {"type": "Feature", "geometry": {"type": "LineString", "coordinates": [[-8.6492108, 40.6482213], [-8.6479793, 40.648953199999994], [-8.6463295, 40.6499337], [-8.6456444, 40.65034550000001], [-8.6453654, 40.6504869]]}, "properties": {"street_name": "Cais de São Roque", "municipio": "Aveiro", "count": 1, "top_infraction": "imbecis", "first_year": "2025", "last_year": "2025", "type_breakdown": "{\"imbecis\": 1}", "monthly_breakdown": "{\"2025-07\": 1}"}}, {"type": "Feature", "geometry": {"type": "LineString", "coordinates": [[-8.6559447, 40.642523], [-8.6561255, 40.64245520000001], [-8.6562193, 40.64242140000001]]}, "properties": {"street_name": "Travessa do Lavadouro", "municipio": "Aveiro", "count": 1, "top_infraction": "imbecis", "first_year": "2025", "last_year": "2025", "type_breakdown": "{\"imbecis\": 1}", "monthly_breakdown": "{\"2025-04\": 1}"}}, {"type": "Feature", "geometry": {"type": "LineString", "coordinates": [[-8.648276800000001, 40.6412811], [-8.6482851, 40.64135339999999], [-8.6482642, 40.64141879999999], [-8.6482285, 40.64145450000001], [-8.6481245, 40.6414925], [-8.6480439, 40.641518600000005], [-8.6480163, 40.641549], [-8.6480131, 40.641604099999995], [-8.6481039, 40.641836199999986], [-8.6481943, 40.642084], [-8.6482421, 40.6421263], [-8.6483122, 40.64212609999999], [-8.6486751, 40.64205710000001], [-8.6495152, 40.6418934], [-8.6495917, 40.641886], [-8.6496515, 40.6419079]]}, "properties": {"street_name": "Praça do Mercado", "municipio": "Aveiro", "count": 1, "top_infraction": "imbecis", "first_year": "2025", "last_year": "2025", "type_breakdown": "{\"imbecis\": 1}", "monthly_breakdown": "{\"2025-12\": 1}"}}, {"type": "Feature", "geometry": {"type": "LineString", "coordinates": [[-8.656442800000002, 40.64332759999999], [-8.656712, 40.6431893]]}, "properties": {"street_name": "Rua Abel Ribeiro", "municipio": "Aveiro", "count": 2, "top_infraction": "imbecis", "first_year": "2025", "last_year": "2025", "type_breakdown": "{\"imbecis\": 2}", "monthly_breakdown": "{\"2025-04\": 1, \"2025-05\": 1}"}}, {"type": "Feature", "geometry": {"type": "LineString", "coordinates": [[-8.6552439, 40.641574899999995], [-8.6551462, 40.6415552], [-8.6548181, 40.6415333], [-8.6545877, 40.6415381], [-8.6544294, 40.641548199999995], [-8.6541209, 40.6415565]]}, "properties": {"street_name": "Rua de João Mendonça", "municipio": "Aveiro", "count": 26, "top_infraction": "imbecis", "first_year": "2024", "last_year": "2026", "type_breakdown": "{\"imbecis\": 26}", "monthly_breakdown": "{\"2026-01\": 1, \"2025-04\": 5, \"2024-11\": 1, \"2025-11\": 3, \"2026-04\": 2, \"2024-10\": 1, \"2026-02\": 1, \"2025-08\": 1, \"2025-12\": 1, \"2025-05\": 4, \"2025-02\": 1, \"2025-06\": 1, \"2024-12\": 1, \"2025-07\": 2, \"2025-03\": 1}"}}, {"type": "Feature", "geometry": {"type": "LineString", "coordinates": [[-8.6577491, 40.642136099999995], [-8.6574322, 40.6417868], [-8.656956, 40.64124060000001], [-8.6568799, 40.641215200000005], [-8.6564542, 40.6412719], [-8.655679, 40.641377199999994], [-8.6550799, 40.6414585]]}, "properties": {"street_name": "Praça do Rossio", "municipio": "Aveiro", "count": 1, "top_infraction": "imbecis", "first_year": "2026", "last_year": "2026", "type_breakdown": "{\"imbecis\": 1}", "monthly_breakdown": "{\"2026-02\": 1}"}}, {"type": "Feature", "geometry": {"type": "LineString", "coordinates": [[-8.6562059, 40.64188519999999], [-8.6552439, 40.641574899999995]]}, "properties": {"street_name": "Rua do Doutor Barbosa de Magalhães", "municipio": "Aveiro", "count": 2, "top_infraction": "imbecis", "first_year": "2025", "last_year": "2025", "type_breakdown": "{\"imbecis\": 2}", "monthly_breakdown": "{\"2025-07\": 1, \"2025-02\": 1}"}}, {"type": "Feature", "geometry": {"type": "LineString", "coordinates": [[-8.6561202, 40.642816], [-8.6559512, 40.6425342], [-8.6559447, 40.642523]]}, "properties": {"street_name": "Rua António dos Santos Lé", "municipio": "Aveiro", "count": 1, "top_infraction": "imbecis", "first_year": "2025", "last_year": "2025", "type_breakdown": "{\"imbecis\": 1}", "monthly_breakdown": "{\"2025-11\": 1}"}}, {"type": "Feature", "geometry": {"type": "LineString", "coordinates": [[-8.6501122, 40.634340499999986], [-8.6499996, 40.634249], [-8.6493721, 40.633754999999994], [-8.6492939, 40.6336935], [-8.6491354, 40.6335687], [-8.6490666, 40.63351509999999]]}, "properties": {"street_name": "Avenida Araújo e Silva", "municipio": "Aveiro", "count": 1, "top_infraction": "imbecis", "first_year": "2026", "last_year": "2026", "type_breakdown": "{\"imbecis\": 1}", "monthly_breakdown": "{\"2026-04\": 1}"}}, {"type": "Feature", "geometry": {"type": "LineString", "coordinates": [[-8.6492304, 40.630377700000004], [-8.6492228, 40.630321300000006], [-8.6490203, 40.6288802], [-8.6490153, 40.628839]]}, "properties": {"street_name": "Rua Santa Maria da Feira", "municipio": "Aveiro", "count": 61, "top_infraction": "imbecis", "first_year": "2024", "last_year": "2024", "type_breakdown": "{\"imbecis\": 61}", "monthly_breakdown": "{\"2024-06\": 8, \"2024-04\": 28, \"2024-05\": 25}"}}, {"type": "Feature", "geometry": {"type": "LineString", "coordinates": [[-8.6495345, 40.6323102], [-8.6495115, 40.632217], [-8.649489400000002, 40.63208019999999], [-8.6494054, 40.63156409999999]]}, "properties": {"street_name": "Rua Santa Maria da Feira", "municipio": "Aveiro", "count": 1, "top_infraction": "imbecis", "first_year": "2026", "last_year": "2026", "type_breakdown": "{\"imbecis\": 1}", "monthly_breakdown": "{\"2026-02\": 1}"}}, {"type": "Feature", "geometry": {"type": "LineString", "coordinates": [[-8.6153594, 40.635541800000006], [-8.615469800000001, 40.6356873], [-8.616251, 40.6361098], [-8.617063, 40.636547099999994], [-8.617295, 40.6369432], [-8.6173066, 40.6373599], [-8.6172887, 40.63738910000001]]}, "properties": {"street_name": "Rua Engenheiro Adelino Amaro da Costa", "municipio": "Aveiro", "count": 2, "top_infraction": "imbecis", "first_year": "2025", "last_year": "2025", "type_breakdown": "{\"imbecis\": 2}", "monthly_breakdown": "{\"2025-09\": 2}"}}, {"type": "Feature", "geometry": {"type": "LineString", "coordinates": [[-8.6201442, 40.63385689999999], [-8.6200145, 40.6337964], [-8.6199238, 40.63375209999999], [-8.6186134, 40.63263189999999], [-8.6185097, 40.632543299999995]]}, "properties": {"street_name": "Rua Dom João II", "municipio": "Aveiro", "count": 1, "top_infraction": "imbecis", "first_year": "2025", "last_year": "2025", "type_breakdown": "{\"imbecis\": 1}", "monthly_breakdown": "{\"2025-10\": 1}"}}, {"type": "Feature", "geometry": {"type": "LineString", "coordinates": [[-8.6575049, 40.6200616], [-8.657602, 40.620081], [-8.657897, 40.62023159999999], [-8.6585247, 40.620594], [-8.6590074, 40.620940099999984], [-8.6594259, 40.6212537], [-8.6596978, 40.6215161], [-8.6598826, 40.62172259999999]]}, "properties": {"street_name": "Rua da Malhada do Eirô", "municipio": "Aveiro", "count": 4, "top_infraction": "imbecis", "first_year": "2026", "last_year": "2026", "type_breakdown": "{\"imbecis\": 4}", "monthly_breakdown": "{\"2026-03\": 4}"}}, {"type": "Feature", "geometry": {"type": "LineString", "coordinates": [[-8.6541209, 40.6415565], [-8.6540957, 40.64160989999999], [-8.654087, 40.64162839999999], [-8.6539445, 40.6419936], [-8.6539201, 40.642027099999986], [-8.6537849, 40.6422139]]}, "properties": {"street_name": "Rua Domingos Carrancho", "municipio": "Aveiro", "count": 1, "top_infraction": "imbecis", "first_year": "2026", "last_year": "2026", "type_breakdown": "{\"imbecis\": 1}", "monthly_breakdown": "{\"2026-03\": 1}"}}, {"type": "Feature", "geometry": {"type": "LineString", "coordinates": [[-8.6516379, 40.63018399999999], [-8.6517745, 40.6310575]]}, "properties": {"street_name": "Rua Nova", "municipio": "Aveiro", "count": 1, "top_infraction": "imbecis", "first_year": "2026", "last_year": "2026", "type_breakdown": "{\"imbecis\": 1}", "monthly_breakdown": "{\"2026-04\": 1}"}}, {"type": "Feature", "geometry": {"type": "LineString", "coordinates": [[-8.6490797, 40.6315866], [-8.6491472, 40.631586899999995], [-8.6493091, 40.631571699999995], [-8.6493624, 40.63156750000001], [-8.6494054, 40.63156409999999]]}, "properties": {"street_name": "Travessa de Santa Maria da Feira", "municipio": "Aveiro", "count": 2, "top_infraction": "imbecis", "first_year": "2026", "last_year": "2026", "type_breakdown": "{\"imbecis\": 2}", "monthly_breakdown": "{\"2026-03\": 2}"}}, {"type": "Feature", "geometry": {"type": "LineString", "coordinates": [[-8.6489152, 40.6304025], [-8.6486925, 40.62886530000001]]}, "properties": {"street_name": "Rua de Águeda", "municipio": "Aveiro", "count": 332, "top_infraction": "imbecis", "first_year": "2024", "last_year": "2024", "type_breakdown": "{\"imbecis\": 332}", "monthly_breakdown": "{\"2024-04\": 189, \"2024-05\": 95, \"2024-06\": 48}"}}, {"type": "Feature", "geometry": {"type": "LineString", "coordinates": [[-8.6487416, 40.6345573], [-8.6488569, 40.63466219999999], [-8.6489301, 40.63477859999999], [-8.6490039, 40.634877599999996]]}, "properties": {"street_name": "Rua de São Sebastião", "municipio": "Aveiro", "count": 1, "top_infraction": "imbecis", "first_year": "2026", "last_year": "2026", "type_breakdown": "{\"imbecis\": 1}", "monthly_breakdown": "{\"2026-04\": 1}"}}, {"type": "Feature", "geometry": {"type": "LineString", "coordinates": [[-8.6550128, 40.642861], [-8.6543544, 40.6428109], [-8.6539041, 40.642767199999994]]}, "properties": {"street_name": "Rua Sargento Clemente de Morais", "municipio": "Aveiro", "count": 2, "top_infraction": "imbecis", "first_year": "2025", "last_year": "2025", "type_breakdown": "{\"imbecis\": 2}", "monthly_breakdown": "{\"2025-08\": 2}"}}, {"type": "Feature", "geometry": {"type": "LineString", "coordinates": [[-8.6539125, 40.642587], [-8.653943, 40.64257179999999], [-8.6540326, 40.64255279999999], [-8.6550231, 40.6425887]]}, "properties": {"street_name": "Rua dos Marnotos", "municipio": "Aveiro", "count": 4, "top_infraction": "imbecis", "first_year": "2026", "last_year": "2026", "type_breakdown": "{\"imbecis\": 4}", "monthly_breakdown": "{\"2026-01\": 4}"}}, {"type": "Feature", "geometry": {"type": "LineString", "coordinates": [[-8.653906, 40.64301330000001], [-8.6544208, 40.6430883]]}, "properties": {"street_name": "Rua das Salineiras", "municipio": "Aveiro", "count": 1, "top_infraction": "imbecis", "first_year": "2025", "last_year": "2025", "type_breakdown": "{\"imbecis\": 1}", "monthly_breakdown": "{\"2025-06\": 1}"}}, {"type": "Feature", "geometry": {"type": "LineString", "coordinates": [[-8.6444376, 40.645130999999985], [-8.645635, 40.645431999999985], [-8.6457658, 40.6454649], [-8.6457693, 40.6454664], [-8.6458792, 40.645514600000006], [-8.6459671, 40.6455786]]}, "properties": {"street_name": "Rua Almirante Cândido dos Reis", "municipio": "Aveiro", "count": 1, "top_infraction": "imbecis", "first_year": "2025", "last_year": "2025", "type_breakdown": "{\"imbecis\": 1}", "monthly_breakdown": "{\"2025-07\": 1}"}}, {"type": "Feature", "geometry": {"type": "LineString", "coordinates": [[-8.4666087, 40.6851675], [-8.4664169, 40.6851066], [-8.4660906, 40.6850494], [-8.4656559, 40.68499559999999], [-8.4654298, 40.68496559999999], [-8.4651808, 40.6849257], [-8.4649722, 40.684875000000005], [-8.4647482, 40.684799399999996], [-8.4639385, 40.68437879999999]]}, "properties": {"street_name": "Rua da Cruzinha", "municipio": "Albergaria-a-Velha", "count": 1, "top_infraction": "imbecis", "first_year": "2025", "last_year": "2025", "type_breakdown": "{\"imbecis\": 1}", "monthly_breakdown": "{\"2025-10\": 1}"}}, {"type": "Feature", "geometry": {"type": "LineString", "coordinates": [[-7.9100625, 40.6291943], [-7.909903900000001, 40.6292748], [-7.9101055, 40.6295008]]}, "properties": {"street_name": null, "municipio": "Viseu", "count": 1, "top_infraction": "imbecis", "first_year": "2025", "last_year": "2025", "type_breakdown": "{\"imbecis\": 1}", "monthly_breakdown": "{\"2025-11\": 1}"}}, {"type": "Feature", "geometry": {"type": "LineString", "coordinates": [[-8.5703947, 40.76271830000001], [-8.5710283, 40.762693899999995], [-8.5709892, 40.761965999999994], [-8.5703531, 40.76198589999999]]}, "properties": {"street_name": null, "municipio": "Estarreja", "count": 1, "top_infraction": "imbecis", "first_year": "2024", "last_year": "2024", "type_breakdown": "{\"imbecis\": 1}", "monthly_breakdown": "{\"2024-05\": 1}"}}, {"type": "Feature", "geometry": {"type": "LineString", "coordinates": [[-8.611039200000002, 40.86584419999999], [-8.6109762, 40.8658665], [-8.6108384, 40.8659154], [-8.6106791, 40.8656973], [-8.610477, 40.865771499999994], [-8.610373, 40.8658097], [-8.6098634, 40.865982299999985]]}, "properties": {"street_name": null, "municipio": "Ovar", "count": 1, "top_infraction": "imbecis", "first_year": "2025", "last_year": "2025", "type_breakdown": "{\"imbecis\": 1}", "monthly_breakdown": "{\"2025-03\": 1}"}}, {"type": "Feature", "geometry": {"type": "LineString", "coordinates": [[-8.4763209, 40.83670819999999], [-8.4763206, 40.836774], [-8.4763183, 40.8374862], [-8.4762847, 40.83773699999999], [-8.4762427, 40.83789279999999], [-8.4761884, 40.838014799999996], [-8.4761473, 40.838104699999995]]}, "properties": {"street_name": "Rua Doutor Artur Correia Barbosa", "municipio": "Oliveirade Azeméis", "count": 1, "top_infraction": "imbecis", "first_year": "2024", "last_year": "2024", "type_breakdown": "{\"imbecis\": 1}", "monthly_breakdown": "{\"2024-08\": 1}"}}, {"type": "Feature", "geometry": {"type": "LineString", "coordinates": [[-8.4918237, 40.8976491], [-8.49185, 40.897718399999995], [-8.4921682, 40.8985585]]}, "properties": {"street_name": "Rua Visconde de São João da Madeira", "municipio": "São Joãoda Madeira", "count": 1, "top_infraction": "imbecis", "first_year": "2025", "last_year": "2025", "type_breakdown": "{\"imbecis\": 1}", "monthly_breakdown": "{\"2025-05\": 1}"}}, {"type": "Feature", "geometry": {"type": "LineString", "coordinates": [[-8.491790100000001, 40.89758599999999], [-8.4911565, 40.89775890000001]]}, "properties": {"street_name": "Rua João de Deus", "municipio": "São Joãoda Madeira", "count": 1, "top_infraction": "imbecis", "first_year": "2024", "last_year": "2024", "type_breakdown": "{\"imbecis\": 1}", "monthly_breakdown": "{\"2024-11\": 1}"}}, {"type": "Feature", "geometry": {"type": "LineString", "coordinates": [[-8.4761179, 40.8919872], [-8.4757674, 40.8922673], [-8.4756836, 40.892278000000005], [-8.4754472, 40.89225110000001]]}, "properties": {"street_name": null, "municipio": "São Joãoda Madeira", "count": 1, "top_infraction": "imbecis", "first_year": "2024", "last_year": "2024", "type_breakdown": "{\"imbecis\": 1}", "monthly_breakdown": "{\"2024-05\": 1}"}}, {"type": "Feature", "geometry": {"type": "LineString", "coordinates": [[-8.4841198, 40.8947299], [-8.483965, 40.8946402], [-8.4839177, 40.89461279999998], [-8.4837256, 40.89449100000001], [-8.4833043, 40.894239999999996], [-8.483138, 40.8941514], [-8.4827798, 40.89402449999999], [-8.4827149, 40.89400680000001]]}, "properties": {"street_name": "Avenida da Liberdade", "municipio": "São Joãoda Madeira", "count": 2, "top_infraction": "imbecis", "first_year": "2024", "last_year": "2024", "type_breakdown": "{\"imbecis\": 2}", "monthly_breakdown": "{\"2024-09\": 2}"}}, {"type": "Feature", "geometry": {"type": "LineString", "coordinates": [[-8.4883327, 40.8814378], [-8.488199, 40.88190769999999]]}, "properties": {"street_name": null, "municipio": "São Joãoda Madeira", "count": 1, "top_infraction": "imbecis", "first_year": "2025", "last_year": "2025", "type_breakdown": "{\"imbecis\": 1}", "monthly_breakdown": "{\"2025-12\": 1}"}}, {"type": "Feature", "geometry": {"type": "LineString", "coordinates": [[-8.4032354, 40.853834199999994], [-8.4027354, 40.854255800000004], [-8.4022429, 40.854711], [-8.4019874, 40.85492399999999]]}, "properties": {"street_name": "Rua da Carvalheira", "municipio": "Valede Cambra", "count": 1, "top_infraction": "imbecis", "first_year": "2024", "last_year": "2024", "type_breakdown": "{\"imbecis\": 1}", "monthly_breakdown": "{\"2024-07\": 1}"}}, {"type": "Feature", "geometry": {"type": "LineString", "coordinates": [[-8.4901818, 40.897221], [-8.4902788, 40.897283900000005], [-8.4908628, 40.8976662], [-8.49105, 40.8977875]]}, "properties": {"street_name": "Rua Álvares Cabral", "municipio": "São Joãoda Madeira", "count": 1, "top_infraction": "imbecis", "first_year": "2024", "last_year": "2024", "type_breakdown": "{\"imbecis\": 1}", "monthly_breakdown": "{\"2024-11\": 1}"}}, {"type": "Feature", "geometry": {"type": "LineString", "coordinates": [[-8.49313, 40.893373299999986], [-8.4933294, 40.893256], [-8.4933403, 40.89322309999999], [-8.4933396, 40.8931599]]}, "properties": {"street_name": null, "municipio": "São Joãoda Madeira", "count": 1, "top_infraction": "imbecis", "first_year": "2025", "last_year": "2025", "type_breakdown": "{\"imbecis\": 1}", "monthly_breakdown": "{\"2025-11\": 1}"}}, {"type": "Feature", "geometry": {"type": "LineString", "coordinates": [[-8.4935825, 40.891677699999995], [-8.4935672, 40.891623100000004], [-8.4934515, 40.891632400000006], [-8.4933812, 40.89161969999999]]}, "properties": {"street_name": null, "municipio": "São Joãoda Madeira", "count": 1, "top_infraction": "imbecis", "first_year": "2024", "last_year": "2024", "type_breakdown": "{\"imbecis\": 1}", "monthly_breakdown": "{\"2024-08\": 1}"}}, {"type": "Feature", "geometry": {"type": "LineString", "coordinates": [[-8.3521666, 40.893784399999994], [-8.351942, 40.8936614], [-8.3517704, 40.8935406], [-8.3516343, 40.89340909999999], [-8.3502942, 40.891801900000004], [-8.349041, 40.8909698]]}, "properties": {"street_name": "Estrada da Zona Industrial do Rossio/Farrapa", "municipio": "Valede Cambra", "count": 1, "top_infraction": "imbecis", "first_year": "2024", "last_year": "2024", "type_breakdown": "{\"imbecis\": 1}", "monthly_breakdown": "{\"2024-08\": 1}"}}, {"type": "Feature", "geometry": {"type": "LineString", "coordinates": [[-8.626765, 40.9578944], [-8.6267397, 40.9578013], [-8.6267185, 40.9577232], [-8.6266001, 40.957198299999995]]}, "properties": {"street_name": "Avenida 29 de Março", "municipio": "Ovar", "count": 2, "top_infraction": "imbecis", "first_year": "2025", "last_year": "2025", "type_breakdown": "{\"imbecis\": 2}", "monthly_breakdown": "{\"2025-01\": 1, \"2025-03\": 1}"}}, {"type": "Feature", "geometry": {"type": "LineString", "coordinates": [[-8.6169315, 40.936402199999996], [-8.6169111, 40.93637499999999], [-8.6168744, 40.936326199999996], [-8.6168519, 40.93629709999999], [-8.6168264, 40.93626270000001], [-8.6168009, 40.9362282]]}, "properties": {"street_name": "Rua de São Pedro", "municipio": "Ovar", "count": 1, "top_infraction": "imbecis", "first_year": "2025", "last_year": "2025", "type_breakdown": "{\"imbecis\": 1}", "monthly_breakdown": "{\"2025-02\": 1}"}}, {"type": "Feature", "geometry": {"type": "LineString", "coordinates": [[-8.6263422, 40.9563045], [-8.6262189, 40.955964699999996]]}, "properties": {"street_name": "Avenida 29 de Março", "municipio": "Ovar", "count": 1, "top_infraction": "imbecis", "first_year": "2025", "last_year": "2025", "type_breakdown": "{\"imbecis\": 1}", "monthly_breakdown": "{\"2025-01\": 1}"}}, {"type": "Feature", "geometry": {"type": "LineString", "coordinates": [[-8.6278733, 40.9613818], [-8.6279491, 40.9615864], [-8.6280873, 40.96155859999999]]}, "properties": {"street_name": null, "municipio": "Ovar", "count": 1, "top_infraction": "imbecis", "first_year": "2025", "last_year": "2025", "type_breakdown": "{\"imbecis\": 1}", "monthly_breakdown": "{\"2025-02\": 1}"}}, {"type": "Feature", "geometry": {"type": "LineString", "coordinates": [[-8.5479171, 40.9273705], [-8.5479067, 40.92724460000001], [-8.5479018, 40.927209000000005], [-8.5478996, 40.927142299999986]]}, "properties": {"street_name": "Rua Professor Egas Moniz", "municipio": "Santa Mariada Feira", "count": 1, "top_infraction": "imbecis", "first_year": "2025", "last_year": "2025", "type_breakdown": "{\"imbecis\": 1}", "monthly_breakdown": "{\"2025-06\": 1}"}}, {"type": "Feature", "geometry": {"type": "LineString", "coordinates": [[-8.5391529, 40.99352019999999], [-8.5394993, 40.9948039]]}, "properties": {"street_name": "Avenida Principal", "municipio": "Santa Mariada Feira", "count": 1, "top_infraction": "imbecis", "first_year": "2024", "last_year": "2024", "type_breakdown": "{\"imbecis\": 1}", "monthly_breakdown": "{\"2024-10\": 1}"}}, {"type": "Feature", "geometry": {"type": "LineString", "coordinates": [[-8.5829886, 40.97319699999999], [-8.5828761, 40.9732581], [-8.5827153, 40.97335139999999], [-8.5826538, 40.9733841], [-8.5821726, 40.973655799999996]]}, "properties": {"street_name": "Avenida do Monte de Cima", "municipio": "Santa Mariada Feira", "count": 1, "top_infraction": "imbecis", "first_year": "2024", "last_year": "2024", "type_breakdown": "{\"imbecis\": 1}", "monthly_breakdown": "{\"2024-11\": 1}"}}, {"type": "Feature", "geometry": {"type": "LineString", "coordinates": [[-8.5522262, 40.997857100000004], [-8.5522484, 40.99796330000001], [-8.5520271, 40.9980329], [-8.5518164, 40.998128399999985], [-8.5516609, 40.9982158], [-8.5515108, 40.99832719999999], [-8.5513311, 40.998253399999996]]}, "properties": {"street_name": null, "municipio": "Santa Mariada Feira", "count": 1, "top_infraction": "imbecis", "first_year": "2025", "last_year": "2025", "type_breakdown": "{\"imbecis\": 1}", "monthly_breakdown": "{\"2025-03\": 1}"}}, {"type": "Feature", "geometry": {"type": "LineString", "coordinates": [[-8.5397524, 40.9398297], [-8.5396512, 40.93989710000001], [-8.5394522, 40.93971129999999]]}, "properties": {"street_name": "Travessa do Centro Empresarial do Cavaco", "municipio": "Santa Mariada Feira", "count": 1, "top_infraction": "imbecis", "first_year": "2025", "last_year": "2025", "type_breakdown": "{\"imbecis\": 1}", "monthly_breakdown": "{\"2025-06\": 1}"}}, {"type": "Feature", "geometry": {"type": "LineString", "coordinates": [[-8.5051093, 40.93245120000001], [-8.5051277, 40.9325807], [-8.505098, 40.93269], [-8.5048615, 40.93297799999999], [-8.5048306, 40.93301759999999], [-8.5048032, 40.93305269999999]]}, "properties": {"street_name": "Rua Albino Francisco das Neves", "municipio": "Santa Mariada Feira", "count": 1, "top_infraction": "imbecis", "first_year": "2025", "last_year": "2025", "type_breakdown": "{\"imbecis\": 1}", "monthly_breakdown": "{\"2025-03\": 1}"}}, {"type": "Feature", "geometry": {"type": "LineString", "coordinates": [[-8.5932514, 40.95817589999999], [-8.5926846, 40.95913549999999], [-8.5926649, 40.95916890000001]]}, "properties": {"street_name": "Rua Monte do Outeiro", "municipio": "Santa Mariada Feira", "count": 1, "top_infraction": "imbecis", "first_year": "2025", "last_year": "2025", "type_breakdown": "{\"imbecis\": 1}", "monthly_breakdown": "{\"2025-03\": 1}"}}, {"type": "Feature", "geometry": {"type": "LineString", "coordinates": [[-8.5341565, 40.99759999999999], [-8.5339805, 40.9976227], [-8.5332596, 40.99776080000001], [-8.5331536, 40.99776700000001], [-8.5330637, 40.997747999999994]]}, "properties": {"street_name": "Rua 1º de Maio", "municipio": "Santa Mariada Feira", "count": 1, "top_infraction": "imbecis", "first_year": "2025", "last_year": "2025", "type_breakdown": "{\"imbecis\": 1}", "monthly_breakdown": "{\"2025-07\": 1}"}}, {"type": "Feature", "geometry": {"type": "LineString", "coordinates": [[-8.564463, 40.9219639], [-8.5642741, 40.921958], [-8.5642435, 40.921970300000005]]}, "properties": {"street_name": null, "municipio": "Santa Mariada Feira", "count": 1, "top_infraction": "imbecis", "first_year": "2024", "last_year": "2024", "type_breakdown": "{\"imbecis\": 1}", "monthly_breakdown": "{\"2024-07\": 1}"}}, {"type": "Feature", "geometry": {"type": "LineString", "coordinates": [[-8.5655779, 40.92242649999999], [-8.5657717, 40.92243449999999]]}, "properties": {"street_name": null, "municipio": "Santa Mariada Feira", "count": 1, "top_infraction": "imbecis", "first_year": "2024", "last_year": "2024", "type_breakdown": "{\"imbecis\": 1}", "monthly_breakdown": "{\"2024-10\": 1}"}}, {"type": "Feature", "geometry": {"type": "LineString", "coordinates": [[-8.5437306, 40.92599160000001], [-8.5439957, 40.9259558]]}, "properties": {"street_name": "Travessa Jornal Correio da Feira", "municipio": "Santa Mariada Feira", "count": 1, "top_infraction": "imbecis", "first_year": "2024", "last_year": "2024", "type_breakdown": "{\"imbecis\": 1}", "monthly_breakdown": "{\"2024-07\": 1}"}}, {"type": "Feature", "geometry": {"type": "LineString", "coordinates": [[-8.5615812, 40.924322], [-8.5609277, 40.92423769999999], [-8.5607629, 40.92421689999999]]}, "properties": {"street_name": "Avenida Doutor Francisco Sá Carneiro", "municipio": "Santa Mariada Feira", "count": 2, "top_infraction": "imbecis", "first_year": "2025", "last_year": "2025", "type_breakdown": "{\"imbecis\": 2}", "monthly_breakdown": "{\"2025-03\": 1, \"2025-02\": 1}"}}, {"type": "Feature", "geometry": {"type": "LineString", "coordinates": [[-8.5641275, 40.9212664], [-8.5640323, 40.92144449999999], [-8.5640187, 40.921660399999986], [-8.5640156, 40.921709699999994], [-8.5644797, 40.9217271]]}, "properties": {"street_name": "['Corredor subterrâneo', 'Corredor subterrâneo entrada Este']", "municipio": "Santa Mariada Feira", "count": 1, "top_infraction": "imbecis", "first_year": "2024", "last_year": "2024", "type_breakdown": "{\"imbecis\": 1}", "monthly_breakdown": "{\"2024-09\": 1}"}}, {"type": "Feature", "geometry": {"type": "LineString", "coordinates": [[-8.5695939, 40.92337909999999], [-8.569492, 40.9233609], [-8.5691728, 40.923460199999994], [-8.5691353, 40.9235737], [-8.5690738, 40.9236358], [-8.5690379, 40.92367200000001]]}, "properties": {"street_name": null, "municipio": "Santa Mariada Feira", "count": 1, "top_infraction": "imbecis", "first_year": "2024", "last_year": "2024", "type_breakdown": "{\"imbecis\": 1}", "monthly_breakdown": "{\"2024-05\": 1}"}}, {"type": "Feature", "geometry": {"type": "LineString", "coordinates": [[-8.5486604, 40.925955099999996], [-8.5486805, 40.92598069999999], [-8.5487011, 40.92637309999999], [-8.5488544, 40.926367799999994]]}, "properties": {"street_name": null, "municipio": "Santa Mariada Feira", "count": 1, "top_infraction": "imbecis", "first_year": "2025", "last_year": "2025", "type_breakdown": "{\"imbecis\": 1}", "monthly_breakdown": "{\"2025-11\": 1}"}}, {"type": "Feature", "geometry": {"type": "LineString", "coordinates": [[-8.579879, 40.9760253], [-8.5803234, 40.97548619999999], [-8.5804423, 40.9754068]]}, "properties": {"street_name": "Rua da Ponte Nova", "municipio": "Santa Mariada Feira", "count": 2, "top_infraction": "imbecis", "first_year": "2024", "last_year": "2024", "type_breakdown": "{\"imbecis\": 2}", "monthly_breakdown": "{\"2024-11\": 2}"}}, {"type": "Feature", "geometry": {"type": "LineString", "coordinates": [[-8.5654285, 40.92176270000001], [-8.5656247, 40.9217707]]}, "properties": {"street_name": "Corredor subterrâneo", "municipio": "Santa Mariada Feira", "count": 1, "top_infraction": "imbecis", "first_year": "2024", "last_year": "2024", "type_breakdown": "{\"imbecis\": 1}", "monthly_breakdown": "{\"2024-10\": 1}"}}, {"type": "Feature", "geometry": {"type": "LineString", "coordinates": [[-8.5644797, 40.9217271], [-8.564472, 40.9218708]]}, "properties": {"street_name": "Corredor 24", "municipio": "Santa Mariada Feira", "count": 1, "top_infraction": "imbecis", "first_year": "2025", "last_year": "2025", "type_breakdown": "{\"imbecis\": 1}", "monthly_breakdown": "{\"2025-08\": 1}"}}, {"type": "Feature", "geometry": {"type": "LineString", "coordinates": [[-8.5023129, 40.9212804], [-8.502543600000001, 40.92119069999998], [-8.5026795, 40.92140839999999]]}, "properties": {"street_name": null, "municipio": "Santa Mariada Feira", "count": 1, "top_infraction": "imbecis", "first_year": "2024", "last_year": "2024", "type_breakdown": "{\"imbecis\": 1}", "monthly_breakdown": "{\"2024-12\": 1}"}}, {"type": "Feature", "geometry": {"type": "LineString", "coordinates": [[-8.5213242, 40.987342399999996], [-8.521399, 40.9871877]]}, "properties": {"street_name": "Rua 25 de Abril", "municipio": "Santa Mariada Feira", "count": 1, "top_infraction": "imbecis", "first_year": "2025", "last_year": "2025", "type_breakdown": "{\"imbecis\": 1}", "monthly_breakdown": "{\"2025-10\": 1}"}}, {"type": "Feature", "geometry": {"type": "LineString", "coordinates": [[-8.4959992, 40.9157021], [-8.4958715, 40.915769499999996], [-8.4939826, 40.916138499999995], [-8.4935242, 40.9162525], [-8.4932438, 40.9163326]]}, "properties": {"street_name": "Rua Cristóvão Colombo", "municipio": "Santa Mariada Feira", "count": 1, "top_infraction": "imbecis", "first_year": "2024", "last_year": "2024", "type_breakdown": "{\"imbecis\": 1}", "monthly_breakdown": "{\"2024-10\": 1}"}}, {"type": "Feature", "geometry": {"type": "LineString", "coordinates": [[-8.4275159, 40.9181303], [-8.427604700000002, 40.9181289], [-8.4276805, 40.91810190000001], [-8.427754, 40.91804080000001], [-8.4280097, 40.91763199999999], [-8.428061, 40.91756669999999]]}, "properties": {"street_name": "Rua 30 de Agosto", "municipio": "Oliveirade Azeméis", "count": 1, "top_infraction": "imbecis", "first_year": "2024", "last_year": "2024", "type_breakdown": "{\"imbecis\": 1}", "monthly_breakdown": "{\"2024-09\": 1}"}}, {"type": "Feature", "geometry": {"type": "LineString", "coordinates": [[-8.4898223, 40.913941], [-8.490003, 40.91206890000001], [-8.4900286, 40.911897500000016]]}, "properties": {"street_name": "Rua António Sérgio", "municipio": "São Joãoda Madeira", "count": 2, "top_infraction": "imbecis", "first_year": "2025", "last_year": "2025", "type_breakdown": "{\"imbecis\": 2}", "monthly_breakdown": "{\"2025-06\": 2}"}}, {"type": "Feature", "geometry": {"type": "LineString", "coordinates": [[-8.4786517, 40.997256500000006], [-8.4789201, 40.9974324], [-8.4793723, 40.9976617], [-8.479848, 40.9978821], [-8.4801961, 40.998029300000006]]}, "properties": {"street_name": "Rua Agostinho da Mota Pereira", "municipio": "Santa Mariada Feira", "count": 1, "top_infraction": "imbecis", "first_year": "2025", "last_year": "2025", "type_breakdown": "{\"imbecis\": 1}", "monthly_breakdown": "{\"2025-05\": 1}"}}, {"type": "Feature", "geometry": {"type": "LineString", "coordinates": [[-8.4797585, 40.925099], [-8.4801095, 40.924908099999996], [-8.4802163, 40.92475760000001], [-8.4806455, 40.9235578], [-8.480810700000001, 40.92339419999999], [-8.4809669, 40.92333719999999], [-8.4811296, 40.9233027]]}, "properties": {"street_name": "Rua do Pereiro", "municipio": "Santa Mariada Feira", "count": 1, "top_infraction": "imbecis", "first_year": "2024", "last_year": "2024", "type_breakdown": "{\"imbecis\": 1}", "monthly_breakdown": "{\"2024-10\": 1}"}}, {"type": "Feature", "geometry": {"type": "LineString", "coordinates": [[-8.4939523, 40.900261500000006], [-8.493609600000001, 40.900446800000005], [-8.4935653, 40.900480599999995]]}, "properties": {"street_name": "Rua 5 de Outubro", "municipio": "São Joãoda Madeira", "count": 1, "top_infraction": "imbecis", "first_year": "2024", "last_year": "2024", "type_breakdown": "{\"imbecis\": 1}", "monthly_breakdown": "{\"2024-05\": 1}"}}, {"type": "Feature", "geometry": {"type": "LineString", "coordinates": [[-8.6398466, 41.0111732], [-8.6398516, 41.010367699999996]]}, "properties": {"street_name": "Rua 20", "municipio": "Espinho", "count": 1, "top_infraction": "imbecis", "first_year": "2024", "last_year": "2024", "type_breakdown": "{\"imbecis\": 1}", "monthly_breakdown": "{\"2024-04\": 1}"}}, {"type": "Feature", "geometry": {"type": "LineString", "coordinates": [[-8.6414756, 41.003968500000006], [-8.6413998, 41.0039685], [-8.640951, 41.0039686], [-8.6408322, 41.00396860000001]]}, "properties": {"street_name": "Rua 33", "municipio": "Espinho", "count": 1, "top_infraction": "imbecis", "first_year": "2024", "last_year": "2024", "type_breakdown": "{\"imbecis\": 1}", "monthly_breakdown": "{\"2024-04\": 1}"}}, {"type": "Feature", "geometry": {"type": "LineString", "coordinates": [[-8.6380993, 41.007209], [-8.6381015, 41.00706879999999], [-8.6381081, 41.006667300000004], [-8.6381141, 41.0062697], [-8.6381194, 41.00592379999999], [-8.6381322, 41.005366099999996]]}, "properties": {"street_name": "Avenida 24", "municipio": "Espinho", "count": 1, "top_infraction": "imbecis", "first_year": "2024", "last_year": "2024", "type_breakdown": "{\"imbecis\": 1}", "monthly_breakdown": "{\"2024-04\": 1}"}}, {"type": "Feature", "geometry": {"type": "LineString", "coordinates": [[-8.6423251, 41.0072231], [-8.6423271, 41.00714179999999], [-8.6423329, 41.0067189], [-8.6423332, 41.0066393]]}, "properties": {"street_name": "Rua 14", "municipio": "Espinho", "count": 1, "top_infraction": "imbecis", "first_year": "2025", "last_year": "2025", "type_breakdown": "{\"imbecis\": 1}", "monthly_breakdown": "{\"2025-10\": 1}"}}, {"type": "Feature", "geometry": {"type": "LineString", "coordinates": [[-8.6362822, 41.0053816], [-8.6371512, 41.005374]]}, "properties": {"street_name": "Rua 29", "municipio": "Espinho", "count": 1, "top_infraction": "imbecis", "first_year": "2025", "last_year": "2025", "type_breakdown": "{\"imbecis\": 1}", "monthly_breakdown": "{\"2025-06\": 1}"}}, {"type": "Feature", "geometry": {"type": "LineString", "coordinates": [[-8.6541953, 41.073411699999994], [-8.6543482, 41.0733802], [-8.6548593, 41.0732749]]}, "properties": {"street_name": "Rua de Henrique Galvão", "municipio": "Vila Novade Gaia", "count": 2, "top_infraction": "imbecis", "first_year": "2025", "last_year": "2025", "type_breakdown": "{\"imbecis\": 2}", "monthly_breakdown": "{\"2025-12\": 2}"}}, {"type": "Feature", "geometry": {"type": "LineString", "coordinates": [[-8.6566189, 41.09162990000001], [-8.6566006, 41.09153439999999], [-8.6565158, 41.0909156], [-8.6564584, 41.090500899999995], [-8.6564433, 41.09039829999998], [-8.656431, 41.09031509999999], [-8.6564004, 41.09010550000001], [-8.656313, 41.0898007]]}, "properties": {"street_name": "Avenida de Infante de Sagres", "municipio": "Vila Novade Gaia", "count": 1, "top_infraction": "imbecis", "first_year": "2025", "last_year": "2025", "type_breakdown": "{\"imbecis\": 1}", "monthly_breakdown": "{\"2025-05\": 1}"}}, {"type": "Feature", "geometry": {"type": "LineString", "coordinates": [[-8.6567792, 41.09231879999999], [-8.6567403, 41.0920621], [-8.6567099, 41.091890199999995], [-8.6566827, 41.0917389], [-8.6566869, 41.0917195], [-8.656706, 41.0917005], [-8.6567026, 41.0916458]]}, "properties": {"street_name": null, "municipio": "Vila Novade Gaia", "count": 1, "top_infraction": "imbecis", "first_year": "2025", "last_year": "2025", "type_breakdown": "{\"imbecis\": 1}", "monthly_breakdown": "{\"2025-05\": 1}"}}, {"type": "Feature", "geometry": {"type": "LineString", "coordinates": [[-8.639863, 41.0157145], [-8.6398629, 41.01575830000001], [-8.6398627, 41.01581109999999], [-8.6398615, 41.016197399999996], [-8.6399129, 41.01657790000001], [-8.6400577, 41.0171311], [-8.6401931, 41.01753279999999], [-8.6404024, 41.01807470000001], [-8.6404657, 41.01823859999998], [-8.6405606, 41.0184844]]}, "properties": {"street_name": null, "municipio": "Vila Novade Gaia", "count": 1, "top_infraction": "imbecis", "first_year": "2024", "last_year": "2024", "type_breakdown": "{\"imbecis\": 1}", "monthly_breakdown": "{\"2024-05\": 1}"}}, {"type": "Feature", "geometry": {"type": "LineString", "coordinates": [[-8.5984116, 41.09480159999999], [-8.598509, 41.09495799999999], [-8.5986069, 41.0951631]]}, "properties": {"street_name": "Rua da Rechousa", "municipio": "Vila Novade Gaia", "count": 1, "top_infraction": "imbecis", "first_year": "2026", "last_year": "2026", "type_breakdown": "{\"imbecis\": 1}", "monthly_breakdown": "{\"2026-02\": 1}"}}, {"type": "Feature", "geometry": {"type": "LineString", "coordinates": [[-8.5572074, 41.01429199999998], [-8.5580048, 41.0141815]]}, "properties": {"street_name": "Avenida de São Cristóvão", "municipio": "Santa Mariada Feira", "count": 5, "top_infraction": "imbecis", "first_year": "2024", "last_year": "2024", "type_breakdown": "{\"imbecis\": 5}", "monthly_breakdown": "{\"2024-10\": 5}"}}, {"type": "Feature", "geometry": {"type": "LineString", "coordinates": [[-8.7019067, 41.19055410000001], [-8.701905, 41.1905194], [-8.7019029, 41.190476899999986], [-8.701879200000002, 41.1899979], [-8.7018758, 41.1899281]]}, "properties": {"street_name": "Rua dos Dois Amigos", "municipio": "Matosinhos", "count": 1, "top_infraction": "imbecis", "first_year": "2025", "last_year": "2025", "type_breakdown": "{\"imbecis\": 1}", "monthly_breakdown": "{\"2025-11\": 1}"}}, {"type": "Feature", "geometry": {"type": "LineString", "coordinates": [[-8.6140445, 41.1499575], [-8.614299800000001, 41.1499465], [-8.6147181, 41.149928599999996], [-8.6148066, 41.149924299999995]]}, "properties": {"street_name": "Rua da Conceição", "municipio": "Porto", "count": 1, "top_infraction": "imbecis", "first_year": "2024", "last_year": "2024", "type_breakdown": "{\"imbecis\": 1}", "monthly_breakdown": "{\"2024-11\": 1}"}}, {"type": "Feature", "geometry": {"type": "LineString", "coordinates": [[-8.6120066, 41.1529962], [-8.6120953, 41.1503911], [-8.6120989, 41.15026869999999]]}, "properties": {"street_name": "Rua do Almada", "municipio": "Porto", "count": 5, "top_infraction": "imbecis", "first_year": "2024", "last_year": "2025", "type_breakdown": "{\"imbecis\": 5}", "monthly_breakdown": "{\"2024-12\": 1, \"2025-01\": 2, \"2024-06\": 2}"}}, {"type": "Feature", "geometry": {"type": "LineString", "coordinates": [[-8.6121592, 41.1479515], [-8.6122867, 41.14802739999999], [-8.6123948, 41.1480596], [-8.6129656, 41.148199399999996], [-8.6130799, 41.1482075], [-8.6158929, 41.148275299999995], [-8.6178088, 41.14814479999999], [-8.6183557, 41.148066099999994]]}, "properties": {"street_name": "['Túnel dos Almadas', 'Rua Elísio de Melo']", "municipio": "Porto", "count": 2, "top_infraction": "imbecis", "first_year": "2025", "last_year": "2025", "type_breakdown": "{\"imbecis\": 2}", "monthly_breakdown": "{\"2025-03\": 2}"}}, {"type": "Feature", "geometry": {"type": "LineString", "coordinates": [[-8.6121861, 41.1471763], [-8.6122153, 41.1471899], [-8.613368200000002, 41.1475478]]}, "properties": {"street_name": "Rua da Fábrica", "municipio": "Porto", "count": 1, "top_infraction": "imbecis", "first_year": "2025", "last_year": "2025", "type_breakdown": "{\"imbecis\": 1}", "monthly_breakdown": "{\"2025-09\": 1}"}}, {"type": "Feature", "geometry": {"type": "LineString", "coordinates": [[-8.6122352, 41.1459904], [-8.6122224, 41.14602909999999], [-8.6122134, 41.1460653], [-8.6122068, 41.146091999999996], [-8.6121861, 41.1471763]]}, "properties": {"street_name": "Rua do Almada", "municipio": "Porto", "count": 3, "top_infraction": "imbecis", "first_year": "2024", "last_year": "2024", "type_breakdown": "{\"imbecis\": 3}", "monthly_breakdown": "{\"2024-04\": 3}"}}, {"type": "Feature", "geometry": {"type": "LineString", "coordinates": [[-8.6176123, 41.1515884], [-8.6185977, 41.1513402], [-8.6187819, 41.15129319999999]]}, "properties": {"street_name": "Rua do Breiner", "municipio": "Porto", "count": 2, "top_infraction": "imbecis", "first_year": "2024", "last_year": "2024", "type_breakdown": "{\"imbecis\": 2}", "monthly_breakdown": "{\"2024-11\": 1, \"2024-12\": 1}"}}, {"type": "Feature", "geometry": {"type": "LineString", "coordinates": [[-8.6176123, 41.1515884], [-8.6175938, 41.1515535], [-8.6171403, 41.1506825]]}, "properties": {"street_name": "Rua de Cedofeita", "municipio": "Porto", "count": 9, "top_infraction": "imbecis", "first_year": "2025", "last_year": "2025", "type_breakdown": "{\"imbecis\": 9}", "monthly_breakdown": "{\"2025-05\": 6, \"2025-01\": 3}"}}, {"type": "Feature", "geometry": {"type": "LineString", "coordinates": [[-8.6210956, 41.150709], [-8.6212407, 41.151469299999995], [-8.6212608, 41.1515703], [-8.6212767, 41.1516791]]}, "properties": {"street_name": "Rua do Rosário", "municipio": "Porto", "count": 2, "top_infraction": "imbecis", "first_year": "2024", "last_year": "2024", "type_breakdown": "{\"imbecis\": 2}", "monthly_breakdown": "{\"2024-12\": 1, \"2024-11\": 1}"}}, {"type": "Feature", "geometry": {"type": "LineString", "coordinates": [[-8.6210956, 41.150709], [-8.6211798, 41.15068949999999], [-8.6229889, 41.1502357], [-8.6230542, 41.15021919999999]]}, "properties": {"street_name": "Rua do Breiner", "municipio": "Porto", "count": 1, "top_infraction": "imbecis", "first_year": "2025", "last_year": "2025", "type_breakdown": "{\"imbecis\": 1}", "monthly_breakdown": "{\"2025-05\": 1}"}}, {"type": "Feature", "geometry": {"type": "LineString", "coordinates": [[-8.6212767, 41.1516791], [-8.6207584, 41.152504300000004], [-8.6207521, 41.15252809999999], [-8.6207489, 41.15255189999999], [-8.6207549, 41.1526088]]}, "properties": {"street_name": "Rua da Boa Hora", "municipio": "Porto", "count": 2, "top_infraction": "imbecis", "first_year": "2024", "last_year": "2025", "type_breakdown": "{\"imbecis\": 2}", "monthly_breakdown": "{\"2024-12\": 1, \"2025-01\": 1}"}}, {"type": "Feature", "geometry": {"type": "LineString", "coordinates": [[-8.6229257, 41.14936740000001], [-8.6228593, 41.14937629999999], [-8.6210147, 41.1496243], [-8.6209791, 41.149629099999984], [-8.6208752, 41.1496431]]}, "properties": {"street_name": "Rua de Miguel Bombarda", "municipio": "Porto", "count": 5, "top_infraction": "imbecis", "first_year": "2024", "last_year": "2024", "type_breakdown": "{\"imbecis\": 5}", "monthly_breakdown": "{\"2024-06\": 5}"}}, {"type": "Feature", "geometry": {"type": "LineString", "coordinates": [[-8.618069100000001, 41.1524856], [-8.6179824, 41.15249349999999], [-8.6169171, 41.1525907]]}, "properties": {"street_name": "Rua dos Bragas", "municipio": "Porto", "count": 3, "top_infraction": "imbecis", "first_year": "2025", "last_year": "2025", "type_breakdown": "{\"imbecis\": 3}", "monthly_breakdown": "{\"2025-01\": 2, \"2025-05\": 1}"}}, {"type": "Feature", "geometry": {"type": "LineString", "coordinates": [[-8.618069100000001, 41.1524856], [-8.6180043, 41.15234819999999], [-8.6179509, 41.152234899999996]]}, "properties": {"street_name": "Rua de Cedofeita", "municipio": "Porto", "count": 1, "top_infraction": "imbecis", "first_year": "2025", "last_year": "2025", "type_breakdown": "{\"imbecis\": 1}", "monthly_breakdown": "{\"2025-01\": 1}"}}, {"type": "Feature", "geometry": {"type": "LineString", "coordinates": [[-8.6179509, 41.152234899999996], [-8.6176123, 41.1515884]]}, "properties": {"street_name": "Rua de Cedofeita", "municipio": "Porto", "count": 4, "top_infraction": "imbecis", "first_year": "2025", "last_year": "2025", "type_breakdown": "{\"imbecis\": 4}", "monthly_breakdown": "{\"2025-01\": 2, \"2025-07\": 1, \"2025-05\": 1}"}}, {"type": "Feature", "geometry": {"type": "LineString", "coordinates": [[-8.6189007, 41.15520179999999], [-8.6188055, 41.155199499999995], [-8.6178219, 41.1550182], [-8.6176249, 41.1549634], [-8.6166731, 41.154789300000004], [-8.6164902, 41.1547543], [-8.616308, 41.154739199999995], [-8.6152294, 41.154540399999995], [-8.6139931, 41.154312499999996]]}, "properties": {"street_name": "Rua Álvares Cabral", "municipio": "Porto", "count": 1, "top_infraction": "imbecis", "first_year": "2025", "last_year": "2025", "type_breakdown": "{\"imbecis\": 1}", "monthly_breakdown": "{\"2025-01\": 1}"}}, {"type": "Feature", "geometry": {"type": "LineString", "coordinates": [[-8.6189007, 41.15520179999999], [-8.6189281, 41.1551148], [-8.6189937, 41.15497619999999]]}, "properties": {"street_name": "Rua de Cedofeita", "municipio": "Porto", "count": 1, "top_infraction": "imbecis", "first_year": "2024", "last_year": "2024", "type_breakdown": "{\"imbecis\": 1}", "monthly_breakdown": "{\"2024-12\": 1}"}}, {"type": "Feature", "geometry": {"type": "LineString", "coordinates": [[-8.6135935, 41.152871899999994], [-8.6136414, 41.15287000000001], [-8.6157012, 41.1526933]]}, "properties": {"street_name": "Rua dos Bragas", "municipio": "Porto", "count": 7, "top_infraction": "imbecis", "first_year": "2025", "last_year": "2025", "type_breakdown": "{\"imbecis\": 7}", "monthly_breakdown": "{\"2025-10\": 7}"}}, {"type": "Feature", "geometry": {"type": "LineString", "coordinates": [[-8.6132636, 41.15373849999999], [-8.6131748, 41.1537511], [-8.6130858, 41.1537499], [-8.6126871, 41.15374959999999], [-8.6126091, 41.1537496], [-8.6122168, 41.1537426], [-8.6121716, 41.15374820000001], [-8.6121269, 41.153760399999996], [-8.6120991, 41.15377169999999], [-8.6120711, 41.153789], [-8.6120549, 41.1538039], [-8.6120253, 41.153835699999995]]}, "properties": {"street_name": "Praça da República", "municipio": "Porto", "count": 1, "top_infraction": "imbecis", "first_year": "2024", "last_year": "2024", "type_breakdown": "{\"imbecis\": 1}", "monthly_breakdown": "{\"2024-12\": 1}"}}, {"type": "Feature", "geometry": {"type": "LineString", "coordinates": [[-8.6132636, 41.15373849999999], [-8.6132205, 41.1537042], [-8.6132, 41.153691200000004], [-8.613165, 41.1536741], [-8.6131327, 41.1536626], [-8.6130889, 41.1536532], [-8.6130433, 41.153649], [-8.6121499, 41.153642999999995], [-8.6120909, 41.1536383], [-8.6120602, 41.15363450000001]]}, "properties": {"street_name": "Praça da República", "municipio": "Porto", "count": 1, "top_infraction": "imbecis", "first_year": "2025", "last_year": "2025", "type_breakdown": "{\"imbecis\": 1}", "monthly_breakdown": "{\"2025-04\": 1}"}}, {"type": "Feature", "geometry": {"type": "LineString", "coordinates": [[-8.6207549, 41.1526088], [-8.6208223, 41.152769], [-8.6209837, 41.1532264]]}, "properties": {"street_name": "Rua de Aníbal Cunha", "municipio": "Porto", "count": 2, "top_infraction": "imbecis", "first_year": "2024", "last_year": "2025", "type_breakdown": "{\"imbecis\": 2}", "monthly_breakdown": "{\"2025-06\": 1, \"2024-11\": 1}"}}, {"type": "Feature", "geometry": {"type": "LineString", "coordinates": [[-8.6207549, 41.1526088], [-8.620678800000002, 41.152597300000004], [-8.619910100000002, 41.152497199999985]]}, "properties": {"street_name": "Rua da Torrinha", "municipio": "Porto", "count": 7, "top_infraction": "imbecis", "first_year": "2025", "last_year": "2025", "type_breakdown": "{\"imbecis\": 7}", "monthly_breakdown": "{\"2025-03\": 1, \"2025-05\": 2, \"2025-06\": 1, \"2025-01\": 3}"}}, {"type": "Feature", "geometry": {"type": "LineString", "coordinates": [[-8.6226639, 41.147770499999986], [-8.62283, 41.147815599999994], [-8.6228701, 41.14782639999999], [-8.6237076, 41.1480528], [-8.6238921, 41.1481063], [-8.6240669, 41.148170900000004], [-8.6241696, 41.1482113]]}, "properties": {"street_name": "Rua de Dom Manuel II", "municipio": "Porto", "count": 2, "top_infraction": "imbecis", "first_year": "2025", "last_year": "2025", "type_breakdown": "{\"imbecis\": 2}", "monthly_breakdown": "{\"2025-03\": 2}"}}, {"type": "Feature", "geometry": {"type": "LineString", "coordinates": [[-8.6138497, 41.1516693], [-8.6138374, 41.151710300000005], [-8.6138291, 41.15174969999999], [-8.6136114, 41.15278680000001], [-8.6135935, 41.152871899999994]]}, "properties": {"street_name": "Rua dos Mártires da Liberdade", "municipio": "Porto", "count": 1, "top_infraction": "imbecis", "first_year": "2025", "last_year": "2025", "type_breakdown": "{\"imbecis\": 1}", "monthly_breakdown": "{\"2025-01\": 1}"}}, {"type": "Feature", "geometry": {"type": "LineString", "coordinates": [[-8.6156082, 41.1485969], [-8.6153813, 41.14875049999999], [-8.6151036, 41.1489517], [-8.6150232, 41.149029899999995], [-8.6149639, 41.1491595]]}, "properties": {"street_name": "Rua das Oliveiras", "municipio": "Porto", "count": 1, "top_infraction": "imbecis", "first_year": "2025", "last_year": "2025", "type_breakdown": "{\"imbecis\": 1}", "monthly_breakdown": "{\"2025-05\": 1}"}}, {"type": "Feature", "geometry": {"type": "LineString", "coordinates": [[-8.6156082, 41.1485969], [-8.6155863, 41.1486503], [-8.615587, 41.1486798], [-8.6155908, 41.14870590000001], [-8.6156627, 41.14879809999999], [-8.6156916, 41.148819399999994], [-8.6157319, 41.14883699999999], [-8.6157734, 41.14884380000001], [-8.615881700000001, 41.14883499999999], [-8.6161302, 41.14881080000001], [-8.6161508, 41.148804199999994], [-8.6161695, 41.14879399999999], [-8.6161833, 41.1487774], [-8.6161933, 41.1487613], [-8.6161958, 41.1487349], [-8.6161446, 41.1486053], [-8.6160258, 41.1483049], [-8.6160034, 41.148247299999994]]}, "properties": {"street_name": "Praça de Carlos Alberto", "municipio": "Porto", "count": 5, "top_infraction": "imbecis", "first_year": "2025", "last_year": "2025", "type_breakdown": "{\"imbecis\": 5}", "monthly_breakdown": "{\"2025-03\": 5}"}}, {"type": "Feature", "geometry": {"type": "LineString", "coordinates": [[-8.6240719, 41.152917599999995], [-8.6242229, 41.1530172], [-8.6244855, 41.15317180000001]]}, "properties": {"street_name": "Rua do Padre Cruz", "municipio": "Porto", "count": 1, "top_infraction": "imbecis", "first_year": "2025", "last_year": "2025", "type_breakdown": "{\"imbecis\": 1}", "monthly_breakdown": "{\"2025-05\": 1}"}}, {"type": "Feature", "geometry": {"type": "LineString", "coordinates": [[-8.6240719, 41.152917599999995], [-8.6230243, 41.1528133], [-8.6229114, 41.152801999999994]]}, "properties": {"street_name": "Rua da Torrinha", "municipio": "Porto", "count": 7, "top_infraction": "imbecis", "first_year": "2024", "last_year": "2025", "type_breakdown": "{\"imbecis\": 7}", "monthly_breakdown": "{\"2024-12\": 2, \"2025-05\": 1, \"2025-01\": 3, \"2025-03\": 1}"}}, {"type": "Feature", "geometry": {"type": "LineString", "coordinates": [[-8.605782, 41.14978349999999], [-8.6058734, 41.149805099999995], [-8.6059252, 41.1498173], [-8.6061311, 41.14986579999999], [-8.6063691, 41.14992]]}, "properties": {"street_name": "Rua de Fernandes Tomás", "municipio": "Porto", "count": 1, "top_infraction": "imbecis", "first_year": "2025", "last_year": "2025", "type_breakdown": "{\"imbecis\": 1}", "monthly_breakdown": "{\"2025-03\": 1}"}}, {"type": "Feature", "geometry": {"type": "LineString", "coordinates": [[-8.6024192, 41.1532823], [-8.602309600000002, 41.1532817], [-8.6009415, 41.153274199999984], [-8.6007815, 41.153273299999995]]}, "properties": {"street_name": "Rua do Moreira", "municipio": "Porto", "count": 6, "top_infraction": "imbecis", "first_year": "2024", "last_year": "2025", "type_breakdown": "{\"imbecis\": 6}", "monthly_breakdown": "{\"2025-04\": 3, \"2024-12\": 1, \"2024-09\": 2}"}}, {"type": "Feature", "geometry": {"type": "LineString", "coordinates": [[-8.6007815, 41.153273299999995], [-8.6007695, 41.15333729999999], [-8.6006385, 41.15403820000001]]}, "properties": {"street_name": "Rua de Anselmo Braamcamp", "municipio": "Porto", "count": 3, "top_infraction": "imbecis", "first_year": "2024", "last_year": "2025", "type_breakdown": "{\"imbecis\": 3}", "monthly_breakdown": "{\"2024-09\": 1, \"2025-03\": 2}"}}, {"type": "Feature", "geometry": {"type": "LineString", "coordinates": [[-8.6011714, 41.1510467], [-8.6012474, 41.15104470000001], [-8.6020939, 41.15101620000001], [-8.6021375, 41.15101469999999], [-8.6022297, 41.1510098]]}, "properties": {"street_name": "Rua da Firmeza", "municipio": "Porto", "count": 2, "top_infraction": "imbecis", "first_year": "2024", "last_year": "2024", "type_breakdown": "{\"imbecis\": 2}", "monthly_breakdown": "{\"2024-10\": 2}"}}, {"type": "Feature", "geometry": {"type": "LineString", "coordinates": [[-8.6011714, 41.1510467], [-8.6011721, 41.1511091], [-8.6011777, 41.151175300000006], [-8.6011586, 41.151319699999995], [-8.6011421, 41.1514143], [-8.600874, 41.15275049999999], [-8.600791, 41.1532194], [-8.6007815, 41.153273299999995]]}, "properties": {"street_name": "Rua de Anselmo Braamcamp", "municipio": "Porto", "count": 11, "top_infraction": "imbecis", "first_year": "2024", "last_year": "2025", "type_breakdown": "{\"imbecis\": 11}", "monthly_breakdown": "{\"2025-04\": 4, \"2024-09\": 2, \"2024-10\": 3, \"2024-11\": 1, \"2024-12\": 1}"}}, {"type": "Feature", "geometry": {"type": "LineString", "coordinates": [[-8.602082900000001, 41.14898190000001], [-8.6021532, 41.1499717], [-8.6021968, 41.1505977], [-8.6022211, 41.150890700000005], [-8.6022249, 41.1509367], [-8.6022297, 41.1510098]]}, "properties": {"street_name": "Rua de Dom João IV", "municipio": "Porto", "count": 19, "top_infraction": "imbecis", "first_year": "2024", "last_year": "2025", "type_breakdown": "{\"imbecis\": 19}", "monthly_breakdown": "{\"2024-12\": 10, \"2025-02\": 4, \"2024-11\": 5}"}}, {"type": "Feature", "geometry": {"type": "LineString", "coordinates": [[-8.6031713, 41.14919820000001], [-8.6031061, 41.14918490000001], [-8.6022439, 41.1490138], [-8.6021995, 41.149005], [-8.602082900000001, 41.14898190000001]]}, "properties": {"street_name": "Rua de Fernandes Tomás", "municipio": "Porto", "count": 1, "top_infraction": "imbecis", "first_year": "2024", "last_year": "2024", "type_breakdown": "{\"imbecis\": 1}", "monthly_breakdown": "{\"2024-10\": 1}"}}, {"type": "Feature", "geometry": {"type": "LineString", "coordinates": [[-8.6019062, 41.148948099999984], [-8.6016995, 41.14890859999999], [-8.6009243, 41.14876029999999]]}, "properties": {"street_name": "Rua de Fernandes Tomás", "municipio": "Porto", "count": 1, "top_infraction": "imbecis", "first_year": "2024", "last_year": "2024", "type_breakdown": "{\"imbecis\": 1}", "monthly_breakdown": "{\"2024-07\": 1}"}}, {"type": "Feature", "geometry": {"type": "LineString", "coordinates": [[-8.6400656, 41.16878690000001], [-8.6401945, 41.1687955], [-8.6405856, 41.168588699999994], [-8.6407643, 41.1685184], [-8.6409613, 41.16846099999999], [-8.641441800000003, 41.168377], [-8.6418676, 41.16835579999999], [-8.6420446, 41.168347000000004]]}, "properties": {"street_name": null, "municipio": "Porto", "count": 1, "top_infraction": "imbecis", "first_year": "2025", "last_year": "2025", "type_breakdown": "{\"imbecis\": 1}", "monthly_breakdown": "{\"2025-04\": 1}"}}, {"type": "Feature", "geometry": {"type": "LineString", "coordinates": [[-8.663967700000002, 41.14799099999999], [-8.6641943, 41.148031999999986], [-8.6643599, 41.1480569], [-8.6645727, 41.14807370000001], [-8.6647376, 41.148071300000005], [-8.6648566, 41.1480653], [-8.6649027, 41.14806020000001], [-8.6649932, 41.1480487], [-8.6650766, 41.14803239999999]]}, "properties": {"street_name": "Rua do Passeio Alegre", "municipio": "Porto", "count": 2, "top_infraction": "imbecis", "first_year": "2025", "last_year": "2025", "type_breakdown": "{\"imbecis\": 2}", "monthly_breakdown": "{\"2025-05\": 2}"}}, {"type": "Feature", "geometry": {"type": "LineString", "coordinates": [[-8.6461294, 41.182607899999994], [-8.646110700000001, 41.18256529999999], [-8.6460582, 41.182445300000005]]}, "properties": {"street_name": "Rua Direita do Viso", "municipio": "Porto", "count": 1, "top_infraction": "imbecis", "first_year": "2025", "last_year": "2025", "type_breakdown": "{\"imbecis\": 1}", "monthly_breakdown": "{\"2025-02\": 1}"}}, {"type": "Feature", "geometry": {"type": "LineString", "coordinates": [[-8.646218800000002, 41.182762199999985], [-8.6463411, 41.182701999999985], [-8.6466097, 41.18255479999999]]}, "properties": {"street_name": "Estrada Exterior da Circunvalação", "municipio": "Matosinhos", "count": 1, "top_infraction": "imbecis", "first_year": "2025", "last_year": "2025", "type_breakdown": "{\"imbecis\": 1}", "monthly_breakdown": "{\"2025-02\": 1}"}}, {"type": "Feature", "geometry": {"type": "LineString", "coordinates": [[-8.6134476, 41.183329300000004], [-8.6136402, 41.1833104], [-8.6172825, 41.1829145], [-8.6175034, 41.1828713], [-8.6180199, 41.1825871]]}, "properties": {"street_name": "Estrada Exterior da Circunvalação", "municipio": "Porto", "count": 2, "top_infraction": "imbecis", "first_year": "2025", "last_year": "2025", "type_breakdown": "{\"imbecis\": 2}", "monthly_breakdown": "{\"2025-03\": 2}"}}, {"type": "Feature", "geometry": {"type": "LineString", "coordinates": [[-8.6331077, 41.16275], [-8.633021, 41.16263659999999], [-8.6329884, 41.1625939], [-8.632862, 41.1624284], [-8.6328537, 41.1624176], [-8.6326409, 41.16215950000001], [-8.6326128, 41.1621255], [-8.6325164, 41.16200909999999]]}, "properties": {"street_name": "Rua de Cinco de Outubro", "municipio": "Porto", "count": 2, "top_infraction": "imbecis", "first_year": "2024", "last_year": "2024", "type_breakdown": "{\"imbecis\": 2}", "monthly_breakdown": "{\"2024-04\": 2}"}}, {"type": "Feature", "geometry": {"type": "LineString", "coordinates": [[-8.6800419, 41.1808482], [-8.6800987, 41.180840700000005], [-8.6801542, 41.18083340000001], [-8.6806337, 41.180783600000005], [-8.6806907, 41.18077769999998], [-8.680799, 41.180770900000006]]}, "properties": {"street_name": "Avenida da Liberdade", "municipio": "Matosinhos", "count": 1, "top_infraction": "imbecis", "first_year": "2024", "last_year": "2024", "type_breakdown": "{\"imbecis\": 1}", "monthly_breakdown": "{\"2024-06\": 1}"}}, {"type": "Feature", "geometry": {"type": "LineString", "coordinates": [[-8.6821053, 41.1808149], [-8.6821963, 41.180849099999996], [-8.6822523, 41.1808816], [-8.6822913, 41.1809273], [-8.6823671, 41.1810599], [-8.6829336, 41.18217949999999], [-8.6829643, 41.182240400000005], [-8.6829657, 41.182274299999996], [-8.682959, 41.182317399999995]]}, "properties": {"street_name": "Avenida Dom Afonso Henriques", "municipio": "Matosinhos", "count": 1, "top_infraction": "imbecis", "first_year": "2025", "last_year": "2025", "type_breakdown": "{\"imbecis\": 1}", "monthly_breakdown": "{\"2025-06\": 1}"}}, {"type": "Feature", "geometry": {"type": "LineString", "coordinates": [[-8.6821053, 41.1808149], [-8.6821849, 41.180822199999994], [-8.6822645, 41.18081469999999], [-8.6823394, 41.18079290000001], [-8.682405, 41.1807582], [-8.682426400000002, 41.1807396]]}, "properties": {"street_name": "Avenida da República", "municipio": "Matosinhos", "count": 1, "top_infraction": "imbecis", "first_year": "2024", "last_year": "2024", "type_breakdown": "{\"imbecis\": 1}", "monthly_breakdown": "{\"2024-10\": 1}"}}, {"type": "Feature", "geometry": {"type": "LineString", "coordinates": [[-8.686640800000001, 41.180336200000006], [-8.6867342, 41.18032989999999], [-8.6874586, 41.180280800000006], [-8.6875105, 41.1802773], [-8.6876136, 41.1802698]]}, "properties": {"street_name": "Avenida da República", "municipio": "Matosinhos", "count": 1, "top_infraction": "imbecis", "first_year": "2025", "last_year": "2025", "type_breakdown": "{\"imbecis\": 1}", "monthly_breakdown": "{\"2025-12\": 1}"}}, {"type": "Feature", "geometry": {"type": "LineString", "coordinates": [[-8.6308069, 41.1650366], [-8.6316345, 41.1646726], [-8.6316776, 41.1646537], [-8.6317726, 41.16461189999998]]}, "properties": {"street_name": "Rua de Pedro Hispano", "municipio": "Porto", "count": 32, "top_infraction": "imbecis", "first_year": "2025", "last_year": "2026", "type_breakdown": "{\"imbecis\": 32}", "monthly_breakdown": "{\"2026-02\": 6, \"2025-10\": 8, \"2026-04\": 3, \"2026-01\": 6, \"2025-09\": 1, \"2026-03\": 4, \"2025-11\": 1, \"2025-08\": 2, \"2025-12\": 1}"}}, {"type": "Feature", "geometry": {"type": "LineString", "coordinates": [[-8.6359462, 41.1625307], [-8.6354235, 41.1627831]]}, "properties": {"street_name": "Rua de Pedro Hispano", "municipio": "Porto", "count": 1, "top_infraction": "imbecis", "first_year": "2024", "last_year": "2024", "type_breakdown": "{\"imbecis\": 1}", "monthly_breakdown": "{\"2024-12\": 1}"}}, {"type": "Feature", "geometry": {"type": "LineString", "coordinates": [[-8.6359462, 41.1625307], [-8.637639700000001, 41.1618333], [-8.6377548, 41.1617864]]}, "properties": {"street_name": "Rua de Pedro Hispano", "municipio": "Porto", "count": 4, "top_infraction": "imbecis", "first_year": "2024", "last_year": "2025", "type_breakdown": "{\"imbecis\": 4}", "monthly_breakdown": "{\"2025-02\": 2, \"2025-03\": 1, \"2024-04\": 1}"}}, {"type": "Feature", "geometry": {"type": "LineString", "coordinates": [[-8.60031, 41.1613654], [-8.6003552, 41.1612512], [-8.6003697, 41.1612145], [-8.6008504, 41.159999400000004], [-8.6008722, 41.15994380000001]]}, "properties": {"street_name": "Rua da Alegria", "municipio": "Porto", "count": 1, "top_infraction": "imbecis", "first_year": "2024", "last_year": "2024", "type_breakdown": "{\"imbecis\": 1}", "monthly_breakdown": "{\"2024-09\": 1}"}}, {"type": "Feature", "geometry": {"type": "LineString", "coordinates": [[-8.6016969, 41.1615383], [-8.6028354, 41.1616848], [-8.6036885, 41.161791599999994], [-8.6037998, 41.1618055], [-8.6040169, 41.1618277]]}, "properties": {"street_name": "Rua da Constituição", "municipio": "Porto", "count": 1, "top_infraction": "imbecis", "first_year": "2025", "last_year": "2025", "type_breakdown": "{\"imbecis\": 1}", "monthly_breakdown": "{\"2025-11\": 1}"}}, {"type": "Feature", "geometry": {"type": "LineString", "coordinates": [[-8.6068578, 41.1621694], [-8.6083527, 41.162363], [-8.6090022, 41.1624471], [-8.6091026, 41.1624602]]}, "properties": {"street_name": "Rua da Constituição", "municipio": "Porto", "count": 6, "top_infraction": "imbecis", "first_year": "2024", "last_year": "2025", "type_breakdown": "{\"imbecis\": 6}", "monthly_breakdown": "{\"2024-11\": 1, \"2025-11\": 2, \"2024-08\": 1, \"2024-07\": 1, \"2024-04\": 1}"}}, {"type": "Feature", "geometry": {"type": "LineString", "coordinates": [[-8.6092234, 41.162475799999996], [-8.6100403, 41.162572299999994], [-8.6109202, 41.162684199999994], [-8.6110186, 41.1626963], [-8.6111351, 41.16270929999999]]}, "properties": {"street_name": "Rua da Constituição", "municipio": "Porto", "count": 3, "top_infraction": "imbecis", "first_year": "2025", "last_year": "2025", "type_breakdown": "{\"imbecis\": 3}", "monthly_breakdown": "{\"2025-06\": 1, \"2025-11\": 2}"}}, {"type": "Feature", "geometry": {"type": "LineString", "coordinates": [[-8.6111351, 41.16270929999999], [-8.6111168, 41.1628037], [-8.611091, 41.162936499999994], [-8.6110755, 41.1630201], [-8.6110571, 41.1632228], [-8.6110388, 41.16343599999998], [-8.6110233, 41.1638334]]}, "properties": {"street_name": "Rua de Antero de Quental", "municipio": "Porto", "count": 1, "top_infraction": "imbecis", "first_year": "2025", "last_year": "2025", "type_breakdown": "{\"imbecis\": 1}", "monthly_breakdown": "{\"2025-11\": 1}"}}, {"type": "Feature", "geometry": {"type": "LineString", "coordinates": [[-8.6111351, 41.16270929999999], [-8.6111529, 41.1626187], [-8.6111669, 41.16254789999999], [-8.6112428, 41.162236099999994], [-8.6113258, 41.1618775], [-8.6113337, 41.1618386], [-8.6113581, 41.161719]]}, "properties": {"street_name": "Rua de Antero de Quental", "municipio": "Porto", "count": 1, "top_infraction": "imbecis", "first_year": "2025", "last_year": "2025", "type_breakdown": "{\"imbecis\": 1}", "monthly_breakdown": "{\"2025-06\": 1}"}}, {"type": "Feature", "geometry": {"type": "LineString", "coordinates": [[-8.675992900000002, 41.150285999999994], [-8.6760415, 41.15037649999999], [-8.676156200000001, 41.150525800000004], [-8.6762608, 41.15065220000001]]}, "properties": {"street_name": "Rua da Senhora da Luz", "municipio": "Porto", "count": 1, "top_infraction": "imbecis", "first_year": "2024", "last_year": "2024", "type_breakdown": "{\"imbecis\": 1}", "monthly_breakdown": "{\"2024-10\": 1}"}}, {"type": "Feature", "geometry": {"type": "LineString", "coordinates": [[-8.626429, 41.166783499999994], [-8.6264167, 41.166873800000005], [-8.6264102, 41.1669453]]}, "properties": {"street_name": "Rua da Prelada", "municipio": "Porto", "count": 1, "top_infraction": "imbecis", "first_year": "2024", "last_year": "2024", "type_breakdown": "{\"imbecis\": 1}", "monthly_breakdown": "{\"2024-08\": 1}"}}, {"type": "Feature", "geometry": {"type": "LineString", "coordinates": [[-8.6325164, 41.16200909999999], [-8.6324316, 41.1620732], [-8.6314861, 41.1625237], [-8.6310379, 41.162740299999996], [-8.6309934, 41.1627597], [-8.630899, 41.162803499999995], [-8.6308701, 41.1628162], [-8.6297933, 41.1632878], [-8.6295804, 41.1633828], [-8.6295406, 41.1634006], [-8.629473700000002, 41.163426099999995]]}, "properties": {"street_name": "Rua Domingos Sequeira", "municipio": "Porto", "count": 2, "top_infraction": "imbecis", "first_year": "2024", "last_year": "2025", "type_breakdown": "{\"imbecis\": 2}", "monthly_breakdown": "{\"2024-04\": 1, \"2025-03\": 1}"}}, {"type": "Feature", "geometry": {"type": "LineString", "coordinates": [[-8.6248028, 41.16335190000001], [-8.6248113, 41.163459], [-8.6248114, 41.1634976], [-8.6248343, 41.163982100000005], [-8.6248464, 41.164252999999995], [-8.6248481, 41.1642899], [-8.624854000000001, 41.1644207]]}, "properties": {"street_name": "Rua de Oliveira Monteiro", "municipio": "Porto", "count": 1, "top_infraction": "imbecis", "first_year": "2025", "last_year": "2025", "type_breakdown": "{\"imbecis\": 1}", "monthly_breakdown": "{\"2025-03\": 1}"}}, {"type": "Feature", "geometry": {"type": "LineString", "coordinates": [[-8.6208599, 41.1627307], [-8.6207371, 41.1627214], [-8.6199987, 41.16266529999999]]}, "properties": {"street_name": "Rua de Egas Moniz", "municipio": "Porto", "count": 1, "top_infraction": "imbecis", "first_year": "2025", "last_year": "2025", "type_breakdown": "{\"imbecis\": 1}", "monthly_breakdown": "{\"2025-11\": 1}"}}, {"type": "Feature", "geometry": {"type": "LineString", "coordinates": [[-8.6208599, 41.1627307], [-8.6208759, 41.16263519999999], [-8.6208825, 41.16259629999999], [-8.6209476, 41.1622085]]}, "properties": {"street_name": "Rua de Serpa Pinto", "municipio": "Porto", "count": 1, "top_infraction": "imbecis", "first_year": "2025", "last_year": "2025", "type_breakdown": "{\"imbecis\": 1}", "monthly_breakdown": "{\"2025-08\": 1}"}}, {"type": "Feature", "geometry": {"type": "LineString", "coordinates": [[-8.6254713, 41.16845579999999], [-8.625435, 41.168286200000004], [-8.6253137, 41.16771450000001]]}, "properties": {"street_name": "Rua do Carvalhido", "municipio": "Porto", "count": 2, "top_infraction": "imbecis", "first_year": "2024", "last_year": "2024", "type_breakdown": "{\"imbecis\": 2}", "monthly_breakdown": "{\"2024-11\": 1, \"2024-07\": 1}"}}, {"type": "Feature", "geometry": {"type": "LineString", "coordinates": [[-8.6113581, 41.161719], [-8.6113746, 41.16161759999999], [-8.6113803, 41.16158219999999], [-8.6114513, 41.16127329999999], [-8.611570000000002, 41.160731699999985], [-8.6115801, 41.160685699999995]]}, "properties": {"street_name": "Rua de Antero de Quental", "municipio": "Porto", "count": 1, "top_infraction": "imbecis", "first_year": "2025", "last_year": "2025", "type_breakdown": "{\"imbecis\": 1}", "monthly_breakdown": "{\"2025-06\": 1}"}}, {"type": "Feature", "geometry": {"type": "LineString", "coordinates": [[-8.6096194, 41.161489700000004], [-8.6096406, 41.1614014], [-8.6096499, 41.161376099999984], [-8.6097391, 41.16117040000001]]}, "properties": {"street_name": "Rua de São Brás", "municipio": "Porto", "count": 1, "top_infraction": "imbecis", "first_year": "2025", "last_year": "2025", "type_breakdown": "{\"imbecis\": 1}", "monthly_breakdown": "{\"2025-11\": 1}"}}, {"type": "Feature", "geometry": {"type": "LineString", "coordinates": [[-8.6096194, 41.161489700000004], [-8.6090495, 41.1613551], [-8.6087774, 41.1612978], [-8.6087483, 41.16129080000001]]}, "properties": {"street_name": "Rua de João Pedro Ribeiro", "municipio": "Porto", "count": 1, "top_infraction": "imbecis", "first_year": "2025", "last_year": "2025", "type_breakdown": "{\"imbecis\": 1}", "monthly_breakdown": "{\"2025-11\": 1}"}}, {"type": "Feature", "geometry": {"type": "LineString", "coordinates": [[-8.600241500000001, 41.150502599999996], [-8.6002903, 41.1505087], [-8.6004687, 41.15053089999999], [-8.6006356, 41.1505522], [-8.6006689, 41.15055240000002], [-8.6007006, 41.1505454], [-8.6007285, 41.15052879999999], [-8.6012065, 41.1501337], [-8.6018015, 41.14950229999999], [-8.6019062, 41.148948099999984]]}, "properties": {"street_name": "Rua de Rodolfo de Araújo", "municipio": "Porto", "count": 41, "top_infraction": "imbecis", "first_year": "2024", "last_year": "2025", "type_breakdown": "{\"imbecis\": 41}", "monthly_breakdown": "{\"2024-08\": 13, \"2024-12\": 3, \"2025-07\": 1, \"2024-10\": 12, \"2025-02\": 6, \"2025-05\": 2, \"2025-03\": 4}"}}, {"type": "Feature", "geometry": {"type": "LineString", "coordinates": [[-8.6109795, 41.164976800000005], [-8.6109781, 41.1647338], [-8.610989200000002, 41.164545399999994]]}, "properties": {"street_name": "Rua de Antero de Quental", "municipio": "Porto", "count": 3, "top_infraction": "imbecis", "first_year": "2024", "last_year": "2024", "type_breakdown": "{\"imbecis\": 3}", "monthly_breakdown": "{\"2024-11\": 3}"}}, {"type": "Feature", "geometry": {"type": "LineString", "coordinates": [[-8.6271726, 41.1523893], [-8.6273368, 41.152400099999994], [-8.6274654, 41.152407399999994], [-8.6282056, 41.152448199999995]]}, "properties": {"street_name": "Rua do Campo Alegre", "municipio": "Porto", "count": 1, "top_infraction": "imbecis", "first_year": "2025", "last_year": "2025", "type_breakdown": "{\"imbecis\": 1}", "monthly_breakdown": "{\"2025-02\": 1}"}}, {"type": "Feature", "geometry": {"type": "LineString", "coordinates": [[-8.628743, 41.152478200000004], [-8.6289655, 41.15249059999999], [-8.629459, 41.15251949999998], [-8.6296472, 41.1525286], [-8.6301016, 41.15255399999999], [-8.6304161, 41.15257220000001], [-8.6304738, 41.152575399999996], [-8.6306176, 41.1525836]]}, "properties": {"street_name": "Rua do Campo Alegre", "municipio": "Porto", "count": 2, "top_infraction": "imbecis", "first_year": "2025", "last_year": "2025", "type_breakdown": "{\"imbecis\": 2}", "monthly_breakdown": "{\"2025-02\": 1, \"2025-04\": 1}"}}, {"type": "Feature", "geometry": {"type": "LineString", "coordinates": [[-8.6306176, 41.1525836], [-8.6306138, 41.15248359999999], [-8.6305572, 41.15169470000001], [-8.6305498, 41.1516317]]}, "properties": {"street_name": "Rua Professor Abel Salazar", "municipio": "Porto", "count": 1, "top_infraction": "imbecis", "first_year": "2025", "last_year": "2025", "type_breakdown": "{\"imbecis\": 1}", "monthly_breakdown": "{\"2025-01\": 1}"}}, {"type": "Feature", "geometry": {"type": "LineString", "coordinates": [[-8.617693, 41.1463677], [-8.617702, 41.1464045], [-8.6177315, 41.1465261], [-8.6177406, 41.1465646], [-8.6178561, 41.147055900000005], [-8.6178641, 41.14708530000001], [-8.6178874, 41.14718429999999]]}, "properties": {"street_name": "Rua Professor Vicente José de Carvalho", "municipio": "Porto", "count": 2, "top_infraction": "imbecis", "first_year": "2025", "last_year": "2025", "type_breakdown": "{\"imbecis\": 2}", "monthly_breakdown": "{\"2025-11\": 2}"}}, {"type": "Feature", "geometry": {"type": "LineString", "coordinates": [[-8.615299, 41.14278829999999], [-8.6153037, 41.142722], [-8.615307000000001, 41.1425021]]}, "properties": {"street_name": "Rua de Ferreira Borges", "municipio": "Porto", "count": 1, "top_infraction": "imbecis", "first_year": "2025", "last_year": "2025", "type_breakdown": "{\"imbecis\": 1}", "monthly_breakdown": "{\"2025-03\": 1}"}}, {"type": "Feature", "geometry": {"type": "LineString", "coordinates": [[-8.620786900000002, 41.156537099999994], [-8.6207794, 41.1566111], [-8.620763, 41.1568259], [-8.6207662, 41.15689689999999], [-8.6207859, 41.1569987], [-8.6208052, 41.1570465], [-8.6208402, 41.1570944], [-8.6208826, 41.1571388], [-8.6209318, 41.15717910000001], [-8.6209875, 41.15721499999999], [-8.6222488, 41.15791490000001], [-8.622281, 41.1579328], [-8.6224324, 41.1580043]]}, "properties": {"street_name": "Rua de Oliveira Monteiro", "municipio": "Porto", "count": 1, "top_infraction": "imbecis", "first_year": "2025", "last_year": "2025", "type_breakdown": "{\"imbecis\": 1}", "monthly_breakdown": "{\"2025-02\": 1}"}}, {"type": "Feature", "geometry": {"type": "LineString", "coordinates": [[-8.6181082, 41.1480666], [-8.6181363, 41.14807819999999], [-8.6181827, 41.1480721], [-8.6182963, 41.148057099999996], [-8.6183175, 41.148054299999984], [-8.6193517, 41.1479246]]}, "properties": {"street_name": "['Rua de Clemente Menéres', 'Rua Doutor Tiago de Almeida']", "municipio": "Porto", "count": 1, "top_infraction": "imbecis", "first_year": "2025", "last_year": "2025", "type_breakdown": "{\"imbecis\": 1}", "monthly_breakdown": "{\"2025-07\": 1}"}}, {"type": "Feature", "geometry": {"type": "LineString", "coordinates": [[-8.6032529, 41.14551219999999], [-8.6033567, 41.1454944], [-8.6034138, 41.14548580000001], [-8.6042764, 41.145332499999995]]}, "properties": {"street_name": "Avenida de Rodrigues de Freitas", "municipio": "Porto", "count": 1, "top_infraction": "imbecis", "first_year": "2024", "last_year": "2024", "type_breakdown": "{\"imbecis\": 1}", "monthly_breakdown": "{\"2024-04\": 1}"}}, {"type": "Feature", "geometry": {"type": "LineString", "coordinates": [[-8.6032529, 41.14551219999999], [-8.6030736, 41.14553420000001], [-8.602006500000002, 41.1456362], [-8.6019702, 41.145639700000004]]}, "properties": {"street_name": "Avenida de Rodrigues de Freitas", "municipio": "Porto", "count": 1, "top_infraction": "imbecis", "first_year": "2024", "last_year": "2024", "type_breakdown": "{\"imbecis\": 1}", "monthly_breakdown": "{\"2024-09\": 1}"}}, {"type": "Feature", "geometry": {"type": "LineString", "coordinates": [[-8.6052499, 41.14566279999999], [-8.6053892, 41.145597699999996], [-8.6053962, 41.145592799999996], [-8.605759, 41.145312], [-8.6059188, 41.1452029], [-8.6063523, 41.1450211], [-8.606713, 41.1448796], [-8.6068742, 41.144816899999995], [-8.6070133, 41.1447704]]}, "properties": {"street_name": "Rua de Entreparedes", "municipio": "Porto", "count": 1, "top_infraction": "imbecis", "first_year": "2024", "last_year": "2024", "type_breakdown": "{\"imbecis\": 1}", "monthly_breakdown": "{\"2024-06\": 1}"}}, {"type": "Feature", "geometry": {"type": "LineString", "coordinates": [[-8.6003685, 41.1458124], [-8.6003786, 41.145904599999994], [-8.6004802, 41.1468327], [-8.6005322, 41.14691299999999]]}, "properties": {"street_name": "Rua do Visconde de Bóbeda", "municipio": "Porto", "count": 3, "top_infraction": "imbecis", "first_year": "2024", "last_year": "2024", "type_breakdown": "{\"imbecis\": 3}", "monthly_breakdown": "{\"2024-04\": 2, \"2024-09\": 1}"}}, {"type": "Feature", "geometry": {"type": "LineString", "coordinates": [[-8.6243011, 41.159041200000004], [-8.6241356, 41.15894939999999], [-8.6235287, 41.1586126], [-8.6234261, 41.1585556]]}, "properties": {"street_name": "Rua de Oliveira Monteiro", "municipio": "Porto", "count": 2, "top_infraction": "imbecis", "first_year": "2024", "last_year": "2025", "type_breakdown": "{\"imbecis\": 2}", "monthly_breakdown": "{\"2024-09\": 1, \"2025-03\": 1}"}}, {"type": "Feature", "geometry": {"type": "LineString", "coordinates": [[-8.6091824, 41.1573423], [-8.6083976, 41.15898430000001]]}, "properties": {"street_name": "Rua de Faria Guimarães", "municipio": "Porto", "count": 3, "top_infraction": "imbecis", "first_year": "2024", "last_year": "2024", "type_breakdown": "{\"imbecis\": 3}", "monthly_breakdown": "{\"2024-07\": 3}"}}, {"type": "Feature", "geometry": {"type": "LineString", "coordinates": [[-8.6019875, 41.157164099999996], [-8.6017729, 41.157680000000006]]}, "properties": {"street_name": "Rua da Alegria", "municipio": "Porto", "count": 3, "top_infraction": "imbecis", "first_year": "2024", "last_year": "2024", "type_breakdown": "{\"imbecis\": 3}", "monthly_breakdown": "{\"2024-06\": 3}"}}, {"type": "Feature", "geometry": {"type": "LineString", "coordinates": [[-8.6140966, 41.14621209999999], [-8.6140859, 41.146229999999996], [-8.6140596, 41.14629979999999], [-8.6138291, 41.1475559], [-8.6137954, 41.147653399999996]]}, "properties": {"street_name": "Rua de Cândido dos Reis", "municipio": "Porto", "count": 1, "top_infraction": "imbecis", "first_year": "2024", "last_year": "2024", "type_breakdown": "{\"imbecis\": 1}", "monthly_breakdown": "{\"2024-09\": 1}"}}, {"type": "Feature", "geometry": {"type": "LineString", "coordinates": [[-8.6384923, 41.1708899], [-8.6384303, 41.17085449999999], [-8.6383541, 41.1708092], [-8.6382863, 41.17077609999999], [-8.6381926, 41.17073580000001], [-8.6381346, 41.170721], [-8.6380896, 41.1707143], [-8.638044500000001, 41.1707084], [-8.637965500000002, 41.1707025], [-8.6379195, 41.17070110000001], [-8.6378727, 41.1707033]]}, "properties": {"street_name": "Rua de Maria Lamas", "municipio": "Porto", "count": 1, "top_infraction": "imbecis", "first_year": "2024", "last_year": "2024", "type_breakdown": "{\"imbecis\": 1}", "monthly_breakdown": "{\"2024-06\": 1}"}}, {"type": "Feature", "geometry": {"type": "LineString", "coordinates": [[-8.6448855, 41.17590309999999], [-8.6446953, 41.1757277], [-8.644301700000002, 41.175364699999996]]}, "properties": {"street_name": "Rua Dom João Coutinho", "municipio": "Porto", "count": 1, "top_infraction": "imbecis", "first_year": "2024", "last_year": "2024", "type_breakdown": "{\"imbecis\": 1}", "monthly_breakdown": "{\"2024-06\": 1}"}}, {"type": "Feature", "geometry": {"type": "LineString", "coordinates": [[-8.6114064, 41.19316529999999], [-8.6113036, 41.1931757], [-8.6112458, 41.193183], [-8.6107897, 41.19324050000001]]}, "properties": {"street_name": "Avenida do Conde", "municipio": "Matosinhos", "count": 3, "top_infraction": "imbecis", "first_year": "2025", "last_year": "2025", "type_breakdown": "{\"imbecis\": 3}", "monthly_breakdown": "{\"2025-06\": 2, \"2025-05\": 1}"}}, {"type": "Feature", "geometry": {"type": "LineString", "coordinates": [[-8.6114064, 41.19316529999999], [-8.6115257, 41.1931459], [-8.6115826, 41.1931373], [-8.6131322, 41.1929116], [-8.613317, 41.1928757]]}, "properties": {"street_name": "Avenida do Conde", "municipio": "Matosinhos", "count": 1, "top_infraction": "imbecis", "first_year": "2025", "last_year": "2025", "type_breakdown": "{\"imbecis\": 1}", "monthly_breakdown": "{\"2025-10\": 1}"}}, {"type": "Feature", "geometry": {"type": "LineString", "coordinates": [[-8.6114064, 41.19316529999999], [-8.6114104, 41.1930734], [-8.6114128, 41.1930352], [-8.6114593, 41.19229959999999], [-8.6114782, 41.1919153], [-8.6114907, 41.191828699999995]]}, "properties": {"street_name": "Rua Godinho de Faria", "municipio": "Matosinhos", "count": 1, "top_infraction": "imbecis", "first_year": "2024", "last_year": "2024", "type_breakdown": "{\"imbecis\": 1}", "monthly_breakdown": "{\"2024-11\": 1}"}}, {"type": "Feature", "geometry": {"type": "LineString", "coordinates": [[-8.6114064, 41.19316529999999], [-8.6113998, 41.1932364], [-8.6113875, 41.1933159], [-8.6112989, 41.1938885], [-8.6111953, 41.19460039999999], [-8.6111887, 41.1946562]]}, "properties": {"street_name": "Rua Godinho de Faria", "municipio": "Matosinhos", "count": 14, "top_infraction": "imbecis", "first_year": "2024", "last_year": "2025", "type_breakdown": "{\"imbecis\": 14}", "monthly_breakdown": "{\"2024-11\": 12, \"2025-06\": 1, \"2024-12\": 1}"}}, {"type": "Feature", "geometry": {"type": "LineString", "coordinates": [[-8.6329932, 41.19007800000001], [-8.6328861, 41.190093299999994], [-8.6320495, 41.19021279999999], [-8.6316624, 41.19026819999999], [-8.6315904, 41.190282100000005], [-8.6315114, 41.190317500000006]]}, "properties": {"street_name": "Rua de Elaine Sanceau", "municipio": "Matosinhos", "count": 1, "top_infraction": "imbecis", "first_year": "2024", "last_year": "2024", "type_breakdown": "{\"imbecis\": 1}", "monthly_breakdown": "{\"2024-11\": 1}"}}, {"type": "Feature", "geometry": {"type": "LineString", "coordinates": [[-8.6047167, 41.195300599999996], [-8.6047197, 41.195512], [-8.6049657, 41.1960035], [-8.6051288, 41.19632949999999], [-8.6052531, 41.19658209999999]]}, "properties": {"street_name": "Rua das Laranjeiras", "municipio": "Matosinhos", "count": 1, "top_infraction": "imbecis", "first_year": "2024", "last_year": "2024", "type_breakdown": "{\"imbecis\": 1}", "monthly_breakdown": "{\"2024-11\": 1}"}}, {"type": "Feature", "geometry": {"type": "LineString", "coordinates": [[-8.6291268, 41.1811761], [-8.6292143, 41.181475899999995], [-8.6292315, 41.18154150000001], [-8.6292332, 41.1815674], [-8.6292283, 41.181593299999996], [-8.6292181, 41.1816188], [-8.6292014, 41.181641899999995], [-8.6291805, 41.181667], [-8.6291562, 41.1816872], [-8.6291208, 41.18170739999999], [-8.6290756, 41.18172040000001], [-8.6290532, 41.1817228]]}, "properties": {"street_name": "Rua Diu", "municipio": "Matosinhos", "count": 1, "top_infraction": "imbecis", "first_year": "2025", "last_year": "2025", "type_breakdown": "{\"imbecis\": 1}", "monthly_breakdown": "{\"2025-05\": 1}"}}, {"type": "Feature", "geometry": {"type": "LineString", "coordinates": [[-8.630184, 41.180704399999996], [-8.6302849, 41.1806651], [-8.6319761, 41.180020899999995], [-8.6320809, 41.1800165], [-8.6321833, 41.18002789999999], [-8.63228, 41.180066399999994], [-8.6323527, 41.1801211], [-8.632397900000003, 41.1801894], [-8.632664, 41.1811279], [-8.6327166, 41.1812627], [-8.6327792, 41.1813687], [-8.6328485, 41.1815137], [-8.6330333, 41.181853600000004], [-8.6330829, 41.18193409999999]]}, "properties": {"street_name": "Rua António Ramalho", "municipio": "Matosinhos", "count": 2, "top_infraction": "imbecis", "first_year": "2024", "last_year": "2024", "type_breakdown": "{\"imbecis\": 2}", "monthly_breakdown": "{\"2024-04\": 2}"}}, {"type": "Feature", "geometry": {"type": "LineString", "coordinates": [[-8.6271703, 41.1779956], [-8.6268915, 41.1774422]]}, "properties": {"street_name": "Rua Alberto Sampaio", "municipio": "Porto", "count": 1, "top_infraction": "imbecis", "first_year": "2024", "last_year": "2024", "type_breakdown": "{\"imbecis\": 1}", "monthly_breakdown": "{\"2024-09\": 1}"}}, {"type": "Feature", "geometry": {"type": "LineString", "coordinates": [[-8.601612, 41.16379289999999], [-8.6014634, 41.1639076], [-8.6009255, 41.1643229]]}, "properties": {"street_name": "Rua de Costa Cabral", "municipio": "Porto", "count": 4, "top_infraction": "imbecis", "first_year": "2024", "last_year": "2025", "type_breakdown": "{\"imbecis\": 4}", "monthly_breakdown": "{\"2025-11\": 2, \"2025-10\": 1, \"2024-06\": 1}"}}, {"type": "Feature", "geometry": {"type": "LineString", "coordinates": [[-8.6040909, 41.16183769999999], [-8.6043183, 41.161859500000006]]}, "properties": {"street_name": "Praça do Marquês de Pombal", "municipio": "Porto", "count": 2, "top_infraction": "imbecis", "first_year": "2025", "last_year": "2025", "type_breakdown": "{\"imbecis\": 2}", "monthly_breakdown": "{\"2025-11\": 1, \"2025-10\": 1}"}}, {"type": "Feature", "geometry": {"type": "LineString", "coordinates": [[-8.6040909, 41.16183769999999], [-8.6040573, 41.161920300000006], [-8.603881, 41.162055499999994], [-8.6028557, 41.16284219999999], [-8.6028092, 41.16287769999999], [-8.6027656, 41.162911]]}, "properties": {"street_name": "Rua de Costa Cabral", "municipio": "Porto", "count": 2, "top_infraction": "imbecis", "first_year": "2025", "last_year": "2025", "type_breakdown": "{\"imbecis\": 2}", "monthly_breakdown": "{\"2025-11\": 2}"}}, {"type": "Feature", "geometry": {"type": "LineString", "coordinates": [[-8.688945, 41.1828646], [-8.6890005, 41.182898099999996], [-8.6891284, 41.1829577]]}, "properties": {"street_name": "Rua França Júnior", "municipio": "Matosinhos", "count": 1, "top_infraction": "imbecis", "first_year": "2025", "last_year": "2025", "type_breakdown": "{\"imbecis\": 1}", "monthly_breakdown": "{\"2025-07\": 1}"}}, {"type": "Feature", "geometry": {"type": "LineString", "coordinates": [[-8.6875713, 41.1825482], [-8.6872227, 41.18224140000001], [-8.6870816, 41.1821255], [-8.6870218, 41.18206920000001], [-8.6869476, 41.1819797]]}, "properties": {"street_name": "Rua de Álvaro de Castelões", "municipio": "Matosinhos", "count": 1, "top_infraction": "imbecis", "first_year": "2025", "last_year": "2025", "type_breakdown": "{\"imbecis\": 1}", "monthly_breakdown": "{\"2025-11\": 1}"}}, {"type": "Feature", "geometry": {"type": "LineString", "coordinates": [[-8.6905, 41.18502969999999], [-8.6904691, 41.185003800000004], [-8.6903104, 41.184870499999995]]}, "properties": {"street_name": "Rua de Álvaro de Castelões", "municipio": "Matosinhos", "count": 1, "top_infraction": "imbecis", "first_year": "2025", "last_year": "2025", "type_breakdown": "{\"imbecis\": 1}", "monthly_breakdown": "{\"2025-10\": 1}"}}, {"type": "Feature", "geometry": {"type": "LineString", "coordinates": [[-8.6770633, 41.1774551], [-8.6771725, 41.1774496], [-8.6771974, 41.1774473], [-8.6772278, 41.17744449999999], [-8.6775454, 41.177424500000015], [-8.6782866, 41.177371799999996]]}, "properties": {"street_name": "Rua Sousa Aroso", "municipio": "Matosinhos", "count": 1, "top_infraction": "imbecis", "first_year": "2024", "last_year": "2024", "type_breakdown": "{\"imbecis\": 1}", "monthly_breakdown": "{\"2024-12\": 1}"}}, {"type": "Feature", "geometry": {"type": "LineString", "coordinates": [[-8.6852307, 41.176884199999996], [-8.6853581, 41.176875], [-8.6860365, 41.17682599999999]]}, "properties": {"street_name": "Rua Sousa Aroso", "municipio": "Matosinhos", "count": 3, "top_infraction": "imbecis", "first_year": "2024", "last_year": "2024", "type_breakdown": "{\"imbecis\": 3}", "monthly_breakdown": "{\"2024-07\": 2, \"2024-06\": 1}"}}, {"type": "Feature", "geometry": {"type": "LineString", "coordinates": [[-8.6842692, 41.17695359999998], [-8.6841763, 41.176960300000005], [-8.6839075, 41.176979700000004]]}, "properties": {"street_name": "Rua Sousa Aroso", "municipio": "Matosinhos", "count": 5, "top_infraction": "imbecis", "first_year": "2024", "last_year": "2025", "type_breakdown": "{\"imbecis\": 5}", "monthly_breakdown": "{\"2024-07\": 4, \"2025-03\": 1}"}}, {"type": "Feature", "geometry": {"type": "LineString", "coordinates": [[-8.6881458, 41.176673799999996], [-8.6882868, 41.1766636], [-8.6885702, 41.176643199999994]]}, "properties": {"street_name": "Rua Sousa Aroso", "municipio": "Matosinhos", "count": 2, "top_infraction": "imbecis", "first_year": "2024", "last_year": "2024", "type_breakdown": "{\"imbecis\": 2}", "monthly_breakdown": "{\"2024-07\": 2}"}}, {"type": "Feature", "geometry": {"type": "LineString", "coordinates": [[-8.6882741, 41.183151099999996], [-8.6882195, 41.18310439999998], [-8.6875713, 41.1825482]]}, "properties": {"street_name": "Rua de Álvaro de Castelões", "municipio": "Matosinhos", "count": 2, "top_infraction": "imbecis", "first_year": "2025", "last_year": "2025", "type_breakdown": "{\"imbecis\": 2}", "monthly_breakdown": "{\"2025-11\": 2}"}}, {"type": "Feature", "geometry": {"type": "LineString", "coordinates": [[-8.6994849, 41.19062699999999], [-8.6994846, 41.190594999999995], [-8.6994813, 41.19052309999999], [-8.6994731, 41.1902841], [-8.6994631, 41.190112799999994]]}, "properties": {"street_name": "Rua do Doutor José Domingos Oliveira", "municipio": "Matosinhos", "count": 8, "top_infraction": "imbecis", "first_year": "2025", "last_year": "2026", "type_breakdown": "{\"imbecis\": 8}", "monthly_breakdown": "{\"2025-10\": 3, \"2025-11\": 3, \"2026-03\": 2}"}}, {"type": "Feature", "geometry": {"type": "LineString", "coordinates": [[-8.6994849, 41.19062699999999], [-8.6993604, 41.190629099999995], [-8.6990723, 41.19063380000001], [-8.6980216, 41.19066380000001], [-8.697945, 41.1906643]]}, "properties": {"street_name": "Rua de Hintze Ribeiro", "municipio": "Matosinhos", "count": 6, "top_infraction": "imbecis", "first_year": "2025", "last_year": "2025", "type_breakdown": "{\"imbecis\": 6}", "monthly_breakdown": "{\"2025-10\": 2, \"2025-11\": 4}"}}, {"type": "Feature", "geometry": {"type": "LineString", "coordinates": [[-8.697945, 41.1906643], [-8.6978847, 41.1906649], [-8.6974745, 41.19068229999999], [-8.6972129, 41.19071919999999], [-8.697044, 41.19075229999999]]}, "properties": {"street_name": "Rua de Hintze Ribeiro", "municipio": "Matosinhos", "count": 2, "top_infraction": "imbecis", "first_year": "2025", "last_year": "2025", "type_breakdown": "{\"imbecis\": 2}", "monthly_breakdown": "{\"2025-11\": 2}"}}, {"type": "Feature", "geometry": {"type": "LineString", "coordinates": [[-8.6744482, 41.15413819999999], [-8.6745597, 41.1540736], [-8.6749051, 41.15387389999999]]}, "properties": {"street_name": "Rua de Diu", "municipio": "Porto", "count": 1, "top_infraction": "imbecis", "first_year": "2024", "last_year": "2024", "type_breakdown": "{\"imbecis\": 1}", "monthly_breakdown": "{\"2024-11\": 1}"}}, {"type": "Feature", "geometry": {"type": "LineString", "coordinates": [[-8.6837107, 41.159338899999995], [-8.6835947, 41.1593803], [-8.6829234, 41.15963270000001], [-8.6828234, 41.1596654]]}, "properties": {"street_name": "Rua do Molhe", "municipio": "Porto", "count": 1, "top_infraction": "imbecis", "first_year": "2025", "last_year": "2025", "type_breakdown": "{\"imbecis\": 1}", "monthly_breakdown": "{\"2025-05\": 1}"}}, {"type": "Feature", "geometry": {"type": "LineString", "coordinates": [[-8.6411909, 41.1579384], [-8.6412607, 41.1577116], [-8.6413731, 41.15734619999999], [-8.6413903, 41.15729049999999]]}, "properties": {"street_name": "Rua de António Cardoso", "municipio": "Porto", "count": 1, "top_infraction": "imbecis", "first_year": "2024", "last_year": "2024", "type_breakdown": "{\"imbecis\": 1}", "monthly_breakdown": "{\"2024-11\": 1}"}}, {"type": "Feature", "geometry": {"type": "LineString", "coordinates": [[-8.6781186, 41.1555793], [-8.6780455, 41.15549119999999], [-8.6775337, 41.1548692]]}, "properties": {"street_name": "Rua do Marechal Saldanha", "municipio": "Porto", "count": 1, "top_infraction": "imbecis", "first_year": "2024", "last_year": "2024", "type_breakdown": "{\"imbecis\": 1}", "monthly_breakdown": "{\"2024-08\": 1}"}}, {"type": "Feature", "geometry": {"type": "LineString", "coordinates": [[-8.6268237, 41.1545861], [-8.6268664, 41.1547148], [-8.6268774, 41.154753499999984], [-8.6269022, 41.154841], [-8.6269521, 41.15497680000001]]}, "properties": {"street_name": "Rua de Júlio Dinis", "municipio": "Porto", "count": 3, "top_infraction": "imbecis", "first_year": "2024", "last_year": "2025", "type_breakdown": "{\"imbecis\": 3}", "monthly_breakdown": "{\"2025-02\": 2, \"2024-12\": 1}"}}, {"type": "Feature", "geometry": {"type": "LineString", "coordinates": [[-8.626827, 41.1544518], [-8.6268104, 41.15438799999999], [-8.6267993, 41.1543453], [-8.626776800000002, 41.15427710000001]]}, "properties": {"street_name": "Rua de Júlio Dinis", "municipio": "Porto", "count": 1, "top_infraction": "imbecis", "first_year": "2025", "last_year": "2025", "type_breakdown": "{\"imbecis\": 1}", "monthly_breakdown": "{\"2025-12\": 1}"}}, {"type": "Feature", "geometry": {"type": "LineString", "coordinates": [[-8.6254273, 41.15373459999999], [-8.6256849, 41.154666600000006]]}, "properties": {"street_name": "Rua da Paz", "municipio": "Porto", "count": 2, "top_infraction": "imbecis", "first_year": "2024", "last_year": "2024", "type_breakdown": "{\"imbecis\": 2}", "monthly_breakdown": "{\"2024-10\": 1, \"2024-09\": 1}"}}, {"type": "Feature", "geometry": {"type": "LineString", "coordinates": [[-8.6254273, 41.15373459999999], [-8.6256639, 41.1538709], [-8.6265399, 41.1543758]]}, "properties": {"street_name": "Rua do Padre Cruz", "municipio": "Porto", "count": 1, "top_infraction": "imbecis", "first_year": "2025", "last_year": "2025", "type_breakdown": "{\"imbecis\": 1}", "monthly_breakdown": "{\"2025-05\": 1}"}}, {"type": "Feature", "geometry": {"type": "LineString", "coordinates": [[-8.6367948, 41.1691875], [-8.6369156, 41.1692647], [-8.637044800000002, 41.16937669999999], [-8.6374452, 41.1698]]}, "properties": {"street_name": "Rua Central de Francos", "municipio": "Porto", "count": 1, "top_infraction": "imbecis", "first_year": "2024", "last_year": "2024", "type_breakdown": "{\"imbecis\": 1}", "monthly_breakdown": "{\"2024-06\": 1}"}}, {"type": "Feature", "geometry": {"type": "LineString", "coordinates": [[-8.6305327, 41.1684028], [-8.6306316, 41.16857069999999], [-8.6309935, 41.16934769999999], [-8.6311131, 41.1695853], [-8.6311356, 41.1696343], [-8.6311802, 41.16973140000001], [-8.6311909, 41.1697756], [-8.6311956, 41.16982910000001], [-8.6311904, 41.1698839], [-8.6311673, 41.16994979999999], [-8.6311266, 41.169984400000004]]}, "properties": {"street_name": "Travessa da Prelada", "municipio": "Porto", "count": 1, "top_infraction": "imbecis", "first_year": "2025", "last_year": "2025", "type_breakdown": "{\"imbecis\": 1}", "monthly_breakdown": "{\"2025-04\": 1}"}}, {"type": "Feature", "geometry": {"type": "LineString", "coordinates": [[-8.6034978, 41.1699617], [-8.6034882, 41.1693857]]}, "properties": {"street_name": "Rua de Álvaro de Castelões", "municipio": "Porto", "count": 1, "top_infraction": "imbecis", "first_year": "2025", "last_year": "2025", "type_breakdown": "{\"imbecis\": 1}", "monthly_breakdown": "{\"2025-09\": 1}"}}, {"type": "Feature", "geometry": {"type": "LineString", "coordinates": [[-8.6034978, 41.1699617], [-8.604442900000002, 41.169974499999995], [-8.6045032, 41.16996939999999], [-8.6045634, 41.16995639999999], [-8.6051518, 41.169798799999995]]}, "properties": {"street_name": "Rua de São Veríssimo", "municipio": "Porto", "count": 2, "top_infraction": "imbecis", "first_year": "2024", "last_year": "2025", "type_breakdown": "{\"imbecis\": 2}", "monthly_breakdown": "{\"2025-03\": 1, \"2024-09\": 1}"}}, {"type": "Feature", "geometry": {"type": "LineString", "coordinates": [[-8.6034978, 41.1699617], [-8.6034918, 41.17001700000001], [-8.603501300000001, 41.1700937], [-8.603582, 41.1703656], [-8.603654, 41.1705613], [-8.6037211, 41.170717700000004], [-8.6038429, 41.170893], [-8.603989200000001, 41.1710943]]}, "properties": {"street_name": "Rua de Álvaro de Castelões", "municipio": "Porto", "count": 26, "top_infraction": "imbecis", "first_year": "2024", "last_year": "2025", "type_breakdown": "{\"imbecis\": 26}", "monthly_breakdown": "{\"2025-05\": 8, \"2025-03\": 14, \"2024-09\": 2, \"2025-04\": 2}"}}, {"type": "Feature", "geometry": {"type": "LineString", "coordinates": [[-8.6034606, 41.16663290000001], [-8.6033884, 41.1665164], [-8.6033189, 41.166401199999996], [-8.6027332, 41.165477200000005]]}, "properties": {"street_name": "Rua de Álvaro de Castelões", "municipio": "Porto", "count": 9, "top_infraction": "imbecis", "first_year": "2025", "last_year": "2025", "type_breakdown": "{\"imbecis\": 9}", "monthly_breakdown": "{\"2025-09\": 9}"}}, {"type": "Feature", "geometry": {"type": "LineString", "coordinates": [[-8.603489700000003, 41.16858459999999], [-8.6012913, 41.168389399999995]]}, "properties": {"street_name": "Rua de Aval de Cima", "municipio": "Porto", "count": 2, "top_infraction": "imbecis", "first_year": "2025", "last_year": "2025", "type_breakdown": "{\"imbecis\": 2}", "monthly_breakdown": "{\"2025-09\": 2}"}}, {"type": "Feature", "geometry": {"type": "LineString", "coordinates": [[-8.603489700000003, 41.16858459999999], [-8.6034882, 41.1693857]]}, "properties": {"street_name": "Rua de Álvaro de Castelões", "municipio": "Porto", "count": 7, "top_infraction": "imbecis", "first_year": "2024", "last_year": "2025", "type_breakdown": "{\"imbecis\": 7}", "monthly_breakdown": "{\"2025-09\": 2, \"2025-03\": 4, \"2024-09\": 1}"}}, {"type": "Feature", "geometry": {"type": "LineString", "coordinates": [[-8.603489700000003, 41.16858459999999], [-8.6034745, 41.1677979]]}, "properties": {"street_name": "Rua de Álvaro de Castelões", "municipio": "Porto", "count": 4, "top_infraction": "imbecis", "first_year": "2025", "last_year": "2025", "type_breakdown": "{\"imbecis\": 4}", "monthly_breakdown": "{\"2025-09\": 4}"}}, {"type": "Feature", "geometry": {"type": "LineString", "coordinates": [[-8.6063584, 41.16540779999999], [-8.6064353, 41.1662568]]}, "properties": {"street_name": "Rua de Faria Guimarães", "municipio": "Porto", "count": 1, "top_infraction": "imbecis", "first_year": "2024", "last_year": "2024", "type_breakdown": "{\"imbecis\": 1}", "monthly_breakdown": "{\"2024-09\": 1}"}}, {"type": "Feature", "geometry": {"type": "LineString", "coordinates": [[-8.6053973, 41.16541999999999], [-8.6035558, 41.165444199999996]]}, "properties": {"street_name": "Rua do Bolama", "municipio": "Porto", "count": 5, "top_infraction": "imbecis", "first_year": "2025", "last_year": "2025", "type_breakdown": "{\"imbecis\": 5}", "monthly_breakdown": "{\"2025-05\": 2, \"2025-11\": 3}"}}, {"type": "Feature", "geometry": {"type": "LineString", "coordinates": [[-8.6053227, 41.163968], [-8.6043444, 41.164088], [-8.6039284, 41.16414259999999], [-8.603533700000002, 41.1642051], [-8.6033107, 41.1642493]]}, "properties": {"street_name": "Rua António José da Silva", "municipio": "Porto", "count": 1, "top_infraction": "imbecis", "first_year": "2025", "last_year": "2025", "type_breakdown": "{\"imbecis\": 1}", "monthly_breakdown": "{\"2025-10\": 1}"}}, {"type": "Feature", "geometry": {"type": "LineString", "coordinates": [[-8.6021711, 41.16461229999999], [-8.6019176, 41.16424539999999], [-8.6018773, 41.1641912]]}, "properties": {"street_name": "Rua de Álvaro de Castelões", "municipio": "Porto", "count": 1, "top_infraction": "imbecis", "first_year": "2025", "last_year": "2025", "type_breakdown": "{\"imbecis\": 1}", "monthly_breakdown": "{\"2025-02\": 1}"}}, {"type": "Feature", "geometry": {"type": "LineString", "coordinates": [[-8.6034745, 41.1677979], [-8.6034718, 41.16672239999999], [-8.6034606, 41.16663290000001]]}, "properties": {"street_name": "Rua de Álvaro de Castelões", "municipio": "Porto", "count": 4, "top_infraction": "imbecis", "first_year": "2025", "last_year": "2025", "type_breakdown": "{\"imbecis\": 4}", "monthly_breakdown": "{\"2025-09\": 4}"}}, {"type": "Feature", "geometry": {"type": "LineString", "coordinates": [[-8.6007709, 41.16597459999999], [-8.6016946, 41.166719699999994]]}, "properties": {"street_name": "Rua do Cunha", "municipio": "Porto", "count": 2, "top_infraction": "imbecis", "first_year": "2025", "last_year": "2025", "type_breakdown": "{\"imbecis\": 2}", "monthly_breakdown": "{\"2025-11\": 1, \"2025-10\": 1}"}}, {"type": "Feature", "geometry": {"type": "LineString", "coordinates": [[-8.6018773, 41.1641912], [-8.6018123, 41.16424119999999], [-8.6003079, 41.1653869], [-8.600245, 41.16543480000001]]}, "properties": {"street_name": "Rua do Lindo Vale", "municipio": "Porto", "count": 2, "top_infraction": "imbecis", "first_year": "2025", "last_year": "2025", "type_breakdown": "{\"imbecis\": 2}", "monthly_breakdown": "{\"2025-10\": 1, \"2025-11\": 1}"}}, {"type": "Feature", "geometry": {"type": "LineString", "coordinates": [[-8.600245, 41.16543480000001], [-8.6007181, 41.1659204], [-8.6007709, 41.16597459999999]]}, "properties": {"street_name": "Rua do Cunha", "municipio": "Porto", "count": 3, "top_infraction": "imbecis", "first_year": "2025", "last_year": "2025", "type_breakdown": "{\"imbecis\": 3}", "monthly_breakdown": "{\"2025-10\": 2, \"2025-11\": 1}"}}, {"type": "Feature", "geometry": {"type": "LineString", "coordinates": [[-8.6157302, 41.1677148], [-8.6158554, 41.16781430000001], [-8.6170212, 41.1687404], [-8.617606, 41.16998950000001]]}, "properties": {"street_name": "Rua de Silva Porto", "municipio": "Porto", "count": 2, "top_infraction": "imbecis", "first_year": "2025", "last_year": "2025", "type_breakdown": "{\"imbecis\": 2}", "monthly_breakdown": "{\"2025-01\": 2}"}}, {"type": "Feature", "geometry": {"type": "LineString", "coordinates": [[-8.625176, 41.167059], [-8.6252017, 41.167171599999996], [-8.6253137, 41.16771450000001]]}, "properties": {"street_name": "Rua do Carvalhido", "municipio": "Porto", "count": 2, "top_infraction": "imbecis", "first_year": "2024", "last_year": "2024", "type_breakdown": "{\"imbecis\": 2}", "monthly_breakdown": "{\"2024-12\": 2}"}}, {"type": "Feature", "geometry": {"type": "LineString", "coordinates": [[-8.6194552, 41.17123350000001], [-8.6193947, 41.171190900000006], [-8.6185184, 41.170669]]}, "properties": {"street_name": "Rua de Silva Porto", "municipio": "Porto", "count": 1, "top_infraction": "imbecis", "first_year": "2024", "last_year": "2024", "type_breakdown": "{\"imbecis\": 1}", "monthly_breakdown": "{\"2024-09\": 1}"}}, {"type": "Feature", "geometry": {"type": "LineString", "coordinates": [[-8.6327818, 41.16411339999999], [-8.6330597, 41.16400740000001], [-8.6336666, 41.163729599999996]]}, "properties": {"street_name": "Rua de Pedro Hispano", "municipio": "Porto", "count": 1, "top_infraction": "imbecis", "first_year": "2025", "last_year": "2025", "type_breakdown": "{\"imbecis\": 1}", "monthly_breakdown": "{\"2025-09\": 1}"}}, {"type": "Feature", "geometry": {"type": "LineString", "coordinates": [[-8.6377548, 41.1617864], [-8.637807, 41.1617646], [-8.6378617, 41.16174139999999], [-8.638474, 41.161485799999994], [-8.6386757, 41.16140149999999]]}, "properties": {"street_name": "Rua de Pedro Hispano", "municipio": "Porto", "count": 1, "top_infraction": "imbecis", "first_year": "2024", "last_year": "2024", "type_breakdown": "{\"imbecis\": 1}", "monthly_breakdown": "{\"2024-12\": 1}"}}, {"type": "Feature", "geometry": {"type": "LineString", "coordinates": [[-8.6377548, 41.1617864], [-8.637678, 41.161719700000006], [-8.6374217, 41.1614725]]}, "properties": {"street_name": "Rua João de Deus", "municipio": "Porto", "count": 1, "top_infraction": "imbecis", "first_year": "2024", "last_year": "2024", "type_breakdown": "{\"imbecis\": 1}", "monthly_breakdown": "{\"2024-04\": 1}"}}, {"type": "Feature", "geometry": {"type": "LineString", "coordinates": [[-8.6390247, 41.1627453], [-8.6386865, 41.1629423]]}, "properties": {"street_name": "Rua do Tenente Valadim", "municipio": "Porto", "count": 1, "top_infraction": "imbecis", "first_year": "2024", "last_year": "2024", "type_breakdown": "{\"imbecis\": 1}", "monthly_breakdown": "{\"2024-04\": 1}"}}, {"type": "Feature", "geometry": {"type": "LineString", "coordinates": [[-8.6339387, 41.162373], [-8.6340186, 41.1623372], [-8.6343853, 41.16217069999999], [-8.6344333, 41.16214889999999]]}, "properties": {"street_name": "Rua de Moreira de Sá", "municipio": "Porto", "count": 1, "top_infraction": "imbecis", "first_year": "2025", "last_year": "2025", "type_breakdown": "{\"imbecis\": 1}", "monthly_breakdown": "{\"2025-04\": 1}"}}, {"type": "Feature", "geometry": {"type": "LineString", "coordinates": [[-8.6344333, 41.16214889999999], [-8.6350536, 41.16293829999999]]}, "properties": {"street_name": "Rua Pereira de Novais", "municipio": "Porto", "count": 1, "top_infraction": "imbecis", "first_year": "2025", "last_year": "2025", "type_breakdown": "{\"imbecis\": 1}", "monthly_breakdown": "{\"2025-05\": 1}"}}, {"type": "Feature", "geometry": {"type": "LineString", "coordinates": [[-8.6344333, 41.16214889999999], [-8.635313, 41.16175839999999]]}, "properties": {"street_name": "Rua de Moreira de Sá", "municipio": "Porto", "count": 1, "top_infraction": "imbecis", "first_year": "2025", "last_year": "2025", "type_breakdown": "{\"imbecis\": 1}", "monthly_breakdown": "{\"2025-03\": 1}"}}, {"type": "Feature", "geometry": {"type": "LineString", "coordinates": [[-8.6171403, 41.1506825], [-8.6171334, 41.150663], [-8.616886, 41.1501886], [-8.6165772, 41.149558799999994]]}, "properties": {"street_name": "Rua de Cedofeita", "municipio": "Porto", "count": 9, "top_infraction": "imbecis", "first_year": "2025", "last_year": "2025", "type_breakdown": "{\"imbecis\": 9}", "monthly_breakdown": "{\"2025-05\": 4, \"2025-01\": 3, \"2025-02\": 2}"}}, {"type": "Feature", "geometry": {"type": "LineString", "coordinates": [[-8.6165772, 41.149558799999994], [-8.6164629, 41.1493278], [-8.616443800000003, 41.14928930000001]]}, "properties": {"street_name": "Rua de Cedofeita", "municipio": "Porto", "count": 1, "top_infraction": "imbecis", "first_year": "2025", "last_year": "2025", "type_breakdown": "{\"imbecis\": 1}", "monthly_breakdown": "{\"2025-05\": 1}"}}, {"type": "Feature", "geometry": {"type": "LineString", "coordinates": [[-8.6165772, 41.149558799999994], [-8.6165378, 41.14956759999999], [-8.6151148, 41.149886599999995], [-8.6148775, 41.1499236], [-8.6148571, 41.14992389999999], [-8.6148482, 41.149924], [-8.6148066, 41.149924299999995]]}, "properties": {"street_name": "Travessa de Cedofeita", "municipio": "Porto", "count": 13, "top_infraction": "imbecis", "first_year": "2024", "last_year": "2024", "type_breakdown": "{\"imbecis\": 13}", "monthly_breakdown": "{\"2024-07\": 13}"}}, {"type": "Feature", "geometry": {"type": "LineString", "coordinates": [[-8.616443800000003, 41.14928930000001], [-8.6163094, 41.148975899999996], [-8.6162604, 41.14886169999999]]}, "properties": {"street_name": "Rua de Cedofeita", "municipio": "Porto", "count": 2, "top_infraction": "imbecis", "first_year": "2025", "last_year": "2025", "type_breakdown": "{\"imbecis\": 2}", "monthly_breakdown": "{\"2025-01\": 2}"}}, {"type": "Feature", "geometry": {"type": "LineString", "coordinates": [[-8.6175418, 41.149172], [-8.6177711, 41.15006619999999], [-8.6185605, 41.1499549]]}, "properties": {"street_name": "['Rua de Miguel Bombarda', 'Rua Diogo Brandão']", "municipio": "Porto", "count": 3, "top_infraction": "imbecis", "first_year": "2024", "last_year": "2025", "type_breakdown": "{\"imbecis\": 3}", "monthly_breakdown": "{\"2025-10\": 1, \"2024-07\": 2}"}}, {"type": "Feature", "geometry": {"type": "LineString", "coordinates": [[-8.624854000000001, 41.1644207], [-8.6248576, 41.1645457], [-8.6248587, 41.16458279999999], [-8.6248864, 41.1655516], [-8.6248936, 41.16566439999999]]}, "properties": {"street_name": "Rua de Oliveira Monteiro", "municipio": "Porto", "count": 1, "top_infraction": "imbecis", "first_year": "2025", "last_year": "2025", "type_breakdown": "{\"imbecis\": 1}", "monthly_breakdown": "{\"2025-02\": 1}"}}, {"type": "Feature", "geometry": {"type": "LineString", "coordinates": [[-8.6232099, 41.16421309999999], [-8.6238505, 41.16429879999998], [-8.6241355, 41.1643337], [-8.6245689, 41.1643869], [-8.6246813, 41.16440080000001], [-8.624854000000001, 41.1644207]]}, "properties": {"street_name": "Rua da Constituição", "municipio": "Porto", "count": 9, "top_infraction": "imbecis", "first_year": "2025", "last_year": "2025", "type_breakdown": "{\"imbecis\": 9}", "monthly_breakdown": "{\"2025-11\": 7, \"2025-10\": 2}"}}, {"type": "Feature", "geometry": {"type": "LineString", "coordinates": [[-8.6147925, 41.15012020000001], [-8.6147599, 41.15044760000001], [-8.6147195, 41.15085419999999], [-8.6147127, 41.15092589999999]]}, "properties": {"street_name": "Rua do General Silveira", "municipio": "Porto", "count": 1, "top_infraction": "imbecis", "first_year": "2024", "last_year": "2024", "type_breakdown": "{\"imbecis\": 1}", "monthly_breakdown": "{\"2024-10\": 1}"}}, {"type": "Feature", "geometry": {"type": "LineString", "coordinates": [[-8.6147925, 41.15012020000001], [-8.614754, 41.1501282], [-8.6147261, 41.1501348], [-8.6147242, 41.1501352], [-8.6146758, 41.1502022], [-8.6145501, 41.15037589999999], [-8.6144897, 41.1504594], [-8.6142915, 41.1507303]]}, "properties": {"street_name": "Rua dos Mártires da Liberdade", "municipio": "Porto", "count": 1, "top_infraction": "imbecis", "first_year": "2024", "last_year": "2024", "type_breakdown": "{\"imbecis\": 1}", "monthly_breakdown": "{\"2024-11\": 1}"}}, {"type": "Feature", "geometry": {"type": "LineString", "coordinates": [[-8.6151747, 41.148012399999985], [-8.6151683, 41.1480407], [-8.6151472, 41.14813399999999], [-8.615122000000001, 41.14822079999999], [-8.6150806, 41.1483111], [-8.615053, 41.14837119999999], [-8.6149924, 41.148487499999995], [-8.6149808, 41.1485193], [-8.614951, 41.1489068], [-8.6149597, 41.14907779999999], [-8.6149639, 41.1491595]]}, "properties": {"street_name": "Rua Sá de Noronha", "municipio": "Porto", "count": 7, "top_infraction": "imbecis", "first_year": "2025", "last_year": "2025", "type_breakdown": "{\"imbecis\": 7}", "monthly_breakdown": "{\"2025-01\": 3, \"2025-03\": 4}"}}, {"type": "Feature", "geometry": {"type": "LineString", "coordinates": [[-8.6151747, 41.148012399999985], [-8.6152046, 41.148019299999994], [-8.6156766, 41.14812890000001], [-8.6157271, 41.14816079999999], [-8.615793, 41.14824240000001]]}, "properties": {"street_name": "Rua Actor João Guedes", "municipio": "Porto", "count": 3, "top_infraction": "imbecis", "first_year": "2025", "last_year": "2025", "type_breakdown": "{\"imbecis\": 3}", "monthly_breakdown": "{\"2025-03\": 3}"}}, {"type": "Feature", "geometry": {"type": "LineString", "coordinates": [[-8.600192, 41.15968279999999], [-8.6003345, 41.1597141], [-8.600766, 41.1599129], [-8.6008722, 41.15994380000001]]}, "properties": {"street_name": "Rua Aurélia de Sousa", "municipio": "Porto", "count": 1, "top_infraction": "imbecis", "first_year": "2024", "last_year": "2024", "type_breakdown": "{\"imbecis\": 1}", "monthly_breakdown": "{\"2024-04\": 1}"}}, {"type": "Feature", "geometry": {"type": "LineString", "coordinates": [[-8.617765300000002, 41.171087500000006], [-8.6176983, 41.1710826], [-8.6176259, 41.171093799999994], [-8.6170322, 41.17138659999999], [-8.616508700000002, 41.17168809999999], [-8.6164654, 41.171736], [-8.6164576, 41.1717599], [-8.6164434, 41.1718034]]}, "properties": {"street_name": "Travessa de Silva Porto", "municipio": "Porto", "count": 13, "top_infraction": "imbecis", "first_year": "2025", "last_year": "2025", "type_breakdown": "{\"imbecis\": 13}", "monthly_breakdown": "{\"2025-10\": 13}"}}, {"type": "Feature", "geometry": {"type": "LineString", "coordinates": [[-8.6081795, 41.1697301], [-8.6082678, 41.169659500000016]]}, "properties": {"street_name": "Rua do Campo Lindo", "municipio": "Porto", "count": 1, "top_infraction": "imbecis", "first_year": "2025", "last_year": "2025", "type_breakdown": "{\"imbecis\": 1}", "monthly_breakdown": "{\"2025-11\": 1}"}}, {"type": "Feature", "geometry": {"type": "LineString", "coordinates": [[-8.6083251, 41.169849899999996], [-8.6083686, 41.1698173], [-8.608433, 41.1696524], [-8.6084235, 41.16954429999999]]}, "properties": {"street_name": "Largo do Campo Lindo", "municipio": "Porto", "count": 1, "top_infraction": "imbecis", "first_year": "2025", "last_year": "2025", "type_breakdown": "{\"imbecis\": 1}", "monthly_breakdown": "{\"2025-11\": 1}"}}, {"type": "Feature", "geometry": {"type": "LineString", "coordinates": [[-8.649126, 41.18091580000001], [-8.6491731, 41.180944000000004], [-8.6492115, 41.18096570000001], [-8.6492222, 41.1809681], [-8.6492931, 41.18098520000001], [-8.6493662, 41.18099109999999]]}, "properties": {"street_name": "Estrada Exterior da Circunvalação", "municipio": "Porto", "count": 1, "top_infraction": "imbecis", "first_year": "2024", "last_year": "2024", "type_breakdown": "{\"imbecis\": 1}", "monthly_breakdown": "{\"2024-05\": 1}"}}, {"type": "Feature", "geometry": {"type": "LineString", "coordinates": [[-8.6259948, 41.148706499999996], [-8.626166, 41.1487323]]}, "properties": {"street_name": "Rua de Dom Manuel II", "municipio": "Porto", "count": 1, "top_infraction": "imbecis", "first_year": "2024", "last_year": "2024", "type_breakdown": "{\"imbecis\": 1}", "monthly_breakdown": "{\"2024-10\": 1}"}}, {"type": "Feature", "geometry": {"type": "LineString", "coordinates": [[-8.6086843, 41.1673724], [-8.609046, 41.167464900000006], [-8.6090675, 41.1674851], [-8.6090675, 41.167519399999996], [-8.6087832, 41.167925200000006]]}, "properties": {"street_name": null, "municipio": "Porto", "count": 2, "top_infraction": "imbecis", "first_year": "2025", "last_year": "2025", "type_breakdown": "{\"imbecis\": 2}", "monthly_breakdown": "{\"2025-04\": 2}"}}, {"type": "Feature", "geometry": {"type": "LineString", "coordinates": [[-8.681539200000001, 41.17911329999999], [-8.6815757, 41.1790726], [-8.6815973, 41.17902629999999]]}, "properties": {"street_name": "Rotunda da Fonte Luminosa", "municipio": "Matosinhos", "count": 1, "top_infraction": "imbecis", "first_year": "2025", "last_year": "2025", "type_breakdown": "{\"imbecis\": 1}", "monthly_breakdown": "{\"2025-04\": 1}"}}, {"type": "Feature", "geometry": {"type": "LineString", "coordinates": [[-8.6522628, 41.1574354], [-8.6523326, 41.157389999999985], [-8.6523721, 41.1573643], [-8.6524827, 41.15729220000001], [-8.6527258, 41.157137199999994], [-8.6527848, 41.157094799999996], [-8.6528242, 41.1570522]]}, "properties": {"street_name": "Rua do Pintor António Cruz", "municipio": "Porto", "count": 3, "top_infraction": "imbecis", "first_year": "2025", "last_year": "2025", "type_breakdown": "{\"imbecis\": 3}", "monthly_breakdown": "{\"2025-01\": 3}"}}, {"type": "Feature", "geometry": {"type": "LineString", "coordinates": [[-8.6247541, 41.1618635], [-8.6247312, 41.16123050000001]]}, "properties": {"street_name": "Rua de Oliveira Monteiro", "municipio": "Porto", "count": 1, "top_infraction": "imbecis", "first_year": "2024", "last_year": "2024", "type_breakdown": "{\"imbecis\": 1}", "monthly_breakdown": "{\"2024-08\": 1}"}}, {"type": "Feature", "geometry": {"type": "LineString", "coordinates": [[-8.6247541, 41.1618635], [-8.6247798, 41.16257029999999]]}, "properties": {"street_name": "Rua de Oliveira Monteiro", "municipio": "Porto", "count": 1, "top_infraction": "imbecis", "first_year": "2024", "last_year": "2024", "type_breakdown": "{\"imbecis\": 1}", "monthly_breakdown": "{\"2024-08\": 1}"}}, {"type": "Feature", "geometry": {"type": "LineString", "coordinates": [[-8.6541434, 41.1587564], [-8.6539867, 41.158659], [-8.6535379, 41.1583809], [-8.6531028, 41.1580615], [-8.6530677, 41.158035700000006], [-8.6528421, 41.1578798], [-8.6524644, 41.1575825], [-8.6523301, 41.1574845], [-8.6522628, 41.1574354]]}, "properties": {"street_name": "Rua de Serralves", "municipio": "Porto", "count": 2, "top_infraction": "imbecis", "first_year": "2025", "last_year": "2025", "type_breakdown": "{\"imbecis\": 2}", "monthly_breakdown": "{\"2025-03\": 2}"}}, {"type": "Feature", "geometry": {"type": "LineString", "coordinates": [[-8.6760796, 41.15136300000001], [-8.6758889, 41.151227999999996], [-8.6758501, 41.1512135], [-8.6758236, 41.151212699999995], [-8.6757956, 41.1512191], [-8.6755517, 41.1515111]]}, "properties": {"street_name": "Largo do Capitão Pinheiro Torres de Meireles", "municipio": "Porto", "count": 1, "top_infraction": "imbecis", "first_year": "2024", "last_year": "2024", "type_breakdown": "{\"imbecis\": 1}", "monthly_breakdown": "{\"2024-07\": 1}"}}, {"type": "Feature", "geometry": {"type": "LineString", "coordinates": [[-8.668292, 41.171417], [-8.668442, 41.17145289999999], [-8.6685947, 41.17146369999999], [-8.6686693, 41.17145500000001], [-8.6687795, 41.1714369], [-8.6688151, 41.1714291], [-8.6688771, 41.1714083], [-8.6689134, 41.17139610000001], [-8.6690105, 41.1713636], [-8.6690745, 41.171342199999984]]}, "properties": {"street_name": "Rua de Martim Moniz", "municipio": "Porto", "count": 1, "top_infraction": "imbecis", "first_year": "2024", "last_year": "2024", "type_breakdown": "{\"imbecis\": 1}", "monthly_breakdown": "{\"2024-07\": 1}"}}, {"type": "Feature", "geometry": {"type": "LineString", "coordinates": [[-8.6114907, 41.191828699999995], [-8.6115879, 41.1918218], [-8.6126971, 41.1917601]]}, "properties": {"street_name": "Rua da Cidreira", "municipio": "Matosinhos", "count": 1, "top_infraction": "imbecis", "first_year": "2025", "last_year": "2025", "type_breakdown": "{\"imbecis\": 1}", "monthly_breakdown": "{\"2025-04\": 1}"}}, {"type": "Feature", "geometry": {"type": "LineString", "coordinates": [[-8.6114907, 41.191828699999995], [-8.611494400000002, 41.1917515], [-8.6116788, 41.19108449999999], [-8.6116875, 41.19105029999999]]}, "properties": {"street_name": "Rua Godinho de Faria", "municipio": "Matosinhos", "count": 1, "top_infraction": "imbecis", "first_year": "2024", "last_year": "2024", "type_breakdown": "{\"imbecis\": 1}", "monthly_breakdown": "{\"2024-11\": 1}"}}, {"type": "Feature", "geometry": {"type": "LineString", "coordinates": [[-8.6111887, 41.1946562], [-8.6111195, 41.19466499999999], [-8.6100824, 41.194773999999995]]}, "properties": {"street_name": "Rua de Guerra Junqueiro", "municipio": "Matosinhos", "count": 1, "top_infraction": "imbecis", "first_year": "2024", "last_year": "2024", "type_breakdown": "{\"imbecis\": 1}", "monthly_breakdown": "{\"2024-11\": 1}"}}, {"type": "Feature", "geometry": {"type": "LineString", "coordinates": [[-8.6111887, 41.1946562], [-8.6111729, 41.1947459], [-8.6111122, 41.1952058], [-8.6110123, 41.19590639999999], [-8.6110083, 41.1959342], [-8.6109912, 41.19603779999999]]}, "properties": {"street_name": "Rua Godinho de Faria", "municipio": "Matosinhos", "count": 3, "top_infraction": "imbecis", "first_year": "2024", "last_year": "2024", "type_breakdown": "{\"imbecis\": 3}", "monthly_breakdown": "{\"2024-11\": 2, \"2024-12\": 1}"}}, {"type": "Feature", "geometry": {"type": "LineString", "coordinates": [[-8.6367492, 41.1900143], [-8.6360486, 41.18998929999999], [-8.6359778, 41.1899867], [-8.6358335, 41.189981599999996]]}, "properties": {"street_name": "Avenida Xanana Gusmão", "municipio": "Matosinhos", "count": 1, "top_infraction": "imbecis", "first_year": "2025", "last_year": "2025", "type_breakdown": "{\"imbecis\": 1}", "monthly_breakdown": "{\"2025-01\": 1}"}}, {"type": "Feature", "geometry": {"type": "LineString", "coordinates": [[-8.6050664, 41.19525539999999], [-8.6051591, 41.195211199999996], [-8.6057436, 41.19483869999999], [-8.6060479, 41.1946828], [-8.6061699, 41.19461999999999]]}, "properties": {"street_name": "Rua de Henrique Bravo", "municipio": "Matosinhos", "count": 1, "top_infraction": "imbecis", "first_year": "2024", "last_year": "2024", "type_breakdown": "{\"imbecis\": 1}", "monthly_breakdown": "{\"2024-11\": 1}"}}, {"type": "Feature", "geometry": {"type": "LineString", "coordinates": [[-8.6196786, 41.1714458], [-8.6197818, 41.1715086], [-8.619921300000001, 41.171623700000005], [-8.6200796, 41.171740799999995], [-8.6201708, 41.1717832], [-8.6202405, 41.1717933], [-8.6203424, 41.17178319999999], [-8.6204497, 41.17173269999999], [-8.6204953, 41.1716903]]}, "properties": {"street_name": null, "municipio": "Porto", "count": 1, "top_infraction": "imbecis", "first_year": "2025", "last_year": "2025", "type_breakdown": "{\"imbecis\": 1}", "monthly_breakdown": "{\"2025-03\": 1}"}}, {"type": "Feature", "geometry": {"type": "LineString", "coordinates": [[-8.6114004, 41.17636559999999], [-8.6104636, 41.1757883], [-8.6103848, 41.175742299999996]]}, "properties": {"street_name": "Rua Coronel Almeida Valente", "municipio": "Porto", "count": 1, "top_infraction": "imbecis", "first_year": "2025", "last_year": "2025", "type_breakdown": "{\"imbecis\": 1}", "monthly_breakdown": "{\"2025-01\": 1}"}}, {"type": "Feature", "geometry": {"type": "LineString", "coordinates": [[-8.6166242, 41.176171999999994], [-8.616668, 41.1763605], [-8.616668, 41.176535599999994], [-8.6166551, 41.1766143]]}, "properties": {"street_name": "Rua Jorge Gigante", "municipio": "Porto", "count": 1, "top_infraction": "imbecis", "first_year": "2026", "last_year": "2026", "type_breakdown": "{\"imbecis\": 1}", "monthly_breakdown": "{\"2026-02\": 1}"}}, {"type": "Feature", "geometry": {"type": "LineString", "coordinates": [[-8.601963300000001, 41.16598499999999], [-8.6017714, 41.1661153], [-8.6017313, 41.16614729999999], [-8.60171, 41.1661794], [-8.601703, 41.16622339999999], [-8.6016946, 41.166719699999994]]}, "properties": {"street_name": "Travessa de Álvaro de Castelões", "municipio": "Porto", "count": 1, "top_infraction": "imbecis", "first_year": "2025", "last_year": "2025", "type_breakdown": "{\"imbecis\": 1}", "monthly_breakdown": "{\"2025-11\": 1}"}}, {"type": "Feature", "geometry": {"type": "LineString", "coordinates": [[-8.6002899, 41.1740581], [-8.6006313, 41.173942499999995]]}, "properties": {"street_name": "Rua do Águeda", "municipio": "Porto", "count": 2, "top_infraction": "imbecis", "first_year": "2025", "last_year": "2025", "type_breakdown": "{\"imbecis\": 2}", "monthly_breakdown": "{\"2025-02\": 2}"}}, {"type": "Feature", "geometry": {"type": "LineString", "coordinates": [[-8.6026487, 41.18372389999998], [-8.6031257, 41.183834], [-8.6034848, 41.1839154], [-8.6035785, 41.1839378], [-8.6036241, 41.1839496], [-8.6048909, 41.1842227]]}, "properties": {"street_name": "Estrada Exterior da Circunvalação", "municipio": "Porto", "count": 1, "top_infraction": "imbecis", "first_year": "2025", "last_year": "2025", "type_breakdown": "{\"imbecis\": 1}", "monthly_breakdown": "{\"2025-06\": 1}"}}, {"type": "Feature", "geometry": {"type": "LineString", "coordinates": [[-8.6199274, 41.1917751], [-8.6199464, 41.1918642], [-8.6198679, 41.192003], [-8.6197774, 41.192122000000005], [-8.6196379, 41.1922269], [-8.6194502, 41.1922956], [-8.6193107, 41.1923803], [-8.6192571, 41.19243279999999], [-8.6192356, 41.19249740000001], [-8.6192517, 41.192586199999994], [-8.6193536, 41.1926952], [-8.6192267, 41.19289]]}, "properties": {"street_name": null, "municipio": "Matosinhos", "count": 1, "top_infraction": "imbecis", "first_year": "2025", "last_year": "2025", "type_breakdown": "{\"imbecis\": 1}", "monthly_breakdown": "{\"2025-10\": 1}"}}, {"type": "Feature", "geometry": {"type": "LineString", "coordinates": [[-8.6212708, 41.1566109], [-8.6214191, 41.156081900000004], [-8.621426500000002, 41.156044600000016], [-8.6214273, 41.15598589999999]]}, "properties": {"street_name": "Rua de São Martinho", "municipio": "Porto", "count": 3, "top_infraction": "imbecis", "first_year": "2025", "last_year": "2025", "type_breakdown": "{\"imbecis\": 3}", "monthly_breakdown": "{\"2025-05\": 2, \"2025-06\": 1}"}}, {"type": "Feature", "geometry": {"type": "LineString", "coordinates": [[-8.624081, 41.16455989999999], [-8.6243373, 41.164591], [-8.6243771, 41.1647788], [-8.624458, 41.165003], [-8.6246996, 41.1653953], [-8.624776, 41.16555929999999], [-8.6247973, 41.1656082], [-8.6248315, 41.16563699999999], [-8.6248936, 41.16566439999999]]}, "properties": {"street_name": "Rua 9 de Julho", "municipio": "Porto", "count": 6, "top_infraction": "imbecis", "first_year": "2024", "last_year": "2025", "type_breakdown": "{\"imbecis\": 6}", "monthly_breakdown": "{\"2025-05\": 1, \"2024-06\": 2, \"2025-03\": 1, \"2024-08\": 1, \"2024-10\": 1}"}}, {"type": "Feature", "geometry": {"type": "LineString", "coordinates": [[-8.624081, 41.16455989999999], [-8.6240808, 41.16451839999999], [-8.6241009, 41.1644114]]}, "properties": {"street_name": "Rua 9 de Julho", "municipio": "Porto", "count": 1, "top_infraction": "imbecis", "first_year": "2025", "last_year": "2025", "type_breakdown": "{\"imbecis\": 1}", "monthly_breakdown": "{\"2025-10\": 1}"}}, {"type": "Feature", "geometry": {"type": "LineString", "coordinates": [[-8.6131548, 41.1671465], [-8.6132002, 41.167034099999995]]}, "properties": {"street_name": "Rua Luís de Aguiar", "municipio": "Porto", "count": 1, "top_infraction": "imbecis", "first_year": "2025", "last_year": "2025", "type_breakdown": "{\"imbecis\": 1}", "monthly_breakdown": "{\"2025-10\": 1}"}}, {"type": "Feature", "geometry": {"type": "LineString", "coordinates": [[-8.6131548, 41.1671465], [-8.6130363, 41.1674265], [-8.6129931, 41.1675385]]}, "properties": {"street_name": "Rua Luís de Aguiar", "municipio": "Porto", "count": 2, "top_infraction": "imbecis", "first_year": "2025", "last_year": "2025", "type_breakdown": "{\"imbecis\": 2}", "monthly_breakdown": "{\"2025-11\": 2}"}}, {"type": "Feature", "geometry": {"type": "LineString", "coordinates": [[-8.6131726, 41.16660149999999], [-8.6131379, 41.16671960000001], [-8.6131089, 41.1668189], [-8.6130947, 41.16693829999999], [-8.6131548, 41.1671465]]}, "properties": {"street_name": "Rua Luís de Aguiar", "municipio": "Porto", "count": 1, "top_infraction": "imbecis", "first_year": "2025", "last_year": "2025", "type_breakdown": "{\"imbecis\": 1}", "monthly_breakdown": "{\"2025-11\": 1}"}}, {"type": "Feature", "geometry": {"type": "LineString", "coordinates": [[-8.6131726, 41.16660149999999], [-8.6131061, 41.1665877], [-8.6122786, 41.16641889999999]]}, "properties": {"street_name": "Rua de São Dinis", "municipio": "Porto", "count": 1, "top_infraction": "imbecis", "first_year": "2026", "last_year": "2026", "type_breakdown": "{\"imbecis\": 1}", "monthly_breakdown": "{\"2026-02\": 1}"}}, {"type": "Feature", "geometry": {"type": "LineString", "coordinates": [[-8.6224324, 41.1580043], [-8.6224519, 41.15793889999999], [-8.62273, 41.1570041], [-8.622742, 41.1569638], [-8.6227704, 41.15686809999999]]}, "properties": {"street_name": "Rua Augusto Luso", "municipio": "Porto", "count": 1, "top_infraction": "imbecis", "first_year": "2024", "last_year": "2024", "type_breakdown": "{\"imbecis\": 1}", "monthly_breakdown": "{\"2024-06\": 1}"}}, {"type": "Feature", "geometry": {"type": "LineString", "coordinates": [[-8.6229114, 41.152801999999994], [-8.6216068, 41.1526952], [-8.6209227, 41.1526347], [-8.6207549, 41.1526088]]}, "properties": {"street_name": "Rua da Torrinha", "municipio": "Porto", "count": 2, "top_infraction": "imbecis", "first_year": "2025", "last_year": "2025", "type_breakdown": "{\"imbecis\": 2}", "monthly_breakdown": "{\"2025-05\": 1, \"2025-01\": 1}"}}, {"type": "Feature", "geometry": {"type": "LineString", "coordinates": [[-8.6229114, 41.152801999999994], [-8.6229412, 41.1528743], [-8.6231357, 41.1533464]]}, "properties": {"street_name": "Rua do Instituto de Cegos de São Manuel", "municipio": "Porto", "count": 1, "top_infraction": "imbecis", "first_year": "2025", "last_year": "2025", "type_breakdown": "{\"imbecis\": 1}", "monthly_breakdown": "{\"2025-01\": 1}"}}, {"type": "Feature", "geometry": {"type": "LineString", "coordinates": [[-8.6214273, 41.15598589999999], [-8.6212255, 41.1558193], [-8.6211566, 41.1557625]]}, "properties": {"street_name": "Largo do Priorado", "municipio": "Porto", "count": 1, "top_infraction": "imbecis", "first_year": "2025", "last_year": "2025", "type_breakdown": "{\"imbecis\": 1}", "monthly_breakdown": "{\"2025-05\": 1}"}}, {"type": "Feature", "geometry": {"type": "LineString", "coordinates": [[-8.6282465, 41.1622288], [-8.6282686, 41.1621889], [-8.6283404, 41.1621564], [-8.6283768, 41.1621318]]}, "properties": {"street_name": "Rua General Norton de Matos", "municipio": "Porto", "count": 1, "top_infraction": "imbecis", "first_year": "2025", "last_year": "2025", "type_breakdown": "{\"imbecis\": 1}", "monthly_breakdown": "{\"2025-12\": 1}"}}, {"type": "Feature", "geometry": {"type": "LineString", "coordinates": [[-8.6248936, 41.16566439999999], [-8.6248302, 41.1656692], [-8.6247811, 41.1656718], [-8.6246889, 41.165689199999996], [-8.6245662, 41.165714099999995], [-8.6243768, 41.1657459], [-8.6241889, 41.1657718], [-8.6238554, 41.165791199999994], [-8.6236959, 41.165786]]}, "properties": {"street_name": "Rua António Enes", "municipio": "Porto", "count": 2, "top_infraction": "imbecis", "first_year": "2024", "last_year": "2026", "type_breakdown": "{\"imbecis\": 2}", "monthly_breakdown": "{\"2024-10\": 1, \"2026-01\": 1}"}}, {"type": "Feature", "geometry": {"type": "LineString", "coordinates": [[-8.6102157, 41.14964929999999], [-8.6102062, 41.149729699999995], [-8.6102115, 41.149812799999985], [-8.610227000000002, 41.14987010000001], [-8.610236, 41.1499034], [-8.6103431, 41.1502996], [-8.610351, 41.1503452], [-8.610337, 41.15042580000001], [-8.6103033, 41.150524499999996], [-8.6102434, 41.150606]]}, "properties": {"street_name": "Rua Doutor António Luís Gomes", "municipio": "Porto", "count": 1, "top_infraction": "imbecis", "first_year": "2025", "last_year": "2025", "type_breakdown": "{\"imbecis\": 1}", "monthly_breakdown": "{\"2025-04\": 1}"}}, {"type": "Feature", "geometry": {"type": "LineString", "coordinates": [[-8.6260501, 41.1508659], [-8.6260956, 41.1508239], [-8.6262587, 41.150673299999994], [-8.626484500000002, 41.150465], [-8.6265649, 41.1503908]]}, "properties": {"street_name": "Rua de Calouste Gulbenkian", "municipio": "Porto", "count": 1, "top_infraction": "imbecis", "first_year": "2024", "last_year": "2024", "type_breakdown": "{\"imbecis\": 1}", "monthly_breakdown": "{\"2024-07\": 1}"}}, {"type": "Feature", "geometry": {"type": "LineString", "coordinates": [[-8.627193, 41.1518745], [-8.6270946, 41.1518772], [-8.6269978, 41.15187319999999], [-8.6269366, 41.1518616], [-8.6268768, 41.1518348], [-8.6268289, 41.1517689], [-8.6267472, 41.15167259999998], [-8.6267211, 41.151629799999995], [-8.6267016, 41.15155639999999], [-8.6265604, 41.15131809999999], [-8.6265241, 41.151289], [-8.6264966, 41.1512612], [-8.6264644, 41.15122889999999], [-8.6264429, 41.15120060000001], [-8.6264161, 41.1511529], [-8.6264114, 41.15107290000001], [-8.6264182, 41.150953699999995], [-8.6264429, 41.150871399999986], [-8.6265488, 41.15048369999999], [-8.6265649, 41.1503908]]}, "properties": {"street_name": "Via Particular", "municipio": "Porto", "count": 1, "top_infraction": "imbecis", "first_year": "2024", "last_year": "2024", "type_breakdown": "{\"imbecis\": 1}", "monthly_breakdown": "{\"2024-07\": 1}"}}, {"type": "Feature", "geometry": {"type": "LineString", "coordinates": [[-8.646026, 41.15432539999998], [-8.6454889, 41.1543736]]}, "properties": {"street_name": "Rua do Campo Alegre", "municipio": "Porto", "count": 1, "top_infraction": "imbecis", "first_year": "2024", "last_year": "2024", "type_breakdown": "{\"imbecis\": 1}", "monthly_breakdown": "{\"2024-05\": 1}"}}, {"type": "Feature", "geometry": {"type": "LineString", "coordinates": [[-8.6584226, 41.1862302], [-8.6592182, 41.1861847], [-8.6595978, 41.18615359999999]]}, "properties": {"street_name": "Avenida António Domingues dos Santos", "municipio": "Matosinhos", "count": 1, "top_infraction": "imbecis", "first_year": "2025", "last_year": "2025", "type_breakdown": "{\"imbecis\": 1}", "monthly_breakdown": "{\"2025-02\": 1}"}}, {"type": "Feature", "geometry": {"type": "LineString", "coordinates": [[-8.6559375, 41.18507309999999], [-8.6559557, 41.18520519999999], [-8.655967, 41.1852516], [-8.6559908, 41.185298], [-8.6560197, 41.18533039999999], [-8.6560821, 41.18536449999999], [-8.6561282, 41.18537869999999], [-8.6561641, 41.18538279999999], [-8.656593, 41.1853851], [-8.6566226, 41.18537849999999], [-8.6566355, 41.1853599], [-8.6566512, 41.185261399999995]]}, "properties": {"street_name": "Rua do Carriçal", "municipio": "Matosinhos", "count": 1, "top_infraction": "imbecis", "first_year": "2025", "last_year": "2025", "type_breakdown": "{\"imbecis\": 1}", "monthly_breakdown": "{\"2025-02\": 1}"}}, {"type": "Feature", "geometry": {"type": "LineString", "coordinates": [[-8.6559375, 41.18507309999999], [-8.6559136, 41.1849449], [-8.6559154, 41.18489749999999], [-8.6559321, 41.184852699999986], [-8.6559572, 41.1848141]]}, "properties": {"street_name": "Rua do Carriçal", "municipio": "Matosinhos", "count": 2, "top_infraction": "imbecis", "first_year": "2024", "last_year": "2025", "type_breakdown": "{\"imbecis\": 2}", "monthly_breakdown": "{\"2024-12\": 1, \"2025-02\": 1}"}}, {"type": "Feature", "geometry": {"type": "LineString", "coordinates": [[-8.6571434, 41.184209599999996], [-8.6570056, 41.1843043]]}, "properties": {"street_name": "Rua Padre António Porto", "municipio": "Matosinhos", "count": 4, "top_infraction": "imbecis", "first_year": "2024", "last_year": "2025", "type_breakdown": "{\"imbecis\": 4}", "monthly_breakdown": "{\"2024-12\": 1, \"2025-01\": 1, \"2025-02\": 2}"}}, {"type": "Feature", "geometry": {"type": "LineString", "coordinates": [[-8.6571434, 41.184209599999996], [-8.6572593, 41.184130100000004]]}, "properties": {"street_name": "Rua Padre António Porto", "municipio": "Matosinhos", "count": 1, "top_infraction": "imbecis", "first_year": "2025", "last_year": "2025", "type_breakdown": "{\"imbecis\": 1}", "monthly_breakdown": "{\"2025-01\": 1}"}}, {"type": "Feature", "geometry": {"type": "LineString", "coordinates": [[-8.6571434, 41.184209599999996], [-8.6569865, 41.1840942]]}, "properties": {"street_name": null, "municipio": "Matosinhos", "count": 2, "top_infraction": "imbecis", "first_year": "2025", "last_year": "2025", "type_breakdown": "{\"imbecis\": 2}", "monthly_breakdown": "{\"2025-02\": 2}"}}, {"type": "Feature", "geometry": {"type": "LineString", "coordinates": [[-8.6568673, 41.1843997], [-8.6570056, 41.1843043]]}, "properties": {"street_name": "Rua Padre António Porto", "municipio": "Matosinhos", "count": 11, "top_infraction": "imbecis", "first_year": "2024", "last_year": "2025", "type_breakdown": "{\"imbecis\": 11}", "monthly_breakdown": "{\"2024-12\": 1, \"2024-11\": 1, \"2025-01\": 3, \"2025-02\": 4, \"2024-10\": 2}"}}, {"type": "Feature", "geometry": {"type": "LineString", "coordinates": [[-8.6568673, 41.1843997], [-8.6567273, 41.1842923]]}, "properties": {"street_name": null, "municipio": "Matosinhos", "count": 9, "top_infraction": "imbecis", "first_year": "2024", "last_year": "2025", "type_breakdown": "{\"imbecis\": 9}", "monthly_breakdown": "{\"2024-11\": 1, \"2025-02\": 6, \"2025-01\": 2}"}}, {"type": "Feature", "geometry": {"type": "LineString", "coordinates": [[-8.6568673, 41.1843997], [-8.6568315, 41.1844244], [-8.6567379, 41.1844878]]}, "properties": {"street_name": "Rua Padre António Porto", "municipio": "Matosinhos", "count": 7, "top_infraction": "imbecis", "first_year": "2024", "last_year": "2025", "type_breakdown": "{\"imbecis\": 7}", "monthly_breakdown": "{\"2025-02\": 4, \"2025-01\": 2, \"2024-11\": 1}"}}, {"type": "Feature", "geometry": {"type": "LineString", "coordinates": [[-8.6539383, 41.1850714], [-8.6540145, 41.1850614], [-8.6540695, 41.1850542], [-8.6542057, 41.18503640000001], [-8.6546047, 41.1849842], [-8.6553522, 41.184895399999995], [-8.655425600000001, 41.18488680000001], [-8.6556918, 41.1848556]]}, "properties": {"street_name": "Rua dos Lagos", "municipio": "Matosinhos", "count": 1, "top_infraction": "imbecis", "first_year": "2025", "last_year": "2025", "type_breakdown": "{\"imbecis\": 1}", "monthly_breakdown": "{\"2025-02\": 1}"}}, {"type": "Feature", "geometry": {"type": "LineString", "coordinates": [[-8.6578003, 41.1842534], [-8.6577664, 41.1841527]]}, "properties": {"street_name": "Rua Duarte Lobo", "municipio": "Matosinhos", "count": 1, "top_infraction": "imbecis", "first_year": "2025", "last_year": "2025", "type_breakdown": "{\"imbecis\": 1}", "monthly_breakdown": "{\"2025-02\": 1}"}}, {"type": "Feature", "geometry": {"type": "LineString", "coordinates": [[-8.658305800000003, 41.18373410000001], [-8.6583239, 41.1836963], [-8.6583751, 41.1835961], [-8.6584324, 41.18348399999999], [-8.6584564, 41.183434600000005], [-8.6584768, 41.18340250000001], [-8.658493, 41.1833855], [-8.6585157, 41.183370800000006], [-8.6585435, 41.183359999999986], [-8.6591584, 41.18317510000001], [-8.6592223, 41.18315749999999], [-8.6593852, 41.1831106], [-8.660077, 41.18291459999999]]}, "properties": {"street_name": "Rua Carlos Seixas", "municipio": "Matosinhos", "count": 1, "top_infraction": "imbecis", "first_year": "2024", "last_year": "2024", "type_breakdown": "{\"imbecis\": 1}", "monthly_breakdown": "{\"2024-12\": 1}"}}, {"type": "Feature", "geometry": {"type": "LineString", "coordinates": [[-8.6579845, 41.183625199999994], [-8.657869600000001, 41.18370749999999], [-8.6575291, 41.1839433], [-8.6575046, 41.1839603], [-8.6573289, 41.18408190000001], [-8.6572593, 41.184130100000004]]}, "properties": {"street_name": "Rua Padre António Porto", "municipio": "Matosinhos", "count": 7, "top_infraction": "imbecis", "first_year": "2024", "last_year": "2025", "type_breakdown": "{\"imbecis\": 7}", "monthly_breakdown": "{\"2025-02\": 5, \"2024-10\": 1, \"2024-12\": 1}"}}, {"type": "Feature", "geometry": {"type": "LineString", "coordinates": [[-8.6541033, 41.1867923], [-8.6542896, 41.187601], [-8.6542993, 41.187647]]}, "properties": {"street_name": "Avenida Fabril do Norte", "municipio": "Matosinhos", "count": 1, "top_infraction": "imbecis", "first_year": "2025", "last_year": "2025", "type_breakdown": "{\"imbecis\": 1}", "monthly_breakdown": "{\"2025-01\": 1}"}}, {"type": "Feature", "geometry": {"type": "LineString", "coordinates": [[-8.6519197, 41.172410400000004], [-8.6509562, 41.171601]]}, "properties": {"street_name": "Rua do Engenheiro Ezequiel de Campos", "municipio": "Porto", "count": 2, "top_infraction": "imbecis", "first_year": "2025", "last_year": "2025", "type_breakdown": "{\"imbecis\": 2}", "monthly_breakdown": "{\"2025-04\": 2}"}}, {"type": "Feature", "geometry": {"type": "LineString", "coordinates": [[-8.6526025, 41.1719108], [-8.6528963, 41.17216609999999], [-8.654849, 41.1730219], [-8.6548956, 41.1730407], [-8.6550308, 41.1730951]]}, "properties": {"street_name": "Rua do Doutor Pedro de Sousa", "municipio": "Porto", "count": 1, "top_infraction": "imbecis", "first_year": "2024", "last_year": "2024", "type_breakdown": "{\"imbecis\": 1}", "monthly_breakdown": "{\"2024-12\": 1}"}}, {"type": "Feature", "geometry": {"type": "LineString", "coordinates": [[-8.681025, 41.157533799999996], [-8.6811087, 41.15749439999999], [-8.6813652, 41.15737359999999], [-8.6817763, 41.15717519999999], [-8.681864, 41.1571287]]}, "properties": {"street_name": "Rua do Crasto", "municipio": "Porto", "count": 1, "top_infraction": "imbecis", "first_year": "2025", "last_year": "2025", "type_breakdown": "{\"imbecis\": 1}", "monthly_breakdown": "{\"2025-01\": 1}"}}, {"type": "Feature", "geometry": {"type": "LineString", "coordinates": [[-8.6422989, 41.1590545], [-8.6425227, 41.15852309999999], [-8.6426167, 41.15812780000001], [-8.642629, 41.158032]]}, "properties": {"street_name": "Rua de Manuel Bandeira", "municipio": "Porto", "count": 1, "top_infraction": "imbecis", "first_year": "2024", "last_year": "2024", "type_breakdown": "{\"imbecis\": 1}", "monthly_breakdown": "{\"2024-11\": 1}"}}, {"type": "Feature", "geometry": {"type": "LineString", "coordinates": [[-8.643329, 41.15735810000001], [-8.6422759, 41.15717829999999], [-8.6419036, 41.1571147], [-8.641778100000002, 41.1570235]]}, "properties": {"street_name": "Rua da Venezuela", "municipio": "Porto", "count": 1, "top_infraction": "imbecis", "first_year": "2025", "last_year": "2025", "type_breakdown": "{\"imbecis\": 1}", "monthly_breakdown": "{\"2025-01\": 1}"}}, {"type": "Feature", "geometry": {"type": "LineString", "coordinates": [[-8.6417501, 41.1593372], [-8.6416745, 41.159360900000024], [-8.6416001, 41.159382], [-8.6415349, 41.15938779999999], [-8.6414442, 41.15938069999999], [-8.6410375, 41.15930959999999], [-8.6409962, 41.1593024]]}, "properties": {"street_name": null, "municipio": "Porto", "count": 1, "top_infraction": "imbecis", "first_year": "2025", "last_year": "2025", "type_breakdown": "{\"imbecis\": 1}", "monthly_breakdown": "{\"2025-02\": 1}"}}, {"type": "Feature", "geometry": {"type": "LineString", "coordinates": [[-8.6440868, 41.165167499999995], [-8.644765, 41.164885999999996], [-8.6451714, 41.1647028], [-8.6454637, 41.1645316]]}, "properties": {"street_name": "Rua do Professor Damião Peres", "municipio": "Porto", "count": 1, "top_infraction": "imbecis", "first_year": "2024", "last_year": "2024", "type_breakdown": "{\"imbecis\": 1}", "monthly_breakdown": "{\"2024-07\": 1}"}}, {"type": "Feature", "geometry": {"type": "LineString", "coordinates": [[-8.6007717, 41.15700639999999], [-8.6008538, 41.1565651], [-8.6009087, 41.156257599999996]]}, "properties": {"street_name": "Travessa do Monte de Tadeu", "municipio": "Porto", "count": 2, "top_infraction": "imbecis", "first_year": "2024", "last_year": "2024", "type_breakdown": "{\"imbecis\": 2}", "monthly_breakdown": "{\"2024-10\": 2}"}}, {"type": "Feature", "geometry": {"type": "LineString", "coordinates": [[-8.6383811, 41.16230999999999], [-8.637673100000002, 41.162743799999994]]}, "properties": {"street_name": "Rua de Enrique Pousão", "municipio": "Porto", "count": 1, "top_infraction": "imbecis", "first_year": "2024", "last_year": "2024", "type_breakdown": "{\"imbecis\": 1}", "monthly_breakdown": "{\"2024-04\": 1}"}}, {"type": "Feature", "geometry": {"type": "LineString", "coordinates": [[-8.6688173, 41.1804635], [-8.6689072, 41.180415599999996], [-8.6692594, 41.18022759999999], [-8.6693352, 41.1801967], [-8.6694252, 41.1801728], [-8.6695772, 41.18016369999999], [-8.6698114, 41.180162], [-8.6699403, 41.18016109999999], [-8.6700918, 41.1801575], [-8.670253200000001, 41.180138199999995], [-8.6704191, 41.1800922], [-8.6705684, 41.1800355], [-8.6711066, 41.17974060000001], [-8.6713066, 41.17964069999999], [-8.6714608, 41.17958999999999], [-8.6716386, 41.17954280000001], [-8.6717572, 41.1795206], [-8.6719017, 41.179514299999994], [-8.671991, 41.17951829999999], [-8.6723311, 41.1795334], [-8.6725298, 41.1795463], [-8.6729297, 41.1795723], [-8.6729653, 41.179573], [-8.673081, 41.1795732]]}, "properties": {"street_name": "['Rua Doutor Eduardo Torres', 'Avenida de Merignac']", "municipio": "Matosinhos", "count": 2, "top_infraction": "imbecis", "first_year": "2025", "last_year": "2026", "type_breakdown": "{\"imbecis\": 2}", "monthly_breakdown": "{\"2026-04\": 1, \"2025-10\": 1}"}}, {"type": "Feature", "geometry": {"type": "LineString", "coordinates": [[-8.6779916, 41.1837501], [-8.6785594, 41.1835029]]}, "properties": {"street_name": "Rua de Augusto Gomes", "municipio": "Matosinhos", "count": 2, "top_infraction": "imbecis", "first_year": "2025", "last_year": "2025", "type_breakdown": "{\"imbecis\": 2}", "monthly_breakdown": "{\"2025-06\": 2}"}}, {"type": "Feature", "geometry": {"type": "LineString", "coordinates": [[-8.6779916, 41.1837501], [-8.6778328, 41.1837896], [-8.6777619, 41.1837917], [-8.6777099, 41.183784900000006], [-8.6776662, 41.18377619999999], [-8.6776328, 41.1837695], [-8.6774673, 41.1836955]]}, "properties": {"street_name": "Rua de Augusto Gomes", "municipio": "Matosinhos", "count": 2, "top_infraction": "imbecis", "first_year": "2025", "last_year": "2025", "type_breakdown": "{\"imbecis\": 2}", "monthly_breakdown": "{\"2025-06\": 2}"}}, {"type": "Feature", "geometry": {"type": "LineString", "coordinates": [[-8.6677372, 41.1803912], [-8.667903, 41.180422899999996], [-8.6682568, 41.1804906], [-8.66831, 41.1805008], [-8.6684728, 41.180531900000005]]}, "properties": {"street_name": "Avenida de Merignac", "municipio": "Matosinhos", "count": 1, "top_infraction": "imbecis", "first_year": "2025", "last_year": "2025", "type_breakdown": "{\"imbecis\": 1}", "monthly_breakdown": "{\"2025-12\": 1}"}}, {"type": "Feature", "geometry": {"type": "LineString", "coordinates": [[-8.6773595, 41.1836491], [-8.6772293, 41.18356719999999], [-8.6772127, 41.18355679999999], [-8.6771243, 41.1834889], [-8.6770675, 41.1834299], [-8.6770301, 41.1833609], [-8.6770189, 41.1833069], [-8.6770173, 41.1832363], [-8.6770262, 41.1831451], [-8.6770477, 41.1830418], [-8.6770812, 41.1829386], [-8.6771178, 41.182861899999985], [-8.6771689, 41.18277439999999], [-8.6772277, 41.1826897], [-8.6773838, 41.18248779999999]]}, "properties": {"street_name": null, "municipio": "Matosinhos", "count": 2, "top_infraction": "imbecis", "first_year": "2025", "last_year": "2025", "type_breakdown": "{\"imbecis\": 2}", "monthly_breakdown": "{\"2025-06\": 2}"}}, {"type": "Feature", "geometry": {"type": "LineString", "coordinates": [[-8.6774673, 41.1836955], [-8.6774174, 41.183667], [-8.6773595, 41.1836491]]}, "properties": {"street_name": null, "municipio": "Matosinhos", "count": 1, "top_infraction": "imbecis", "first_year": "2025", "last_year": "2025", "type_breakdown": "{\"imbecis\": 1}", "monthly_breakdown": "{\"2025-06\": 1}"}}, {"type": "Feature", "geometry": {"type": "LineString", "coordinates": [[-8.638166100000001, 41.1632453], [-8.637673100000002, 41.162743799999994]]}, "properties": {"street_name": "Rua de Enrique Pousão", "municipio": "Porto", "count": 1, "top_infraction": "imbecis", "first_year": "2024", "last_year": "2024", "type_breakdown": "{\"imbecis\": 1}", "monthly_breakdown": "{\"2024-09\": 1}"}}, {"type": "Feature", "geometry": {"type": "LineString", "coordinates": [[-8.638166100000001, 41.1632453], [-8.6372059, 41.16379330000001]]}, "properties": {"street_name": "Rua do Tenente Valadim", "municipio": "Porto", "count": 10, "top_infraction": "imbecis", "first_year": "2024", "last_year": "2026", "type_breakdown": "{\"imbecis\": 10}", "monthly_breakdown": "{\"2024-04\": 5, \"2026-03\": 1, \"2024-09\": 4}"}}, {"type": "Feature", "geometry": {"type": "LineString", "coordinates": [[-8.6811628, 41.178849099999994], [-8.6811227, 41.1788885]]}, "properties": {"street_name": "Rotunda da Fonte Luminosa", "municipio": "Matosinhos", "count": 1, "top_infraction": "imbecis", "first_year": "2025", "last_year": "2025", "type_breakdown": "{\"imbecis\": 1}", "monthly_breakdown": "{\"2025-03\": 1}"}}, {"type": "Feature", "geometry": {"type": "LineString", "coordinates": [[-8.6758739, 41.1832131], [-8.6767559, 41.1836873]]}, "properties": {"street_name": "Alameda da Água Viva", "municipio": "Matosinhos", "count": 1, "top_infraction": "imbecis", "first_year": "2025", "last_year": "2025", "type_breakdown": "{\"imbecis\": 1}", "monthly_breakdown": "{\"2025-06\": 1}"}}, {"type": "Feature", "geometry": {"type": "LineString", "coordinates": [[-8.6767559, 41.1836873], [-8.676953, 41.183791799999995], [-8.677056, 41.18385049999999]]}, "properties": {"street_name": "Alameda da Água Viva", "municipio": "Matosinhos", "count": 1, "top_infraction": "imbecis", "first_year": "2025", "last_year": "2025", "type_breakdown": "{\"imbecis\": 1}", "monthly_breakdown": "{\"2025-06\": 1}"}}, {"type": "Feature", "geometry": {"type": "LineString", "coordinates": [[-8.6111031, 41.198460999999995], [-8.6110537, 41.1984717], [-8.6110152, 41.198480599999996], [-8.6107855, 41.19851799999999], [-8.61046, 41.1985519]]}, "properties": {"street_name": "Rua Laranjeiras", "municipio": "Matosinhos", "count": 1, "top_infraction": "imbecis", "first_year": "2024", "last_year": "2024", "type_breakdown": "{\"imbecis\": 1}", "monthly_breakdown": "{\"2024-11\": 1}"}}, {"type": "Feature", "geometry": {"type": "LineString", "coordinates": [[-8.6129916, 41.15002950000001], [-8.6130654, 41.14999099999999], [-8.6130935, 41.14998539999999], [-8.6131423, 41.149978899999994], [-8.6140445, 41.1499575]]}, "properties": {"street_name": "['Rua da Conceição', 'Largo de Mompilher']", "municipio": "Porto", "count": 2, "top_infraction": "imbecis", "first_year": "2025", "last_year": "2025", "type_breakdown": "{\"imbecis\": 2}", "monthly_breakdown": "{\"2025-03\": 2}"}}, {"type": "Feature", "geometry": {"type": "LineString", "coordinates": [[-8.6169171, 41.1525907], [-8.6169121, 41.15254399999999], [-8.6169009, 41.15245949999999]]}, "properties": {"street_name": null, "municipio": "Porto", "count": 1, "top_infraction": "imbecis", "first_year": "2025", "last_year": "2025", "type_breakdown": "{\"imbecis\": 1}", "monthly_breakdown": "{\"2025-01\": 1}"}}, {"type": "Feature", "geometry": {"type": "LineString", "coordinates": [[-8.6120989, 41.15026869999999], [-8.6120994, 41.15022400000001], [-8.612104, 41.14980229999998], [-8.6121342, 41.1489283], [-8.6121386, 41.1488008]]}, "properties": {"street_name": "Rua do Almada", "municipio": "Porto", "count": 1, "top_infraction": "imbecis", "first_year": "2024", "last_year": "2024", "type_breakdown": "{\"imbecis\": 1}", "monthly_breakdown": "{\"2024-12\": 1}"}}, {"type": "Feature", "geometry": {"type": "LineString", "coordinates": [[-8.626206, 41.152645699999994], [-8.6262287, 41.1527172], [-8.6262477, 41.152776900000006], [-8.6264536, 41.15342339999999], [-8.6267103, 41.154224]]}, "properties": {"street_name": "Rua de Júlio Dinis", "municipio": "Porto", "count": 2, "top_infraction": "imbecis", "first_year": "2025", "last_year": "2025", "type_breakdown": "{\"imbecis\": 2}", "monthly_breakdown": "{\"2025-09\": 2}"}}, {"type": "Feature", "geometry": {"type": "LineString", "coordinates": [[-8.6120253, 41.153835699999995], [-8.6120261, 41.1540321], [-8.6120272, 41.15429219999999], [-8.6120216, 41.15457299999999], [-8.6120065, 41.154843199999995], [-8.6120043, 41.15487809999999], [-8.6120012, 41.154924]]}, "properties": {"street_name": "Praça da República", "municipio": "Porto", "count": 1, "top_infraction": "imbecis", "first_year": "2025", "last_year": "2025", "type_breakdown": "{\"imbecis\": 1}", "monthly_breakdown": "{\"2025-04\": 1}"}}, {"type": "Feature", "geometry": {"type": "LineString", "coordinates": [[-8.6033525, 41.12258649999999], [-8.6041707, 41.12262]]}, "properties": {"street_name": "Rua de Angola", "municipio": "Vila Novade Gaia", "count": 1, "top_infraction": "imbecis", "first_year": "2025", "last_year": "2025", "type_breakdown": "{\"imbecis\": 1}", "monthly_breakdown": "{\"2025-05\": 1}"}}, {"type": "Feature", "geometry": {"type": "LineString", "coordinates": [[-8.6055368, 41.1314929], [-8.6055393, 41.1314331], [-8.6055452, 41.13137209999999], [-8.6055945, 41.1311979], [-8.6056662, 41.130996999999994], [-8.605672, 41.13097170000001], [-8.6057093, 41.13081189999999]]}, "properties": {"street_name": "Rua 14 de Outubro", "municipio": "Vila Novade Gaia", "count": 1, "top_infraction": "imbecis", "first_year": "2024", "last_year": "2024", "type_breakdown": "{\"imbecis\": 1}", "monthly_breakdown": "{\"2024-11\": 1}"}}, {"type": "Feature", "geometry": {"type": "LineString", "coordinates": [[-8.6041165, 41.1234616], [-8.6033012, 41.123441999999976]]}, "properties": {"street_name": "Rua de Moçambique", "municipio": "Vila Novade Gaia", "count": 1, "top_infraction": "imbecis", "first_year": "2025", "last_year": "2025", "type_breakdown": "{\"imbecis\": 1}", "monthly_breakdown": "{\"2025-05\": 1}"}}, {"type": "Feature", "geometry": {"type": "LineString", "coordinates": [[-8.605526500000002, 41.1342721], [-8.6051669, 41.1342472], [-8.6050314, 41.13423269999999], [-8.6049025, 41.1342095], [-8.6046275, 41.13414339999999]]}, "properties": {"street_name": "Rua Luis de Camões", "municipio": "Vila Novade Gaia", "count": 1, "top_infraction": "imbecis", "first_year": "2024", "last_year": "2024", "type_breakdown": "{\"imbecis\": 1}", "monthly_breakdown": "{\"2024-11\": 1}"}}, {"type": "Feature", "geometry": {"type": "LineString", "coordinates": [[-8.6036729, 41.1291949], [-8.6037011, 41.12907439999999], [-8.6038095, 41.1286045], [-8.603844, 41.1284984], [-8.6038913, 41.128404599999996], [-8.6039336, 41.1283285]]}, "properties": {"street_name": null, "municipio": "Vila Novade Gaia", "count": 1, "top_infraction": "imbecis", "first_year": "2024", "last_year": "2024", "type_breakdown": "{\"imbecis\": 1}", "monthly_breakdown": "{\"2024-12\": 1}"}}, {"type": "Feature", "geometry": {"type": "LineString", "coordinates": [[-8.6060762, 41.13432259999999], [-8.6059033, 41.1343067], [-8.605526500000002, 41.1342721]]}, "properties": {"street_name": "Rua Luis de Camões", "municipio": "Vila Novade Gaia", "count": 1, "top_infraction": "imbecis", "first_year": "2024", "last_year": "2024", "type_breakdown": "{\"imbecis\": 1}", "monthly_breakdown": "{\"2024-11\": 1}"}}, {"type": "Feature", "geometry": {"type": "LineString", "coordinates": [[-8.604808, 41.130064899999994], [-8.6048587, 41.1300194], [-8.6053976, 41.1292464], [-8.6054491, 41.1291736]]}, "properties": {"street_name": "Travessa das Camélias", "municipio": "Vila Novade Gaia", "count": 1, "top_infraction": "imbecis", "first_year": "2024", "last_year": "2024", "type_breakdown": "{\"imbecis\": 1}", "monthly_breakdown": "{\"2024-10\": 1}"}}, {"type": "Feature", "geometry": {"type": "LineString", "coordinates": [[-8.6043982, 41.1348005], [-8.6044602, 41.1348046], [-8.605331, 41.134862], [-8.6055538, 41.13487669999999], [-8.6056732, 41.134884499999984], [-8.6061003, 41.1349127], [-8.6061961, 41.134919]]}, "properties": {"street_name": "Rua 1º de Maio", "municipio": "Vila Novade Gaia", "count": 5, "top_infraction": "imbecis", "first_year": "2024", "last_year": "2025", "type_breakdown": "{\"imbecis\": 5}", "monthly_breakdown": "{\"2025-01\": 2, \"2024-11\": 3}"}}, {"type": "Feature", "geometry": {"type": "LineString", "coordinates": [[-8.6062644, 41.131963299999995], [-8.6061971, 41.13202429999999], [-8.6060116, 41.13222290000001], [-8.6059959, 41.13223930000001], [-8.6059769, 41.1323165], [-8.6059464, 41.13244019999999], [-8.6058457, 41.13284850000001]]}, "properties": {"street_name": "Rua Elias Garcia", "municipio": "Vila Novade Gaia", "count": 1, "top_infraction": "imbecis", "first_year": "2024", "last_year": "2024", "type_breakdown": "{\"imbecis\": 1}", "monthly_breakdown": "{\"2024-08\": 1}"}}, {"type": "Feature", "geometry": {"type": "LineString", "coordinates": [[-8.6061961, 41.134919], [-8.6061842, 41.1348597], [-8.6060762, 41.13432259999999]]}, "properties": {"street_name": "Rua dos Polacos", "municipio": "Vila Novade Gaia", "count": 3, "top_infraction": "imbecis", "first_year": "2024", "last_year": "2024", "type_breakdown": "{\"imbecis\": 3}", "monthly_breakdown": "{\"2024-12\": 3}"}}, {"type": "Feature", "geometry": {"type": "LineString", "coordinates": [[-8.6061961, 41.134919], [-8.6063008, 41.134924999999996], [-8.6070277, 41.134966899999995]]}, "properties": {"street_name": "Rua 1º de Maio", "municipio": "Vila Novade Gaia", "count": 1, "top_infraction": "imbecis", "first_year": "2025", "last_year": "2025", "type_breakdown": "{\"imbecis\": 1}", "monthly_breakdown": "{\"2025-01\": 1}"}}, {"type": "Feature", "geometry": {"type": "LineString", "coordinates": [[-8.6054491, 41.1291736], [-8.605259300000002, 41.12915009999998], [-8.6044581, 41.1290829], [-8.6044137, 41.12908139999999], [-8.6043727, 41.12909109999999], [-8.6043322, 41.129135], [-8.6043146, 41.129169399999995], [-8.6042884, 41.12922059999999], [-8.6040892, 41.129393600000014], [-8.603944500000003, 41.129495199999994]]}, "properties": {"street_name": "Rua das Camélias", "municipio": "Vila Novade Gaia", "count": 2, "top_infraction": "imbecis", "first_year": "2024", "last_year": "2024", "type_breakdown": "{\"imbecis\": 2}", "monthly_breakdown": "{\"2024-11\": 2}"}}, {"type": "Feature", "geometry": {"type": "LineString", "coordinates": [[-8.608198, 41.13575600000001], [-8.6081644, 41.1357526], [-8.6081308, 41.135749100000005], [-8.6080932, 41.1357453], [-8.6080518, 41.1357411], [-8.6080103, 41.13573679999999]]}, "properties": {"street_name": null, "municipio": "Vila Novade Gaia", "count": 1, "top_infraction": "imbecis", "first_year": "2025", "last_year": "2025", "type_breakdown": "{\"imbecis\": 1}", "monthly_breakdown": "{\"2025-05\": 1}"}}, {"type": "Feature", "geometry": {"type": "LineString", "coordinates": [[-8.608198, 41.13575600000001], [-8.6081429, 41.135577999999995], [-8.6081037, 41.135456500000004], [-8.6079755, 41.13505949999999], [-8.607832, 41.1345542], [-8.6078203, 41.1345129], [-8.6077977, 41.134428799999995]]}, "properties": {"street_name": "Avenida da República", "municipio": "Vila Novade Gaia", "count": 2, "top_infraction": "imbecis", "first_year": "2024", "last_year": "2025", "type_breakdown": "{\"imbecis\": 2}", "monthly_breakdown": "{\"2024-10\": 1, \"2025-05\": 1}"}}, {"type": "Feature", "geometry": {"type": "LineString", "coordinates": [[-8.6097008, 41.1340377], [-8.6097531, 41.133994400000006], [-8.6099209, 41.1338544], [-8.6101887, 41.133672], [-8.6105452, 41.13352319999999], [-8.6110799, 41.1333949], [-8.6111724, 41.1333727]]}, "properties": {"street_name": "Rua de Luís de Camões", "municipio": "Vila Novade Gaia", "count": 1, "top_infraction": "imbecis", "first_year": "2024", "last_year": "2024", "type_breakdown": "{\"imbecis\": 1}", "monthly_breakdown": "{\"2024-12\": 1}"}}, {"type": "Feature", "geometry": {"type": "LineString", "coordinates": [[-8.6410649, 41.1298218], [-8.6414493, 41.13055520000001], [-8.6419736, 41.131524999999996], [-8.642044, 41.131645299999995], [-8.642109, 41.13179619999999], [-8.6421389, 41.1324182]]}, "properties": {"street_name": "Rua da Paz", "municipio": "Vila Novade Gaia", "count": 4, "top_infraction": "imbecis", "first_year": "2024", "last_year": "2025", "type_breakdown": "{\"imbecis\": 4}", "monthly_breakdown": "{\"2024-12\": 2, \"2025-01\": 2}"}}, {"type": "Feature", "geometry": {"type": "LineString", "coordinates": [[-8.60551, 41.1277415], [-8.6055612, 41.127999499999994], [-8.605664, 41.128355899999995], [-8.6058352, 41.1288845], [-8.6058507, 41.1289468], [-8.6058676, 41.1290082], [-8.6058989, 41.12912209999998]]}, "properties": {"street_name": "Avenida da República", "municipio": "Vila Novade Gaia", "count": 2, "top_infraction": "imbecis", "first_year": "2024", "last_year": "2025", "type_breakdown": "{\"imbecis\": 2}", "monthly_breakdown": "{\"2024-07\": 1, \"2025-09\": 1}"}}, {"type": "Feature", "geometry": {"type": "LineString", "coordinates": [[-8.6398509, 41.127663], [-8.6399347, 41.12768689999999], [-8.6411409, 41.128039300000005], [-8.642527, 41.12870849999999], [-8.6426191, 41.1287536]]}, "properties": {"street_name": "Rua da Bélgica", "municipio": "Vila Novade Gaia", "count": 1, "top_infraction": "imbecis", "first_year": "2025", "last_year": "2025", "type_breakdown": "{\"imbecis\": 1}", "monthly_breakdown": "{\"2025-01\": 1}"}}, {"type": "Feature", "geometry": {"type": "LineString", "coordinates": [[-8.6075779, 41.1344159], [-8.607606100000002, 41.1344974], [-8.6077853, 41.1350102]]}, "properties": {"street_name": "Avenida da República", "municipio": "Vila Novade Gaia", "count": 1, "top_infraction": "imbecis", "first_year": "2024", "last_year": "2024", "type_breakdown": "{\"imbecis\": 1}", "monthly_breakdown": "{\"2024-11\": 1}"}}, {"type": "Feature", "geometry": {"type": "LineString", "coordinates": [[-8.608175, 41.1363184], [-8.6081961, 41.1363852], [-8.6087864, 41.138245100000006]]}, "properties": {"street_name": "Avenida da República", "municipio": "Vila Novade Gaia", "count": 1, "top_infraction": "imbecis", "first_year": "2025", "last_year": "2025", "type_breakdown": "{\"imbecis\": 1}", "monthly_breakdown": "{\"2025-05\": 1}"}}, {"type": "Feature", "geometry": {"type": "LineString", "coordinates": [[-8.6123825, 41.1203618], [-8.6131058, 41.120419000000005]]}, "properties": {"street_name": "Rua Bartolomeu Dias", "municipio": "Vila Novade Gaia", "count": 1, "top_infraction": "imbecis", "first_year": "2024", "last_year": "2024", "type_breakdown": "{\"imbecis\": 1}", "monthly_breakdown": "{\"2024-10\": 1}"}}, {"type": "Feature", "geometry": {"type": "LineString", "coordinates": [[-8.6062524, 41.13026649999999], [-8.6062833, 41.1303534], [-8.6064666, 41.130873599999994], [-8.6065046, 41.130986400000005], [-8.6066943, 41.131587399999994], [-8.6068794, 41.1322186], [-8.6068933, 41.13227099999998], [-8.6069257, 41.132373400000006]]}, "properties": {"street_name": "Avenida da República", "municipio": "Vila Novade Gaia", "count": 1, "top_infraction": "imbecis", "first_year": "2024", "last_year": "2024", "type_breakdown": "{\"imbecis\": 1}", "monthly_breakdown": "{\"2024-10\": 1}"}}, {"type": "Feature", "geometry": {"type": "LineString", "coordinates": [[-8.6229915, 41.1560784], [-8.6231137, 41.156088199999985], [-8.6232045, 41.1560877], [-8.6232811, 41.1560795], [-8.6233849, 41.1560564], [-8.6234414, 41.156037], [-8.6235008, 41.1560101], [-8.623560200000002, 41.1559783], [-8.6236172, 41.1559368], [-8.623646, 41.155911399999994], [-8.6236835, 41.155873], [-8.6237098, 41.1558401], [-8.6237354, 41.1557993], [-8.6237342, 41.1557729], [-8.623733200000002, 41.1557555], [-8.6237146, 41.1557287], [-8.6236855, 41.1557079], [-8.6236466, 41.1556922], [-8.6235851, 41.155671000000005]]}, "properties": {"street_name": "Praça de Pedro Nunes", "municipio": "Porto", "count": 2, "top_infraction": "imbecis", "first_year": "2025", "last_year": "2025", "type_breakdown": "{\"imbecis\": 2}", "monthly_breakdown": "{\"2025-02\": 2}"}}, {"type": "Feature", "geometry": {"type": "LineString", "coordinates": [[-8.6077853, 41.1350102], [-8.607809, 41.1350894], [-8.6078788, 41.135322699999996], [-8.6079438, 41.135525300000005], [-8.6079566, 41.1355655], [-8.6079695, 41.13560559999999], [-8.6080103, 41.13573679999999]]}, "properties": {"street_name": "Avenida da República", "municipio": "Vila Novade Gaia", "count": 1, "top_infraction": "imbecis", "first_year": "2025", "last_year": "2025", "type_breakdown": "{\"imbecis\": 1}", "monthly_breakdown": "{\"2025-05\": 1}"}}, {"type": "Feature", "geometry": {"type": "LineString", "coordinates": [[-8.6055075, 41.126550300000005], [-8.6055282, 41.1265886], [-8.6055404, 41.12662819999999], [-8.605545800000002, 41.12666759999999], [-8.605547700000002, 41.12670189999999], [-8.6055087, 41.12725919999999], [-8.6054949, 41.1275184], [-8.6055034, 41.12765550000001], [-8.60551, 41.1277415]]}, "properties": {"street_name": "Avenida da República", "municipio": "Vila Novade Gaia", "count": 1, "top_infraction": "imbecis", "first_year": "2025", "last_year": "2025", "type_breakdown": "{\"imbecis\": 1}", "monthly_breakdown": "{\"2025-09\": 1}"}}, {"type": "Feature", "geometry": {"type": "LineString", "coordinates": [[-8.6058989, 41.12912209999998], [-8.6057931, 41.1291427], [-8.6054994, 41.1291735], [-8.6054491, 41.1291736]]}, "properties": {"street_name": "Rua das Camélias", "municipio": "Vila Novade Gaia", "count": 1, "top_infraction": "imbecis", "first_year": "2025", "last_year": "2025", "type_breakdown": "{\"imbecis\": 1}", "monthly_breakdown": "{\"2025-06\": 1}"}}, {"type": "Feature", "geometry": {"type": "LineString", "coordinates": [[-8.6083159, 41.1361261], [-8.6082247, 41.135839700000005], [-8.608198, 41.13575600000001]]}, "properties": {"street_name": "Avenida da República", "municipio": "Vila Novade Gaia", "count": 1, "top_infraction": "imbecis", "first_year": "2025", "last_year": "2025", "type_breakdown": "{\"imbecis\": 1}", "monthly_breakdown": "{\"2025-05\": 1}"}}, {"type": "Feature", "geometry": {"type": "LineString", "coordinates": [[-8.6109648, 41.1268732], [-8.6109047, 41.1269278], [-8.6102646, 41.1276799], [-8.6098957, 41.12811330000001], [-8.6098219, 41.12819410000001]]}, "properties": {"street_name": "Rua Doutor Francisco Sá Carneiro", "municipio": "Vila Novade Gaia", "count": 2, "top_infraction": "imbecis", "first_year": "2024", "last_year": "2025", "type_breakdown": "{\"imbecis\": 2}", "monthly_breakdown": "{\"2024-11\": 1, \"2025-07\": 1}"}}, {"type": "Feature", "geometry": {"type": "LineString", "coordinates": [[-8.667453, 41.131159], [-8.667411, 41.13105710000001], [-8.6671128, 41.130338800000004]]}, "properties": {"street_name": "Rua de Jorge Dias", "municipio": "Vila Novade Gaia", "count": 2, "top_infraction": "imbecis", "first_year": "2025", "last_year": "2025", "type_breakdown": "{\"imbecis\": 2}", "monthly_breakdown": "{\"2025-06\": 1, \"2025-02\": 1}"}}, {"type": "Feature", "geometry": {"type": "LineString", "coordinates": [[-8.6360771, 41.141612599999995], [-8.6359903, 41.141448999999994], [-8.635615200000002, 41.141567699999996]]}, "properties": {"street_name": null, "municipio": "Vila Novade Gaia", "count": 1, "top_infraction": "imbecis", "first_year": "2025", "last_year": "2025", "type_breakdown": "{\"imbecis\": 1}", "monthly_breakdown": "{\"2025-02\": 1}"}}, {"type": "Feature", "geometry": {"type": "LineString", "coordinates": [[-8.6140793, 41.12143439999999], [-8.6134284, 41.121679499999985]]}, "properties": {"street_name": "Avenida Nuno Álvares", "municipio": "Vila Novade Gaia", "count": 1, "top_infraction": "imbecis", "first_year": "2024", "last_year": "2024", "type_breakdown": "{\"imbecis\": 1}", "monthly_breakdown": "{\"2024-11\": 1}"}}, {"type": "Feature", "geometry": {"type": "LineString", "coordinates": [[-8.6383472, 41.138335999999995], [-8.6380432, 41.1386596]]}, "properties": {"street_name": null, "municipio": "Vila Novade Gaia", "count": 1, "top_infraction": "imbecis", "first_year": "2024", "last_year": "2024", "type_breakdown": "{\"imbecis\": 1}", "monthly_breakdown": "{\"2024-04\": 1}"}}, {"type": "Feature", "geometry": {"type": "LineString", "coordinates": [[-8.6671128, 41.130338800000004], [-8.6676724, 41.13019719999999], [-8.6677851, 41.130478000000004]]}, "properties": {"street_name": null, "municipio": "Vila Novade Gaia", "count": 1, "top_infraction": "imbecis", "first_year": "2025", "last_year": "2025", "type_breakdown": "{\"imbecis\": 1}", "monthly_breakdown": "{\"2025-03\": 1}"}}, {"type": "Feature", "geometry": {"type": "LineString", "coordinates": [[-8.6299249, 41.170054399999984], [-8.6298931, 41.17006800000001], [-8.6298519, 41.17007950000001], [-8.629806, 41.170086000000005], [-8.6297588, 41.17008649999999], [-8.6289346, 41.1698817], [-8.6286661, 41.1698179]]}, "properties": {"street_name": "Rua Sarmento de Beires", "municipio": "Porto", "count": 1, "top_infraction": "imbecis", "first_year": "2024", "last_year": "2024", "type_breakdown": "{\"imbecis\": 1}", "monthly_breakdown": "{\"2024-12\": 1}"}}, {"type": "Feature", "geometry": {"type": "LineString", "coordinates": [[-8.6257936, 41.1699205], [-8.6258917, 41.16991049999999], [-8.6266865, 41.1698079], [-8.6268736, 41.169785800000014], [-8.6270677, 41.1697542]]}, "properties": {"street_name": "Rua Sarmento de Beires", "municipio": "Porto", "count": 19, "top_infraction": "imbecis", "first_year": "2024", "last_year": "2025", "type_breakdown": "{\"imbecis\": 19}", "monthly_breakdown": "{\"2024-08\": 5, \"2024-09\": 4, \"2025-02\": 1, \"2024-10\": 1, \"2025-06\": 2, \"2024-12\": 2, \"2025-03\": 3, \"2025-04\": 1}"}}, {"type": "Feature", "geometry": {"type": "LineString", "coordinates": [[-8.6276365, 41.169644299999995], [-8.6277496, 41.169641], [-8.628022300000001, 41.16966809999999], [-8.6281772, 41.169693800000005], [-8.6283228, 41.1697311], [-8.6286661, 41.1698179]]}, "properties": {"street_name": "Rua Sarmento de Beires", "municipio": "Porto", "count": 1, "top_infraction": "imbecis", "first_year": "2024", "last_year": "2024", "type_breakdown": "{\"imbecis\": 1}", "monthly_breakdown": "{\"2024-09\": 1}"}}, {"type": "Feature", "geometry": {"type": "LineString", "coordinates": [[-8.690736, 41.18522209999999], [-8.690550700000001, 41.1850691], [-8.6905, 41.18502969999999]]}, "properties": {"street_name": "Rua de Álvaro de Castelões", "municipio": "Matosinhos", "count": 1, "top_infraction": "imbecis", "first_year": "2025", "last_year": "2025", "type_breakdown": "{\"imbecis\": 1}", "monthly_breakdown": "{\"2025-10\": 1}"}}, {"type": "Feature", "geometry": {"type": "LineString", "coordinates": [[-8.6909572, 41.1854086], [-8.690736, 41.18522209999999]]}, "properties": {"street_name": "Rua de Álvaro de Castelões", "municipio": "Matosinhos", "count": 1, "top_infraction": "imbecis", "first_year": "2025", "last_year": "2025", "type_breakdown": "{\"imbecis\": 1}", "monthly_breakdown": "{\"2025-11\": 1}"}}, {"type": "Feature", "geometry": {"type": "LineString", "coordinates": [[-8.6276843, 41.16629029999999], [-8.6286767, 41.16598239999998], [-8.6299878, 41.16540519999999]]}, "properties": {"street_name": "Rua de Pedro Hispano", "municipio": "Porto", "count": 3, "top_infraction": "imbecis", "first_year": "2026", "last_year": "2026", "type_breakdown": "{\"imbecis\": 3}", "monthly_breakdown": "{\"2026-04\": 1, \"2026-01\": 1, \"2026-02\": 1}"}}, {"type": "Feature", "geometry": {"type": "LineString", "coordinates": [[-8.6282335, 41.1648501], [-8.6294717, 41.16500709999999], [-8.6295651, 41.165018499999995]]}, "properties": {"street_name": "Rua da Constituição", "municipio": "Porto", "count": 1, "top_infraction": "imbecis", "first_year": "2026", "last_year": "2026", "type_breakdown": "{\"imbecis\": 1}", "monthly_breakdown": "{\"2026-01\": 1}"}}, {"type": "Feature", "geometry": {"type": "LineString", "coordinates": [[-8.6277873, 41.1647931], [-8.6281449, 41.16483879999999], [-8.6282335, 41.1648501]]}, "properties": {"street_name": "Rua da Constituição", "municipio": "Porto", "count": 1, "top_infraction": "imbecis", "first_year": "2026", "last_year": "2026", "type_breakdown": "{\"imbecis\": 1}", "monthly_breakdown": "{\"2026-01\": 1}"}}, {"type": "Feature", "geometry": {"type": "LineString", "coordinates": [[-8.6956988, 41.194196799999986], [-8.6957358, 41.19416759999999], [-8.6958047, 41.19411300000001], [-8.6961258, 41.193900199999995], [-8.6961534, 41.1938819], [-8.6961706, 41.1938669], [-8.6962076, 41.19384700000001], [-8.6962564, 41.19383799999999], [-8.6963703, 41.1938289]]}, "properties": {"street_name": "Rua Direita", "municipio": "Matosinhos", "count": 1, "top_infraction": "imbecis", "first_year": "2025", "last_year": "2025", "type_breakdown": "{\"imbecis\": 1}", "monthly_breakdown": "{\"2025-06\": 1}"}}, {"type": "Feature", "geometry": {"type": "LineString", "coordinates": [[-8.6956988, 41.194196799999986], [-8.6956585, 41.1943472], [-8.6956103, 41.1946257], [-8.6955285, 41.19500810000001], [-8.6955103, 41.1951636]]}, "properties": {"street_name": "Rua Direita", "municipio": "Matosinhos", "count": 3, "top_infraction": "imbecis", "first_year": "2025", "last_year": "2025", "type_breakdown": "{\"imbecis\": 3}", "monthly_breakdown": "{\"2025-06\": 3}"}}, {"type": "Feature", "geometry": {"type": "LineString", "coordinates": [[-8.6953837, 41.199647999999996], [-8.6950753, 41.19971369999999], [-8.6943051, 41.199865900000006]]}, "properties": {"street_name": "Rua Nova das Icas", "municipio": "Matosinhos", "count": 1, "top_infraction": "imbecis", "first_year": "2025", "last_year": "2025", "type_breakdown": "{\"imbecis\": 1}", "monthly_breakdown": "{\"2025-04\": 1}"}}, {"type": "Feature", "geometry": {"type": "LineString", "coordinates": [[-8.6264102, 41.1669453], [-8.6265699, 41.1669465], [-8.6271631, 41.166966099999996]]}, "properties": {"street_name": "Rua da Prelada", "municipio": "Porto", "count": 21, "top_infraction": "imbecis", "first_year": "2024", "last_year": "2026", "type_breakdown": "{\"imbecis\": 21}", "monthly_breakdown": "{\"2026-01\": 3, \"2025-02\": 2, \"2025-03\": 2, \"2025-10\": 1, \"2024-08\": 1, \"2025-01\": 2, \"2025-08\": 2, \"2025-04\": 2, \"2025-12\": 1, \"2025-05\": 1, \"2025-07\": 1, \"2025-09\": 1, \"2024-12\": 1, \"2024-06\": 1}"}}, {"type": "Feature", "geometry": {"type": "LineString", "coordinates": [[-8.6264102, 41.1669453], [-8.6263641, 41.1670746], [-8.6263888, 41.167321199999996], [-8.6265369, 41.167814], [-8.6266609, 41.16828960000001]]}, "properties": {"street_name": "Avenida Conselho da Europa", "municipio": "Porto", "count": 5, "top_infraction": "imbecis", "first_year": "2024", "last_year": "2025", "type_breakdown": "{\"imbecis\": 5}", "monthly_breakdown": "{\"2024-09\": 3, \"2025-04\": 1, \"2025-03\": 1}"}}, {"type": "Feature", "geometry": {"type": "LineString", "coordinates": [[-8.6175761, 41.1467313], [-8.6175121, 41.14690629999998], [-8.6175066, 41.146929199999995]]}, "properties": {"street_name": null, "municipio": "Porto", "count": 1, "top_infraction": "imbecis", "first_year": "2025", "last_year": "2025", "type_breakdown": "{\"imbecis\": 1}", "monthly_breakdown": "{\"2025-11\": 1}"}}, {"type": "Feature", "geometry": {"type": "LineString", "coordinates": [[-8.6922703, 41.186805099999994], [-8.6922715, 41.18676789999999], [-8.6922818, 41.1867319], [-8.6922931, 41.1867106], [-8.6923115, 41.186675199999996]]}, "properties": {"street_name": "Rua Conde de São Salvador", "municipio": "Matosinhos", "count": 1, "top_infraction": "imbecis", "first_year": "2025", "last_year": "2025", "type_breakdown": "{\"imbecis\": 1}", "monthly_breakdown": "{\"2025-11\": 1}"}}, {"type": "Feature", "geometry": {"type": "LineString", "coordinates": [[-8.6357116, 41.1590557], [-8.6360102, 41.15910339999999], [-8.6362006, 41.15913789999999], [-8.6365723, 41.1592254], [-8.6369454, 41.1592892]]}, "properties": {"street_name": "Avenida da Boavista", "municipio": "Porto", "count": 1, "top_infraction": "imbecis", "first_year": "2026", "last_year": "2026", "type_breakdown": "{\"imbecis\": 1}", "monthly_breakdown": "{\"2026-02\": 1}"}}, {"type": "Feature", "geometry": {"type": "LineString", "coordinates": [[-8.6900542, 41.182500899999994], [-8.6909594, 41.183408299999996], [-8.6909953, 41.18344200000001]]}, "properties": {"street_name": "Rua de Brito Capelo", "municipio": "Matosinhos", "count": 1, "top_infraction": "imbecis", "first_year": "2024", "last_year": "2024", "type_breakdown": "{\"imbecis\": 1}", "monthly_breakdown": "{\"2024-10\": 1}"}}, {"type": "Feature", "geometry": {"type": "LineString", "coordinates": [[-8.6355304, 41.16307150000001], [-8.6368092, 41.1634619], [-8.6369159, 41.16352139999999], [-8.6371589, 41.163747], [-8.6371831, 41.16377080000001], [-8.6372059, 41.16379330000001]]}, "properties": {"street_name": "Rua João Araújo Correia", "municipio": "Porto", "count": 3, "top_infraction": "imbecis", "first_year": "2024", "last_year": "2024", "type_breakdown": "{\"imbecis\": 3}", "monthly_breakdown": "{\"2024-04\": 1, \"2024-10\": 2}"}}, {"type": "Feature", "geometry": {"type": "LineString", "coordinates": [[-8.6265399, 41.1543758], [-8.6265664, 41.1543911], [-8.6266032, 41.1544123], [-8.6267428, 41.1544927]]}, "properties": {"street_name": "Rua do Padre Cruz", "municipio": "Porto", "count": 1, "top_infraction": "imbecis", "first_year": "2024", "last_year": "2024", "type_breakdown": "{\"imbecis\": 1}", "monthly_breakdown": "{\"2024-07\": 1}"}}, {"type": "Feature", "geometry": {"type": "LineString", "coordinates": [[-8.6597743, 41.108919799999995], [-8.6595547, 41.1078223]]}, "properties": {"street_name": "Rua Colégio dos Orfãos", "municipio": "Vila Novade Gaia", "count": 2, "top_infraction": "imbecis", "first_year": "2024", "last_year": "2024", "type_breakdown": "{\"imbecis\": 2}", "monthly_breakdown": "{\"2024-10\": 2}"}}, {"type": "Feature", "geometry": {"type": "LineString", "coordinates": [[-8.6406313, 41.159791699999985], [-8.6406504, 41.15973350000001], [-8.6408271, 41.159133999999995], [-8.6409629, 41.1586844]]}, "properties": {"street_name": "Rua de António Cardoso", "municipio": "Porto", "count": 1, "top_infraction": "imbecis", "first_year": "2025", "last_year": "2025", "type_breakdown": "{\"imbecis\": 1}", "monthly_breakdown": "{\"2025-04\": 1}"}}, {"type": "Feature", "geometry": {"type": "LineString", "coordinates": [[-8.6369569, 41.1591519], [-8.6365964, 41.159093899999995], [-8.6363004, 41.15906629999999]]}, "properties": {"street_name": "Avenida da Boavista", "municipio": "Porto", "count": 1, "top_infraction": "imbecis", "first_year": "2025", "last_year": "2025", "type_breakdown": "{\"imbecis\": 1}", "monthly_breakdown": "{\"2025-05\": 1}"}}, {"type": "Feature", "geometry": {"type": "LineString", "coordinates": [[-8.6438728, 41.16042199999999], [-8.6440896, 41.16046229999999], [-8.644319, 41.160500199999994]]}, "properties": {"street_name": "Avenida da Boavista", "municipio": "Porto", "count": 1, "top_infraction": "imbecis", "first_year": "2025", "last_year": "2025", "type_breakdown": "{\"imbecis\": 1}", "monthly_breakdown": "{\"2025-01\": 1}"}}, {"type": "Feature", "geometry": {"type": "LineString", "coordinates": [[-8.6063691, 41.14992], [-8.6064056, 41.149843], [-8.6067127, 41.149240199999994], [-8.6070391, 41.148615], [-8.6070569, 41.14858370000001], [-8.6070875, 41.14852989999999]]}, "properties": {"street_name": "Rua de Alexandre Braga", "municipio": "Porto", "count": 1, "top_infraction": "imbecis", "first_year": "2024", "last_year": "2024", "type_breakdown": "{\"imbecis\": 1}", "monthly_breakdown": "{\"2024-09\": 1}"}}, {"type": "Feature", "geometry": {"type": "LineString", "coordinates": [[-8.6070875, 41.14852989999999], [-8.6064267, 41.14834450000001], [-8.6063934, 41.1483352], [-8.6063294, 41.1483178]]}, "properties": {"street_name": "Rua Formosa", "municipio": "Porto", "count": 1, "top_infraction": "imbecis", "first_year": "2024", "last_year": "2024", "type_breakdown": "{\"imbecis\": 1}", "monthly_breakdown": "{\"2024-09\": 1}"}}, {"type": "Feature", "geometry": {"type": "LineString", "coordinates": [[-8.6545877, 41.1865317], [-8.654497, 41.18651429999999], [-8.6544895, 41.18651289999999], [-8.6543937, 41.18648890000001], [-8.6543358, 41.1864669], [-8.654255800000001, 41.1864212]]}, "properties": {"street_name": null, "municipio": "Matosinhos", "count": 1, "top_infraction": "imbecis", "first_year": "2025", "last_year": "2025", "type_breakdown": "{\"imbecis\": 1}", "monthly_breakdown": "{\"2025-02\": 1}"}}, {"type": "Feature", "geometry": {"type": "LineString", "coordinates": [[-8.6129898, 41.1482679], [-8.6129898, 41.14829699999999], [-8.6129903, 41.1483544], [-8.6129889, 41.148894], [-8.6129835, 41.14983139999999], [-8.6129873, 41.14992529999999], [-8.6129916, 41.15002950000001]]}, "properties": {"street_name": "['Rua da Picaria', 'Largo de Mompilher']", "municipio": "Porto", "count": 1, "top_infraction": "imbecis", "first_year": "2024", "last_year": "2024", "type_breakdown": "{\"imbecis\": 1}", "monthly_breakdown": "{\"2024-07\": 1}"}}, {"type": "Feature", "geometry": {"type": "LineString", "coordinates": [[-8.6423819, 41.171942900000005], [-8.6434014, 41.171234000000005]]}, "properties": {"street_name": null, "municipio": "Porto", "count": 1, "top_infraction": "imbecis", "first_year": "2025", "last_year": "2025", "type_breakdown": "{\"imbecis\": 1}", "monthly_breakdown": "{\"2025-04\": 1}"}}, {"type": "Feature", "geometry": {"type": "LineString", "coordinates": [[-8.6244855, 41.15317180000001], [-8.6254273, 41.15373459999999]]}, "properties": {"street_name": "Rua do Padre Cruz", "municipio": "Porto", "count": 3, "top_infraction": "imbecis", "first_year": "2024", "last_year": "2025", "type_breakdown": "{\"imbecis\": 3}", "monthly_breakdown": "{\"2025-03\": 1, \"2024-11\": 1, \"2025-05\": 1}"}}, {"type": "Feature", "geometry": {"type": "LineString", "coordinates": [[-8.6994631, 41.190112799999994], [-8.6986833, 41.19023289999999], [-8.6986538, 41.1902062]]}, "properties": {"street_name": null, "municipio": "Matosinhos", "count": 2, "top_infraction": "imbecis", "first_year": "2025", "last_year": "2026", "type_breakdown": "{\"imbecis\": 2}", "monthly_breakdown": "{\"2025-11\": 1, \"2026-03\": 1}"}}, {"type": "Feature", "geometry": {"type": "LineString", "coordinates": [[-8.6977838, 41.19110270000001], [-8.6978863, 41.19088500000001], [-8.6979209, 41.19075509999999], [-8.697945, 41.1906643]]}, "properties": {"street_name": "Rua Direita", "municipio": "Matosinhos", "count": 1, "top_infraction": "imbecis", "first_year": "2025", "last_year": "2025", "type_breakdown": "{\"imbecis\": 1}", "monthly_breakdown": "{\"2025-10\": 1}"}}, {"type": "Feature", "geometry": {"type": "LineString", "coordinates": [[-8.6966033, 41.192641900000005], [-8.6966827, 41.19258139999999], [-8.6968913, 41.192255]]}, "properties": {"street_name": "Rua Direita", "municipio": "Matosinhos", "count": 1, "top_infraction": "imbecis", "first_year": "2025", "last_year": "2025", "type_breakdown": "{\"imbecis\": 1}", "monthly_breakdown": "{\"2025-10\": 1}"}}, {"type": "Feature", "geometry": {"type": "LineString", "coordinates": [[-8.6299981, 41.155454999999996], [-8.6298903, 41.15552629999999], [-8.6297821, 41.15555500000001], [-8.62966, 41.15554869999999], [-8.6295076, 41.155484400000006]]}, "properties": {"street_name": "Praça do Bom Sucesso", "municipio": "Porto", "count": 1, "top_infraction": "imbecis", "first_year": "2024", "last_year": "2024", "type_breakdown": "{\"imbecis\": 1}", "monthly_breakdown": "{\"2024-10\": 1}"}}, {"type": "Feature", "geometry": {"type": "LineString", "coordinates": [[-8.6250816, 41.1770703], [-8.6248227, 41.177427399999985]]}, "properties": {"street_name": "Rua de Santa Luzia", "municipio": "Porto", "count": 1, "top_infraction": "imbecis", "first_year": "2024", "last_year": "2024", "type_breakdown": "{\"imbecis\": 1}", "monthly_breakdown": "{\"2024-10\": 1}"}}, {"type": "Feature", "geometry": {"type": "LineString", "coordinates": [[-8.6270677, 41.1697542], [-8.6275622, 41.16964879999999]]}, "properties": {"street_name": "Rua Sarmento de Beires", "municipio": "Porto", "count": 1, "top_infraction": "imbecis", "first_year": "2025", "last_year": "2025", "type_breakdown": "{\"imbecis\": 1}", "monthly_breakdown": "{\"2025-03\": 1}"}}, {"type": "Feature", "geometry": {"type": "LineString", "coordinates": [[-8.6270677, 41.1697542], [-8.6270998, 41.1696361], [-8.6269576, 41.1690776], [-8.6269307, 41.16897459999999], [-8.6268239, 41.16856479999999]]}, "properties": {"street_name": "Avenida Conselho da Europa", "municipio": "Porto", "count": 4, "top_infraction": "imbecis", "first_year": "2024", "last_year": "2025", "type_breakdown": "{\"imbecis\": 4}", "monthly_breakdown": "{\"2025-03\": 1, \"2024-12\": 1, \"2024-07\": 1, \"2025-08\": 1}"}}, {"type": "Feature", "geometry": {"type": "LineString", "coordinates": [[-8.6270677, 41.1697542], [-8.6270633, 41.16985739999999], [-8.6270691, 41.169885300000004], [-8.6271696, 41.1703139], [-8.6274173, 41.1713652]]}, "properties": {"street_name": "Rua de João Andresen", "municipio": "Porto", "count": 12, "top_infraction": "imbecis", "first_year": "2024", "last_year": "2025", "type_breakdown": "{\"imbecis\": 12}", "monthly_breakdown": "{\"2024-08\": 1, \"2025-02\": 1, \"2025-01\": 2, \"2024-09\": 2, \"2025-04\": 2, \"2025-03\": 2, \"2024-10\": 1, \"2025-07\": 1}"}}, {"type": "Feature", "geometry": {"type": "LineString", "coordinates": [[-8.6178874, 41.14718429999999], [-8.6180789, 41.14794299999999], [-8.6181055, 41.1480508], [-8.6181082, 41.1480666]]}, "properties": {"street_name": "Rua Professor Vicente José de Carvalho", "municipio": "Porto", "count": 1, "top_infraction": "imbecis", "first_year": "2025", "last_year": "2025", "type_breakdown": "{\"imbecis\": 1}", "monthly_breakdown": "{\"2025-03\": 1}"}}, {"type": "Feature", "geometry": {"type": "LineString", "coordinates": [[-8.626693, 41.178825800000006], [-8.6262955, 41.1780927], [-8.6261197, 41.1777787], [-8.6261131, 41.177697], [-8.626153, 41.17763850000001], [-8.6262151, 41.177616499999985], [-8.6264482, 41.17755640000001], [-8.6268915, 41.1774422]]}, "properties": {"street_name": "Rua do Professor Sousa Júnior", "municipio": "Porto", "count": 16, "top_infraction": "imbecis", "first_year": "2024", "last_year": "2025", "type_breakdown": "{\"imbecis\": 16}", "monthly_breakdown": "{\"2025-03\": 6, \"2024-08\": 5, \"2024-09\": 5}"}}, {"type": "Feature", "geometry": {"type": "LineString", "coordinates": [[-8.6245669, 41.1777632], [-8.6246778, 41.177860499999994], [-8.6247385, 41.1779132], [-8.6248343, 41.17807320000001], [-8.6248786, 41.1780661], [-8.624916, 41.1780661], [-8.6249463, 41.178089], [-8.6250421, 41.1782964], [-8.6250701, 41.1784018], [-8.6250724, 41.17845979999999], [-8.6250864, 41.17850729999999], [-8.6251565, 41.17865839999999]]}, "properties": {"street_name": null, "municipio": "Porto", "count": 2, "top_infraction": "imbecis", "first_year": "2024", "last_year": "2024", "type_breakdown": "{\"imbecis\": 2}", "monthly_breakdown": "{\"2024-10\": 2}"}}, {"type": "Feature", "geometry": {"type": "LineString", "coordinates": [[-8.606566500000001, 41.130649399999996], [-8.606509, 41.130483999999996], [-8.6064863, 41.130359], [-8.6064808, 41.130318], [-8.6064445, 41.130182299999994]]}, "properties": {"street_name": "Avenida da República", "municipio": "Vila Novade Gaia", "count": 1, "top_infraction": "imbecis", "first_year": "2024", "last_year": "2024", "type_breakdown": "{\"imbecis\": 1}", "monthly_breakdown": "{\"2024-10\": 1}"}}, {"type": "Feature", "geometry": {"type": "LineString", "coordinates": [[-8.6307394, 41.19052810000001], [-8.6307817, 41.1905829], [-8.6310213, 41.190915], [-8.6312305, 41.1910522], [-8.6315737, 41.1912222], [-8.6318274, 41.1913479], [-8.6318639, 41.1913627], [-8.6319052, 41.1913794], [-8.6319355, 41.19138249999999], [-8.6319593, 41.19136670000001], [-8.6319845, 41.1913383], [-8.6320033, 41.19131719999999], [-8.6321208, 41.19117659999999], [-8.6321256, 41.19112169999999], [-8.6321185, 41.1910548], [-8.6319665, 41.1905012], [-8.631926, 41.1903465], [-8.6319124, 41.19029469999999]]}, "properties": {"street_name": "['Travessa de Elaine Sanceau', 'Rua Padre Manuel Bernardes']", "municipio": "Matosinhos", "count": 1, "top_infraction": "imbecis", "first_year": "2024", "last_year": "2024", "type_breakdown": "{\"imbecis\": 1}", "monthly_breakdown": "{\"2024-11\": 1}"}}, {"type": "Feature", "geometry": {"type": "LineString", "coordinates": [[-8.6358911, 41.190063300000006], [-8.635961, 41.19016019999999], [-8.635999500000002, 41.1902135], [-8.636113600000002, 41.1903417], [-8.6362307, 41.190463], [-8.6364356, 41.19065529999999]]}, "properties": {"street_name": "Rua dos Fogueteiros", "municipio": "Matosinhos", "count": 1, "top_infraction": "imbecis", "first_year": "2025", "last_year": "2025", "type_breakdown": "{\"imbecis\": 1}", "monthly_breakdown": "{\"2025-10\": 1}"}}, {"type": "Feature", "geometry": {"type": "LineString", "coordinates": [[-8.6356559, 41.19027940000001], [-8.635455, 41.190355200000006], [-8.6354177, 41.19036659999998], [-8.6353716, 41.19037409999999], [-8.635329, 41.190374899999995], [-8.6352899, 41.190373], [-8.6346512, 41.190352600000004], [-8.6340027, 41.19032300000001], [-8.6337287, 41.1903085], [-8.6336842, 41.19028899999999], [-8.6336611, 41.1902594], [-8.6336466, 41.190135899999994], [-8.6336358, 41.1900562]]}, "properties": {"street_name": "Travessa Xanana Gusmão", "municipio": "Matosinhos", "count": 1, "top_infraction": "imbecis", "first_year": "2025", "last_year": "2025", "type_breakdown": "{\"imbecis\": 1}", "monthly_breakdown": "{\"2025-06\": 1}"}}, {"type": "Feature", "geometry": {"type": "LineString", "coordinates": [[-8.6376265, 41.191744199999995], [-8.6375493, 41.1916534], [-8.6375188, 41.1916161], [-8.6374527, 41.191535199999976], [-8.6372377, 41.1913408], [-8.6370558, 41.1911774]]}, "properties": {"street_name": "Rua dos Fogueteiros", "municipio": "Matosinhos", "count": 14, "top_infraction": "imbecis", "first_year": "2025", "last_year": "2025", "type_breakdown": "{\"imbecis\": 14}", "monthly_breakdown": "{\"2025-05\": 13, \"2025-06\": 1}"}}, {"type": "Feature", "geometry": {"type": "LineString", "coordinates": [[-8.6376265, 41.191744199999995], [-8.6374645, 41.191769099999995], [-8.6373768, 41.1917826]]}, "properties": {"street_name": "Rua de São Gens", "municipio": "Matosinhos", "count": 1, "top_infraction": "imbecis", "first_year": "2025", "last_year": "2025", "type_breakdown": "{\"imbecis\": 1}", "monthly_breakdown": "{\"2025-05\": 1}"}}, {"type": "Feature", "geometry": {"type": "LineString", "coordinates": [[-8.6153354, 41.147225399999996], [-8.615902600000002, 41.14729259999999], [-8.615935000000002, 41.14729539999999], [-8.6159723, 41.14729539999999], [-8.6160532, 41.1472758]]}, "properties": {"street_name": "Praça de Gomes Teixeira", "municipio": "Porto", "count": 2, "top_infraction": "imbecis", "first_year": "2024", "last_year": "2025", "type_breakdown": "{\"imbecis\": 2}", "monthly_breakdown": "{\"2025-03\": 1, \"2024-08\": 1}"}}, {"type": "Feature", "geometry": {"type": "LineString", "coordinates": [[-8.614505500000002, 41.14786509999999], [-8.6145473, 41.1478776], [-8.6145829, 41.1478882], [-8.6148905, 41.1479799], [-8.6151412, 41.14800859999998], [-8.6151747, 41.148012399999985]]}, "properties": {"street_name": "Rua Actor João Guedes", "municipio": "Porto", "count": 1, "top_infraction": "imbecis", "first_year": "2025", "last_year": "2025", "type_breakdown": "{\"imbecis\": 1}", "monthly_breakdown": "{\"2025-01\": 1}"}}, {"type": "Feature", "geometry": {"type": "LineString", "coordinates": [[-8.6095747, 41.14845789999999], [-8.609751300000001, 41.148651799999996], [-8.6098624, 41.1487354]]}, "properties": {"street_name": null, "municipio": "Porto", "count": 4, "top_infraction": "imbecis", "first_year": "2024", "last_year": "2024", "type_breakdown": "{\"imbecis\": 4}", "monthly_breakdown": "{\"2024-09\": 4}"}}, {"type": "Feature", "geometry": {"type": "LineString", "coordinates": [[-8.6498971, 41.153206100000006], [-8.6499476, 41.1531185], [-8.6499853, 41.1530432]]}, "properties": {"street_name": "Rua António José de Almeida", "municipio": "Porto", "count": 1, "top_infraction": "imbecis", "first_year": "2024", "last_year": "2024", "type_breakdown": "{\"imbecis\": 1}", "monthly_breakdown": "{\"2024-05\": 1}"}}, {"type": "Feature", "geometry": {"type": "LineString", "coordinates": [[-8.613537, 41.1553245], [-8.6162255, 41.15578179999999], [-8.6162615, 41.1557879], [-8.6172478, 41.15595290000001], [-8.6173902, 41.15597699999999], [-8.617711200000002, 41.15603010000001]]}, "properties": {"street_name": "Rua da Boavista", "municipio": "Porto", "count": 1, "top_infraction": "imbecis", "first_year": "2025", "last_year": "2025", "type_breakdown": "{\"imbecis\": 1}", "monthly_breakdown": "{\"2025-06\": 1}"}}, {"type": "Feature", "geometry": {"type": "LineString", "coordinates": [[-8.6350536, 41.16293829999999], [-8.6350926, 41.162977399999995]]}, "properties": {"street_name": null, "municipio": "Porto", "count": 1, "top_infraction": "imbecis", "first_year": "2025", "last_year": "2025", "type_breakdown": "{\"imbecis\": 1}", "monthly_breakdown": "{\"2025-04\": 1}"}}, {"type": "Feature", "geometry": {"type": "LineString", "coordinates": [[-8.6256232, 41.166945299999995], [-8.6258919, 41.166926200000006], [-8.626159500000002, 41.16692570000001], [-8.626159500000002, 41.1669463]]}, "properties": {"street_name": null, "municipio": "Porto", "count": 1, "top_infraction": "imbecis", "first_year": "2024", "last_year": "2024", "type_breakdown": "{\"imbecis\": 1}", "monthly_breakdown": "{\"2024-06\": 1}"}}, {"type": "Feature", "geometry": {"type": "LineString", "coordinates": [[-8.627069800000001, 41.16765149999999], [-8.626680200000001, 41.167658], [-8.6265823, 41.1676596]]}, "properties": {"street_name": "Praceta Manuel Gonçalves Moreira", "municipio": "Porto", "count": 9, "top_infraction": "imbecis", "first_year": "2024", "last_year": "2025", "type_breakdown": "{\"imbecis\": 9}", "monthly_breakdown": "{\"2025-05\": 2, \"2024-08\": 1, \"2025-03\": 5, \"2025-06\": 1}"}}, {"type": "Feature", "geometry": {"type": "LineString", "coordinates": [[-8.6265823, 41.1676596], [-8.6264777, 41.1673116], [-8.6264714, 41.1670658], [-8.6264713, 41.1670631], [-8.6264102, 41.1669453]]}, "properties": {"street_name": "Avenida Conselho da Europa", "municipio": "Porto", "count": 11, "top_infraction": "imbecis", "first_year": "2024", "last_year": "2025", "type_breakdown": "{\"imbecis\": 11}", "monthly_breakdown": "{\"2025-05\": 2, \"2025-04\": 1, \"2025-03\": 4, \"2025-01\": 2, \"2024-08\": 1, \"2025-09\": 1}"}}, {"type": "Feature", "geometry": {"type": "LineString", "coordinates": [[-8.6862212, 41.1768127], [-8.6863605, 41.1768027], [-8.6870694, 41.1767515], [-8.6871669, 41.17674449999998]]}, "properties": {"street_name": "Rua Sousa Aroso", "municipio": "Matosinhos", "count": 1, "top_infraction": "imbecis", "first_year": "2025", "last_year": "2025", "type_breakdown": "{\"imbecis\": 1}", "monthly_breakdown": "{\"2025-03\": 1}"}}, {"type": "Feature", "geometry": {"type": "LineString", "coordinates": [[-8.6833008, 41.1770236], [-8.683185000000002, 41.177031899999996], [-8.6826577, 41.17706999999999]]}, "properties": {"street_name": "Rua Sousa Aroso", "municipio": "Matosinhos", "count": 1, "top_infraction": "imbecis", "first_year": "2024", "last_year": "2024", "type_breakdown": "{\"imbecis\": 1}", "monthly_breakdown": "{\"2024-07\": 1}"}}, {"type": "Feature", "geometry": {"type": "LineString", "coordinates": [[-8.6700496, 41.18072109999999], [-8.6696483, 41.180831999999995], [-8.6694344, 41.1808802], [-8.6691562, 41.180962799999996], [-8.6689069, 41.18106709999999], [-8.6686971, 41.18117169999999]]}, "properties": {"street_name": "['Travessa Fernando Pessoa', 'Rua Fernando Pessoa']", "municipio": "Matosinhos", "count": 1, "top_infraction": "imbecis", "first_year": "2025", "last_year": "2025", "type_breakdown": "{\"imbecis\": 1}", "monthly_breakdown": "{\"2025-12\": 1}"}}, {"type": "Feature", "geometry": {"type": "LineString", "coordinates": [[-8.6063407, 41.1356169], [-8.6063237, 41.1355401], [-8.6062113, 41.1349929], [-8.6061961, 41.134919]]}, "properties": {"street_name": "Rua dos Polacos", "municipio": "Vila Novade Gaia", "count": 2, "top_infraction": "imbecis", "first_year": "2024", "last_year": "2024", "type_breakdown": "{\"imbecis\": 2}", "monthly_breakdown": "{\"2024-12\": 1, \"2024-11\": 1}"}}, {"type": "Feature", "geometry": {"type": "LineString", "coordinates": [[-8.6327836, 41.1580612], [-8.6328171, 41.1581284], [-8.6329982, 41.15834290000001]]}, "properties": {"street_name": "Rua de Agramonte", "municipio": "Porto", "count": 1, "top_infraction": "imbecis", "first_year": "2025", "last_year": "2025", "type_breakdown": "{\"imbecis\": 1}", "monthly_breakdown": "{\"2025-01\": 1}"}}, {"type": "Feature", "geometry": {"type": "LineString", "coordinates": [[-8.6936217, 41.18698880000001], [-8.6937179, 41.187088299999985], [-8.6937379, 41.187121899999994], [-8.6937357, 41.1871516], [-8.6937262, 41.187179], [-8.6936942, 41.1872079], [-8.6936773, 41.1872165], [-8.6934266, 41.18734430000001], [-8.6930846, 41.1875187], [-8.693049, 41.187531400000005], [-8.6930005, 41.1875343], [-8.692965800000001, 41.18752469999999], [-8.6929348, 41.18750430000001], [-8.6929015, 41.18747539999999], [-8.6928873, 41.187463], [-8.6926702, 41.187221], [-8.6925217, 41.1870413], [-8.6924709, 41.1869871]]}, "properties": {"street_name": "Rua de Álvaro Castelões", "municipio": "Matosinhos", "count": 1, "top_infraction": "imbecis", "first_year": "2024", "last_year": "2024", "type_breakdown": "{\"imbecis\": 1}", "monthly_breakdown": "{\"2024-07\": 1}"}}, {"type": "Feature", "geometry": {"type": "LineString", "coordinates": [[-8.6544696, 41.18704629999999], [-8.6545666, 41.1870345], [-8.6547362, 41.187014399999995], [-8.6547705, 41.1870184], [-8.6548037, 41.187029900000006], [-8.6550993, 41.1871815], [-8.6551197, 41.18719980000001], [-8.6551376, 41.1872194], [-8.6551499, 41.187243300000006], [-8.6552076, 41.1874842], [-8.6552214, 41.18754930000001]]}, "properties": {"street_name": "Praceta Álvaro Cunhal", "municipio": "Matosinhos", "count": 1, "top_infraction": "imbecis", "first_year": "2025", "last_year": "2025", "type_breakdown": "{\"imbecis\": 1}", "monthly_breakdown": "{\"2025-01\": 1}"}}, {"type": "Feature", "geometry": {"type": "LineString", "coordinates": [[-8.6058958, 41.1296951], [-8.6059565, 41.12991459999999], [-8.6059229, 41.1299325]]}, "properties": {"street_name": null, "municipio": "Vila Novade Gaia", "count": 1, "top_infraction": "imbecis", "first_year": "2024", "last_year": "2024", "type_breakdown": "{\"imbecis\": 1}", "monthly_breakdown": "{\"2024-10\": 1}"}}, {"type": "Feature", "geometry": {"type": "LineString", "coordinates": [[-8.6222622, 41.11806729999999], [-8.6223235, 41.118193899999994], [-8.622695, 41.118088799999995], [-8.622888100000003, 41.118104999999986]]}, "properties": {"street_name": null, "municipio": "Vila Novade Gaia", "count": 1, "top_infraction": "imbecis", "first_year": "2024", "last_year": "2024", "type_breakdown": "{\"imbecis\": 1}", "monthly_breakdown": "{\"2024-11\": 1}"}}, {"type": "Feature", "geometry": {"type": "LineString", "coordinates": [[-8.657095, 41.18338599999999], [-8.6566993, 41.1834266], [-8.6567235, 41.1835468], [-8.6567672, 41.18366029999999], [-8.6568301, 41.183772999999995], [-8.6569206, 41.18387740000001], [-8.6572593, 41.184130100000004]]}, "properties": {"street_name": "Rua Vitorino Nemésio", "municipio": "Matosinhos", "count": 6, "top_infraction": "imbecis", "first_year": "2024", "last_year": "2025", "type_breakdown": "{\"imbecis\": 6}", "monthly_breakdown": "{\"2025-02\": 4, \"2024-12\": 1, \"2025-01\": 1}"}}, {"type": "Feature", "geometry": {"type": "LineString", "coordinates": [[-8.6568543, 41.1841931], [-8.6570056, 41.1843043]]}, "properties": {"street_name": null, "municipio": "Matosinhos", "count": 10, "top_infraction": "imbecis", "first_year": "2024", "last_year": "2025", "type_breakdown": "{\"imbecis\": 10}", "monthly_breakdown": "{\"2025-02\": 5, \"2024-11\": 3, \"2024-12\": 1, \"2025-01\": 1}"}}, {"type": "Feature", "geometry": {"type": "LineString", "coordinates": [[-8.6284286, 41.1607344], [-8.6280616, 41.16191], [-8.6280591, 41.16195249999999], [-8.6280794, 41.1620109], [-8.6280991, 41.1620526], [-8.6281492, 41.1620996], [-8.6282106, 41.162128499999994], [-8.6283768, 41.1621318]]}, "properties": {"street_name": "Rua General Norton de Matos", "municipio": "Porto", "count": 3, "top_infraction": "imbecis", "first_year": "2025", "last_year": "2025", "type_breakdown": "{\"imbecis\": 3}", "monthly_breakdown": "{\"2025-06\": 2, \"2025-10\": 1}"}}, {"type": "Feature", "geometry": {"type": "LineString", "coordinates": [[-8.6041955, 41.146136799999994], [-8.604049, 41.14615589999999], [-8.6036299, 41.14612109999999], [-8.6035947, 41.146123], [-8.6035732, 41.14612929999999], [-8.6035576, 41.14614569999999], [-8.6035403, 41.1462476], [-8.603549, 41.146286499999995], [-8.6036796, 41.14629389999999], [-8.6037955, 41.14630039999999], [-8.604129000000002, 41.14632879999999], [-8.6041355, 41.146286200000006], [-8.604149, 41.14619780000001], [-8.6036491, 41.1461577], [-8.6034535, 41.1461334], [-8.6033158, 41.146105299999995], [-8.603068500000001, 41.14614540000001], [-8.6029688, 41.14613739999999]]}, "properties": {"street_name": null, "municipio": "Porto", "count": 1, "top_infraction": "imbecis", "first_year": "2024", "last_year": "2024", "type_breakdown": "{\"imbecis\": 1}", "monthly_breakdown": "{\"2024-06\": 1}"}}, {"type": "Feature", "geometry": {"type": "LineString", "coordinates": [[-8.6071805, 41.1501006], [-8.6073101, 41.1501294], [-8.607675, 41.150210400000006], [-8.6077498, 41.150227099999995]]}, "properties": {"street_name": "Rua de Fernandes Tomás", "municipio": "Porto", "count": 1, "top_infraction": "imbecis", "first_year": "2024", "last_year": "2024", "type_breakdown": "{\"imbecis\": 1}", "monthly_breakdown": "{\"2024-07\": 1}"}}, {"type": "Feature", "geometry": {"type": "LineString", "coordinates": [[-8.6071805, 41.1501006], [-8.6071279, 41.150198599999996], [-8.6070946, 41.15026060000001], [-8.6068677, 41.150683300000004]]}, "properties": {"street_name": "Rua de Sá da Bandeira", "municipio": "Porto", "count": 1, "top_infraction": "imbecis", "first_year": "2025", "last_year": "2025", "type_breakdown": "{\"imbecis\": 1}", "monthly_breakdown": "{\"2025-04\": 1}"}}, {"type": "Feature", "geometry": {"type": "LineString", "coordinates": [[-8.6099753, 41.14396499999999], [-8.609922, 41.14399859999999], [-8.6093948, 41.1441802]]}, "properties": {"street_name": "Rua Chã", "municipio": "Porto", "count": 1, "top_infraction": "imbecis", "first_year": "2024", "last_year": "2024", "type_breakdown": "{\"imbecis\": 1}", "monthly_breakdown": "{\"2024-06\": 1}"}}, {"type": "Feature", "geometry": {"type": "LineString", "coordinates": [[-8.6321216, 41.16519159999999], [-8.6318528, 41.164745], [-8.6318317, 41.16471009999999], [-8.6317726, 41.16461189999998]]}, "properties": {"street_name": "Rua de Domingos Machado", "municipio": "Porto", "count": 1, "top_infraction": "imbecis", "first_year": "2024", "last_year": "2024", "type_breakdown": "{\"imbecis\": 1}", "monthly_breakdown": "{\"2024-08\": 1}"}}, {"type": "Feature", "geometry": {"type": "LineString", "coordinates": [[-8.6333265, 41.16394940000001], [-8.6333359, 41.1639263], [-8.6333293, 41.16390969999999], [-8.6331939, 41.1638204], [-8.6331487, 41.1638119], [-8.6330981, 41.1638175], [-8.6330398, 41.163843299999996]]}, "properties": {"street_name": "Rua de Pedro Hispano", "municipio": "Porto", "count": 2, "top_infraction": "imbecis", "first_year": "2025", "last_year": "2026", "type_breakdown": "{\"imbecis\": 2}", "monthly_breakdown": "{\"2026-01\": 1, \"2025-10\": 1}"}}, {"type": "Feature", "geometry": {"type": "LineString", "coordinates": [[-8.6152042, 41.1408257], [-8.6150335, 41.14088790000001], [-8.614736, 41.14099660000001], [-8.6145577, 41.1410561]]}, "properties": {"street_name": "Rua do Infante Dom Henrique", "municipio": "Porto", "count": 1, "top_infraction": "imbecis", "first_year": "2024", "last_year": "2024", "type_breakdown": "{\"imbecis\": 1}", "monthly_breakdown": "{\"2024-12\": 1}"}}, {"type": "Feature", "geometry": {"type": "LineString", "coordinates": [[-8.6303621, 41.16900429999999], [-8.6302918, 41.16897310000001], [-8.6285108, 41.1681928], [-8.628445200000002, 41.1681676]]}, "properties": {"street_name": "Rua do Castelo de Lanhoso", "municipio": "Porto", "count": 1, "top_infraction": "imbecis", "first_year": "2025", "last_year": "2025", "type_breakdown": "{\"imbecis\": 1}", "monthly_breakdown": "{\"2025-04\": 1}"}}, {"type": "Feature", "geometry": {"type": "LineString", "coordinates": [[-8.6421935, 41.1714943], [-8.6422367, 41.171642199999994]]}, "properties": {"street_name": "Rua Engenheiro Ferreira Dias", "municipio": "Porto", "count": 1, "top_infraction": "imbecis", "first_year": "2025", "last_year": "2025", "type_breakdown": "{\"imbecis\": 1}", "monthly_breakdown": "{\"2025-04\": 1}"}}, {"type": "Feature", "geometry": {"type": "LineString", "coordinates": [[-8.6595317, 41.18658809999999], [-8.6598084, 41.1866053]]}, "properties": {"street_name": "Rua da Barranha", "municipio": "Matosinhos", "count": 1, "top_infraction": "imbecis", "first_year": "2025", "last_year": "2025", "type_breakdown": "{\"imbecis\": 1}", "monthly_breakdown": "{\"2025-02\": 1}"}}, {"type": "Feature", "geometry": {"type": "LineString", "coordinates": [[-8.6595317, 41.18658809999999], [-8.6595217, 41.18667729999999], [-8.6595159, 41.18671640000001], [-8.6594079, 41.18751809999999], [-8.6593656, 41.1878851], [-8.659302200000003, 41.18837280000001]]}, "properties": {"street_name": "Rua Alfredo Espírito Santo Júnior", "municipio": "Matosinhos", "count": 2, "top_infraction": "imbecis", "first_year": "2024", "last_year": "2025", "type_breakdown": "{\"imbecis\": 2}", "monthly_breakdown": "{\"2024-11\": 1, \"2025-02\": 1}"}}, {"type": "Feature", "geometry": {"type": "LineString", "coordinates": [[-8.6051426, 41.1462464], [-8.6055313, 41.1461779], [-8.606213, 41.1460186], [-8.6064679, 41.145956399999996], [-8.606541599999998, 41.1459126], [-8.6071044, 41.1455787], [-8.6071417, 41.1455667], [-8.6071779, 41.1455687], [-8.6072235, 41.145579799999986], [-8.6072577, 41.14560920000001], [-8.6072698, 41.14563629999999], [-8.6072812, 41.1456651], [-8.6072865, 41.145678499999995]]}, "properties": {"street_name": "['Praça da Batalha', 'Rua de Santo Ildefonso']", "municipio": "Porto", "count": 44, "top_infraction": "imbecis", "first_year": "2024", "last_year": "2024", "type_breakdown": "{\"imbecis\": 44}", "monthly_breakdown": "{\"2024-08\": 44}"}}, {"type": "Feature", "geometry": {"type": "LineString", "coordinates": [[-8.6051426, 41.1462464], [-8.6050786, 41.14625949999999], [-8.6047731, 41.1463301], [-8.604498000000001, 41.146376]]}, "properties": {"street_name": "Rua de Santo Ildefonso", "municipio": "Porto", "count": 10, "top_infraction": "imbecis", "first_year": "2024", "last_year": "2024", "type_breakdown": "{\"imbecis\": 10}", "monthly_breakdown": "{\"2024-06\": 10}"}}, {"type": "Feature", "geometry": {"type": "LineString", "coordinates": [[-8.6609955, 41.18007379999999], [-8.6607122, 41.180040999999996], [-8.6604456, 41.18000919999999], [-8.6597813, 41.1798751]]}, "properties": {"street_name": "Rua Doutor Eduardo Torres", "municipio": "Matosinhos", "count": 1, "top_infraction": "imbecis", "first_year": "2026", "last_year": "2026", "type_breakdown": "{\"imbecis\": 1}", "monthly_breakdown": "{\"2026-01\": 1}"}}, {"type": "Feature", "geometry": {"type": "LineString", "coordinates": [[-8.6700183, 41.1778672], [-8.6699307, 41.17796489999999], [-8.669884100000003, 41.1780461], [-8.6698977, 41.1781154]]}, "properties": {"street_name": "Rua Bernardo Santareno", "municipio": "Matosinhos", "count": 5, "top_infraction": "imbecis", "first_year": "2025", "last_year": "2026", "type_breakdown": "{\"imbecis\": 5}", "monthly_breakdown": "{\"2026-01\": 1, \"2025-12\": 1, \"2026-04\": 3}"}}, {"type": "Feature", "geometry": {"type": "LineString", "coordinates": [[-8.6700183, 41.1778672], [-8.6700568, 41.1777874], [-8.6700448, 41.17767680000001], [-8.6700178, 41.17757279999999]]}, "properties": {"street_name": "Rua Bernardo Santareno", "municipio": "Matosinhos", "count": 1, "top_infraction": "imbecis", "first_year": "2025", "last_year": "2025", "type_breakdown": "{\"imbecis\": 1}", "monthly_breakdown": "{\"2025-12\": 1}"}}, {"type": "Feature", "geometry": {"type": "LineString", "coordinates": [[-8.6698977, 41.1781154], [-8.6698261, 41.17813189999999], [-8.6697722, 41.17815769999999], [-8.6697243, 41.178158399999994], [-8.6694318, 41.1781624]]}, "properties": {"street_name": "Travessa Bernardo Santareno", "municipio": "Matosinhos", "count": 1, "top_infraction": "imbecis", "first_year": "2025", "last_year": "2025", "type_breakdown": "{\"imbecis\": 1}", "monthly_breakdown": "{\"2025-12\": 1}"}}, {"type": "Feature", "geometry": {"type": "LineString", "coordinates": [[-8.6102434, 41.150606], [-8.610195, 41.15058199999999], [-8.6100614, 41.15051590000001], [-8.609533300000002, 41.1502543], [-8.6094771, 41.150226399999994], [-8.609446800000002, 41.150211799999994]]}, "properties": {"street_name": "Rua do Estêvão", "municipio": "Porto", "count": 1, "top_infraction": "imbecis", "first_year": "2025", "last_year": "2025", "type_breakdown": "{\"imbecis\": 1}", "monthly_breakdown": "{\"2025-05\": 1}"}}, {"type": "Feature", "geometry": {"type": "LineString", "coordinates": [[-8.6179218, 41.1560644], [-8.6179946, 41.1559945], [-8.6186902, 41.155497600000004], [-8.6187299, 41.1554648], [-8.6187805, 41.1554282], [-8.6188073, 41.155404399999995], [-8.6188291, 41.15537669999999], [-8.6188579, 41.1553358], [-8.618870500000002, 41.15529349999999], [-8.6189007, 41.15520179999999]]}, "properties": {"street_name": "Travessa da Figueirôa", "municipio": "Porto", "count": 1, "top_infraction": "imbecis", "first_year": "2025", "last_year": "2025", "type_breakdown": "{\"imbecis\": 1}", "monthly_breakdown": "{\"2025-06\": 1}"}}, {"type": "Feature", "geometry": {"type": "LineString", "coordinates": [[-8.6179218, 41.1560644], [-8.6191661, 41.15626619999999], [-8.6192131, 41.156274399999994], [-8.6193563, 41.1562994]]}, "properties": {"street_name": "Rua da Boavista", "municipio": "Porto", "count": 1, "top_infraction": "imbecis", "first_year": "2025", "last_year": "2025", "type_breakdown": "{\"imbecis\": 1}", "monthly_breakdown": "{\"2025-06\": 1}"}}, {"type": "Feature", "geometry": {"type": "LineString", "coordinates": [[-8.6319782, 41.1645119], [-8.6319958, 41.1645033], [-8.6320755, 41.1644645], [-8.6322544, 41.1643775]]}, "properties": {"street_name": "Rua de Pedro Hispano", "municipio": "Porto", "count": 5, "top_infraction": "imbecis", "first_year": "2025", "last_year": "2026", "type_breakdown": "{\"imbecis\": 5}", "monthly_breakdown": "{\"2025-07\": 1, \"2026-01\": 1, \"2026-02\": 1, \"2025-10\": 1, \"2026-04\": 1}"}}, {"type": "Feature", "geometry": {"type": "LineString", "coordinates": [[-8.6012984, 41.14461670000001], [-8.601272, 41.14452], [-8.6012139, 41.1443077], [-8.6011134, 41.1439401], [-8.6010892, 41.14384510000001], [-8.6010621, 41.14373799999999]]}, "properties": {"street_name": "Rua da Associação de Moradores de São Victor", "municipio": "Porto", "count": 1, "top_infraction": "imbecis", "first_year": "2024", "last_year": "2024", "type_breakdown": "{\"imbecis\": 1}", "monthly_breakdown": "{\"2024-09\": 1}"}}, {"type": "Feature", "geometry": {"type": "LineString", "coordinates": [[-8.601516, 41.14542509999999], [-8.6009509, 41.1450376], [-8.6008693, 41.1449816], [-8.6008657, 41.1449791], [-8.6005622, 41.144771]]}, "properties": {"street_name": "Rua de São Victor", "municipio": "Porto", "count": 3, "top_infraction": "imbecis", "first_year": "2024", "last_year": "2024", "type_breakdown": "{\"imbecis\": 3}", "monthly_breakdown": "{\"2024-06\": 3}"}}, {"type": "Feature", "geometry": {"type": "LineString", "coordinates": [[-8.615793, 41.14824240000001], [-8.6157632, 41.1483035], [-8.6156082, 41.1485969]]}, "properties": {"street_name": "Praça de Carlos Alberto", "municipio": "Porto", "count": 5, "top_infraction": "imbecis", "first_year": "2025", "last_year": "2025", "type_breakdown": "{\"imbecis\": 5}", "monthly_breakdown": "{\"2025-03\": 5}"}}, {"type": "Feature", "geometry": {"type": "LineString", "coordinates": [[-8.6185605, 41.1499549], [-8.6207283, 41.1496629], [-8.6207799, 41.149655899999985], [-8.6208752, 41.1496431]]}, "properties": {"street_name": "Rua de Miguel Bombarda", "municipio": "Porto", "count": 2, "top_infraction": "imbecis", "first_year": "2024", "last_year": "2024", "type_breakdown": "{\"imbecis\": 2}", "monthly_breakdown": "{\"2024-12\": 2}"}}, {"type": "Feature", "geometry": {"type": "LineString", "coordinates": [[-8.6386757, 41.16140149999999], [-8.6389029, 41.1613074], [-8.6389461, 41.1612893], [-8.6391595, 41.16119929999999]]}, "properties": {"street_name": "Rua de Pedro Hispano", "municipio": "Porto", "count": 1, "top_infraction": "imbecis", "first_year": "2024", "last_year": "2024", "type_breakdown": "{\"imbecis\": 1}", "monthly_breakdown": "{\"2024-12\": 1}"}}, {"type": "Feature", "geometry": {"type": "LineString", "coordinates": [[-8.6307743, 41.155914499999994], [-8.6307293, 41.15584569999999], [-8.6307042, 41.1558024], [-8.6306944, 41.15578549999999], [-8.6306395, 41.155655]]}, "properties": {"street_name": "Rua de Agramonte", "municipio": "Porto", "count": 2, "top_infraction": "imbecis", "first_year": "2025", "last_year": "2025", "type_breakdown": "{\"imbecis\": 2}", "monthly_breakdown": "{\"2025-01\": 2}"}}, {"type": "Feature", "geometry": {"type": "LineString", "coordinates": [[-8.6289509, 41.1588771], [-8.6289023, 41.1590124], [-8.6286146, 41.1599646], [-8.6284648, 41.16046749999998], [-8.6283871, 41.1607281]]}, "properties": {"street_name": null, "municipio": "Porto", "count": 1, "top_infraction": "imbecis", "first_year": "2025", "last_year": "2025", "type_breakdown": "{\"imbecis\": 1}", "monthly_breakdown": "{\"2025-07\": 1}"}}, {"type": "Feature", "geometry": {"type": "LineString", "coordinates": [[-8.6014812, 41.144520199999995], [-8.6012759, 41.14373049999999], [-8.6012598, 41.1437195]]}, "properties": {"street_name": "Rua da Senhora das Dores", "municipio": "Porto", "count": 1, "top_infraction": "imbecis", "first_year": "2024", "last_year": "2024", "type_breakdown": "{\"imbecis\": 1}", "monthly_breakdown": "{\"2024-09\": 1}"}}, {"type": "Feature", "geometry": {"type": "LineString", "coordinates": [[-8.6139931, 41.154312499999996], [-8.6134373, 41.15421], [-8.6133161, 41.1541883]]}, "properties": {"street_name": "Rua Álvares Cabral", "municipio": "Porto", "count": 1, "top_infraction": "imbecis", "first_year": "2024", "last_year": "2024", "type_breakdown": "{\"imbecis\": 1}", "monthly_breakdown": "{\"2024-08\": 1}"}}, {"type": "Feature", "geometry": {"type": "LineString", "coordinates": [[-8.6108577, 41.1505507], [-8.6110086, 41.15051509999999], [-8.6110573, 41.150503], [-8.6120049, 41.1502899], [-8.6120989, 41.15026869999999]]}, "properties": {"street_name": "Rua de Ricardo Jorge", "municipio": "Porto", "count": 1, "top_infraction": "imbecis", "first_year": "2025", "last_year": "2025", "type_breakdown": "{\"imbecis\": 1}", "monthly_breakdown": "{\"2025-05\": 1}"}}, {"type": "Feature", "geometry": {"type": "LineString", "coordinates": [[-8.6108577, 41.1505507], [-8.610851, 41.150478400000004], [-8.6108473, 41.1504405], [-8.6108506, 41.1503863], [-8.6108772, 41.1503313], [-8.6110984, 41.150042899999995], [-8.6111388, 41.1499902], [-8.6112048, 41.1498841], [-8.6112224, 41.149838899999985]]}, "properties": {"street_name": "Rua do Clube dos Fenianos", "municipio": "Porto", "count": 1, "top_infraction": "imbecis", "first_year": "2024", "last_year": "2024", "type_breakdown": "{\"imbecis\": 1}", "monthly_breakdown": "{\"2024-04\": 1}"}}, {"type": "Feature", "geometry": {"type": "LineString", "coordinates": [[-8.6108828, 41.15073699999999], [-8.610948100000002, 41.15074129999999], [-8.6109711, 41.150742799999996], [-8.611028800000001, 41.150746599999984], [-8.6113113, 41.1508591], [-8.6111299, 41.1510954], [-8.611024, 41.1512383], [-8.610818, 41.1511583], [-8.6107892, 41.15114549999999], [-8.6107615, 41.1511331], [-8.6107099, 41.151108799999996]]}, "properties": {"street_name": null, "municipio": "Porto", "count": 1, "top_infraction": "imbecis", "first_year": "2025", "last_year": "2025", "type_breakdown": "{\"imbecis\": 1}", "monthly_breakdown": "{\"2025-07\": 1}"}}, {"type": "Feature", "geometry": {"type": "LineString", "coordinates": [[-8.6108785, 41.1522982], [-8.6103097, 41.151950899999996], [-8.6102726, 41.15192819999999], [-8.6101425, 41.1518487]]}, "properties": {"street_name": "Rua do Alferes Malheiro", "municipio": "Porto", "count": 1, "top_infraction": "imbecis", "first_year": "2025", "last_year": "2025", "type_breakdown": "{\"imbecis\": 1}", "monthly_breakdown": "{\"2025-06\": 1}"}}, {"type": "Feature", "geometry": {"type": "LineString", "coordinates": [[-8.6045814, 41.1495087], [-8.6041093, 41.1493955]]}, "properties": {"street_name": "Rua de Fernandes Tomás", "municipio": "Porto", "count": 2, "top_infraction": "imbecis", "first_year": "2024", "last_year": "2024", "type_breakdown": "{\"imbecis\": 2}", "monthly_breakdown": "{\"2024-08\": 2}"}}, {"type": "Feature", "geometry": {"type": "LineString", "coordinates": [[-8.610989200000002, 41.164545399999994], [-8.610992, 41.16443099999999], [-8.6110203, 41.1639105], [-8.6110233, 41.1638334]]}, "properties": {"street_name": "Rua de Antero de Quental", "municipio": "Porto", "count": 2, "top_infraction": "imbecis", "first_year": "2025", "last_year": "2025", "type_breakdown": "{\"imbecis\": 2}", "monthly_breakdown": "{\"2025-11\": 2}"}}, {"type": "Feature", "geometry": {"type": "LineString", "coordinates": [[-8.6119091, 41.1351376], [-8.6117921, 41.1348964], [-8.6117678, 41.1348368], [-8.6117409, 41.1347325], [-8.6117415, 41.1346243], [-8.6117213, 41.1345117], [-8.6115143, 41.134100399999994], [-8.6113195, 41.1337441], [-8.6111724, 41.1333727]]}, "properties": {"street_name": "Rua Cândido dos Reis", "municipio": "Vila Novade Gaia", "count": 3, "top_infraction": "imbecis", "first_year": "2024", "last_year": "2025", "type_breakdown": "{\"imbecis\": 3}", "monthly_breakdown": "{\"2024-10\": 1, \"2025-02\": 1, \"2024-12\": 1}"}}, {"type": "Feature", "geometry": {"type": "LineString", "coordinates": [[-8.6890007, 41.1837669], [-8.6889071, 41.18368739999998]]}, "properties": {"street_name": "Rua de Álvaro de Castelões", "municipio": "Matosinhos", "count": 2, "top_infraction": "imbecis", "first_year": "2025", "last_year": "2025", "type_breakdown": "{\"imbecis\": 2}", "monthly_breakdown": "{\"2025-11\": 1, \"2025-10\": 1}"}}, {"type": "Feature", "geometry": {"type": "LineString", "coordinates": [[-8.64276, 41.188961], [-8.6433905, 41.188845199999996]]}, "properties": {"street_name": "Rua de São Gens", "municipio": "Matosinhos", "count": 1, "top_infraction": "imbecis", "first_year": "2024", "last_year": "2024", "type_breakdown": "{\"imbecis\": 1}", "monthly_breakdown": "{\"2024-12\": 1}"}}, {"type": "Feature", "geometry": {"type": "LineString", "coordinates": [[-8.6096418, 41.150673899999994], [-8.6098386, 41.15072150000001], [-8.6099174, 41.15076139999999], [-8.6099602, 41.150824099999994], [-8.6099839, 41.150899700000004]]}, "properties": {"street_name": "Rua de Fernandes Tomás", "municipio": "Porto", "count": 1, "top_infraction": "imbecis", "first_year": "2025", "last_year": "2025", "type_breakdown": "{\"imbecis\": 1}", "monthly_breakdown": "{\"2025-03\": 1}"}}, {"type": "Feature", "geometry": {"type": "LineString", "coordinates": [[-8.628570400000001, 41.157079299999985], [-8.6284619, 41.156921300000015], [-8.6284401, 41.15689390000001], [-8.628000500000002, 41.1563407], [-8.627579, 41.15581039999999], [-8.6275044, 41.155715699999995], [-8.6274642, 41.1556647], [-8.6274386, 41.1556322]]}, "properties": {"street_name": "Rua de Júlio Dinis", "municipio": "Porto", "count": 4, "top_infraction": "imbecis", "first_year": "2024", "last_year": "2025", "type_breakdown": "{\"imbecis\": 4}", "monthly_breakdown": "{\"2025-12\": 1, \"2025-02\": 1, \"2024-12\": 1, \"2025-01\": 1}"}}, {"type": "Feature", "geometry": {"type": "LineString", "coordinates": [[-8.6871669, 41.17674449999998], [-8.6871645, 41.1767035]]}, "properties": {"street_name": "Rua de Dom João I", "municipio": "Matosinhos", "count": 1, "top_infraction": "imbecis", "first_year": "2024", "last_year": "2024", "type_breakdown": "{\"imbecis\": 1}", "monthly_breakdown": "{\"2024-06\": 1}"}}, {"type": "Feature", "geometry": {"type": "LineString", "coordinates": [[-8.6002412, 41.178901399999994], [-8.6009906, 41.179117500000004], [-8.6010634, 41.17913850000001], [-8.6011033, 41.17914999999999]]}, "properties": {"street_name": null, "municipio": "Porto", "count": 1, "top_infraction": "imbecis", "first_year": "2025", "last_year": "2025", "type_breakdown": "{\"imbecis\": 1}", "monthly_breakdown": "{\"2025-05\": 1}"}}, {"type": "Feature", "geometry": {"type": "LineString", "coordinates": [[-8.6245555, 41.1675912], [-8.6252393, 41.16770259999999], [-8.6253137, 41.16771450000001]]}, "properties": {"street_name": "Travessa do Carvalhido", "municipio": "Porto", "count": 1, "top_infraction": "imbecis", "first_year": "2024", "last_year": "2024", "type_breakdown": "{\"imbecis\": 1}", "monthly_breakdown": "{\"2024-12\": 1}"}}, {"type": "Feature", "geometry": {"type": "LineString", "coordinates": [[-8.6267363, 41.168578600000004], [-8.6268696, 41.16908990000001], [-8.6269947, 41.1696162], [-8.6270055, 41.1696509], [-8.6270677, 41.1697542]]}, "properties": {"street_name": "Avenida Conselho da Europa", "municipio": "Porto", "count": 4, "top_infraction": "imbecis", "first_year": "2024", "last_year": "2025", "type_breakdown": "{\"imbecis\": 4}", "monthly_breakdown": "{\"2024-09\": 1, \"2025-03\": 1, \"2024-08\": 1, \"2025-01\": 1}"}}, {"type": "Feature", "geometry": {"type": "LineString", "coordinates": [[-8.6268239, 41.16856479999999], [-8.6268054, 41.1684937], [-8.6267319, 41.168211899999996], [-8.6266245, 41.16779999999999], [-8.6265823, 41.1676596]]}, "properties": {"street_name": "Avenida Conselho da Europa", "municipio": "Porto", "count": 5, "top_infraction": "imbecis", "first_year": "2025", "last_year": "2025", "type_breakdown": "{\"imbecis\": 5}", "monthly_breakdown": "{\"2025-03\": 2, \"2025-07\": 1, \"2025-06\": 2}"}}, {"type": "Feature", "geometry": {"type": "LineString", "coordinates": [[-8.6314669, 41.15667119999999], [-8.6315372, 41.15674439999999], [-8.6315683, 41.1567776], [-8.6316344, 41.1568482], [-8.6322388, 41.1574887]]}, "properties": {"street_name": "Rua de Agramonte", "municipio": "Porto", "count": 1, "top_infraction": "imbecis", "first_year": "2025", "last_year": "2025", "type_breakdown": "{\"imbecis\": 1}", "monthly_breakdown": "{\"2025-10\": 1}"}}, {"type": "Feature", "geometry": {"type": "LineString", "coordinates": [[-8.6015314, 41.137276699999994], [-8.6017096, 41.1373407], [-8.6021431, 41.1374881], [-8.6022367, 41.137506699999996], [-8.6031873, 41.13753200000001], [-8.6035559, 41.1375492], [-8.603674200000002, 41.137589999999996], [-8.6039237, 41.13774649999999], [-8.6040099, 41.13780739999999]]}, "properties": {"street_name": "Rua Gonçalves Zarco", "municipio": "Vila Novade Gaia", "count": 3, "top_infraction": "imbecis", "first_year": "2025", "last_year": "2025", "type_breakdown": "{\"imbecis\": 3}", "monthly_breakdown": "{\"2025-06\": 3}"}}, {"type": "Feature", "geometry": {"type": "LineString", "coordinates": [[-8.6378264, 41.1645199], [-8.6378168, 41.1644866], [-8.6378024, 41.164454099999986], [-8.63772, 41.1643355], [-8.6372696, 41.1638596], [-8.6372408, 41.1638258], [-8.6372059, 41.16379330000001]]}, "properties": {"street_name": "Rua do Sargento Abílio", "municipio": "Porto", "count": 2, "top_infraction": "imbecis", "first_year": "2024", "last_year": "2024", "type_breakdown": "{\"imbecis\": 2}", "monthly_breakdown": "{\"2024-09\": 2}"}}, {"type": "Feature", "geometry": {"type": "LineString", "coordinates": [[-8.6094253, 41.14755579999999], [-8.6107246, 41.1478048], [-8.6107859, 41.147815399999985], [-8.6109422, 41.14784259999999]]}, "properties": {"street_name": "Rua do Doutor Magalhães Lemos", "municipio": "Porto", "count": 4, "top_infraction": "imbecis", "first_year": "2024", "last_year": "2024", "type_breakdown": "{\"imbecis\": 4}", "monthly_breakdown": "{\"2024-09\": 4}"}}, {"type": "Feature", "geometry": {"type": "LineString", "coordinates": [[-8.6354703, 41.1619503], [-8.6362857, 41.161583900000004], [-8.6361614, 41.1614035]]}, "properties": {"street_name": "Rua da Cooperativa da Zona da Boavista", "municipio": "Porto", "count": 2, "top_infraction": "imbecis", "first_year": "2024", "last_year": "2024", "type_breakdown": "{\"imbecis\": 2}", "monthly_breakdown": "{\"2024-12\": 2}"}}, {"type": "Feature", "geometry": {"type": "LineString", "coordinates": [[-8.6673725, 41.1823506], [-8.6672848, 41.182332499999994], [-8.6664942, 41.18217059999999], [-8.6664454, 41.18215759999998], [-8.6663915, 41.182130699999995]]}, "properties": {"street_name": "Avenida do Doutor Edison Magalhães", "municipio": "Matosinhos", "count": 5, "top_infraction": "imbecis", "first_year": "2025", "last_year": "2025", "type_breakdown": "{\"imbecis\": 5}", "monthly_breakdown": "{\"2025-12\": 5}"}}, {"type": "Feature", "geometry": {"type": "LineString", "coordinates": [[-8.6221304, 41.1604408], [-8.6222455, 41.1605009], [-8.6222968, 41.16053120000001], [-8.622406, 41.160602799999985], [-8.6225242, 41.16069160000001], [-8.6225796, 41.160745899999995], [-8.6226272, 41.160806199999996], [-8.6227791, 41.1610621], [-8.622986500000001, 41.1614156], [-8.6230083, 41.1614562], [-8.6232117, 41.16183509999999], [-8.6233451, 41.16210449999999]]}, "properties": {"street_name": "Rua 9 de Julho", "municipio": "Porto", "count": 1, "top_infraction": "imbecis", "first_year": "2024", "last_year": "2024", "type_breakdown": "{\"imbecis\": 1}", "monthly_breakdown": "{\"2024-08\": 1}"}}, {"type": "Feature", "geometry": {"type": "LineString", "coordinates": [[-8.670476, 41.1709149], [-8.6705965, 41.1708904], [-8.6706797, 41.1708694], [-8.6707746, 41.1708453], [-8.6708368, 41.170823999999996], [-8.6708611, 41.170815600000005], [-8.6710481, 41.1707513]]}, "properties": {"street_name": "Rua Martim Moniz", "municipio": "Porto", "count": 1, "top_infraction": "imbecis", "first_year": "2024", "last_year": "2024", "type_breakdown": "{\"imbecis\": 1}", "monthly_breakdown": "{\"2024-04\": 1}"}}, {"type": "Feature", "geometry": {"type": "LineString", "coordinates": [[-8.6207882, 41.163288800000004], [-8.6207262, 41.1637156], [-8.6207156, 41.16379809999999]]}, "properties": {"street_name": "Rua de Serpa Pinto", "municipio": "Porto", "count": 3, "top_infraction": "imbecis", "first_year": "2025", "last_year": "2025", "type_breakdown": "{\"imbecis\": 3}", "monthly_breakdown": "{\"2025-11\": 3}"}}, {"type": "Feature", "geometry": {"type": "LineString", "coordinates": [[-8.6030773, 41.169933699999994], [-8.6021184, 41.16989540000001]]}, "properties": {"street_name": "Rua de Augusto Lessa", "municipio": "Porto", "count": 1, "top_infraction": "imbecis", "first_year": "2024", "last_year": "2024", "type_breakdown": "{\"imbecis\": 1}", "monthly_breakdown": "{\"2024-09\": 1}"}}, {"type": "Feature", "geometry": {"type": "LineString", "coordinates": [[-8.6006146, 41.1475418], [-8.6001212, 41.1477073]]}, "properties": {"street_name": "Rua Santo Ildefonso", "municipio": "Porto", "count": 1, "top_infraction": "imbecis", "first_year": "2024", "last_year": "2024", "type_breakdown": "{\"imbecis\": 1}", "monthly_breakdown": "{\"2024-09\": 1}"}}, {"type": "Feature", "geometry": {"type": "LineString", "coordinates": [[-8.624203, 41.1672949], [-8.6241802, 41.16725689999999], [-8.6241399, 41.1672361], [-8.6240365, 41.16722279999999], [-8.6232809, 41.167136799999994]]}, "properties": {"street_name": "Travessa da Natária", "municipio": "Porto", "count": 3, "top_infraction": "imbecis", "first_year": "2026", "last_year": "2026", "type_breakdown": "{\"imbecis\": 3}", "monthly_breakdown": "{\"2026-01\": 3}"}}, {"type": "Feature", "geometry": {"type": "LineString", "coordinates": [[-8.6271631, 41.166966099999996], [-8.6272802, 41.166998899999996]]}, "properties": {"street_name": "Rua da Prelada", "municipio": "Porto", "count": 1, "top_infraction": "imbecis", "first_year": "2025", "last_year": "2025", "type_breakdown": "{\"imbecis\": 1}", "monthly_breakdown": "{\"2025-08\": 1}"}}, {"type": "Feature", "geometry": {"type": "LineString", "coordinates": [[-8.666180400000002, 41.18200739999999], [-8.6662272, 41.1820577], [-8.6665196, 41.18242569999999], [-8.6665454, 41.18249519999999], [-8.6665468, 41.1825466]]}, "properties": {"street_name": "Avenida do Doutor Edison Magalhães", "municipio": "Matosinhos", "count": 1, "top_infraction": "imbecis", "first_year": "2025", "last_year": "2025", "type_breakdown": "{\"imbecis\": 1}", "monthly_breakdown": "{\"2025-12\": 1}"}}, {"type": "Feature", "geometry": {"type": "LineString", "coordinates": [[-8.6822599, 41.18033380000001], [-8.6821898, 41.180302899999994], [-8.682158, 41.180288700000006], [-8.682125, 41.18026499999999], [-8.6820972, 41.1802333], [-8.6820494, 41.18014500000001]]}, "properties": {"street_name": "Avenida Dom Afonso Henriques", "municipio": "Matosinhos", "count": 1, "top_infraction": "imbecis", "first_year": "2025", "last_year": "2025", "type_breakdown": "{\"imbecis\": 1}", "monthly_breakdown": "{\"2025-05\": 1}"}}, {"type": "Feature", "geometry": {"type": "LineString", "coordinates": [[-8.603015, 41.15457709999998], [-8.6030524, 41.1544715], [-8.6031212, 41.154277500000006], [-8.6034373, 41.153480299999984], [-8.6034857, 41.15335799999999], [-8.6035241, 41.153261099999995]]}, "properties": {"street_name": "Rua da Alegria", "municipio": "Porto", "count": 1, "top_infraction": "imbecis", "first_year": "2024", "last_year": "2024", "type_breakdown": "{\"imbecis\": 1}", "monthly_breakdown": "{\"2024-04\": 1}"}}, {"type": "Feature", "geometry": {"type": "LineString", "coordinates": [[-8.6759802, 41.151908799999994], [-8.6759921, 41.1518968], [-8.6761012, 41.151786], [-8.6763024, 41.1515554], [-8.6763062, 41.1515329], [-8.6762947, 41.15151019999999], [-8.6762426, 41.1514694], [-8.6760796, 41.15136300000001]]}, "properties": {"street_name": "Largo do Capitão Pinheiro Torres de Meireles", "municipio": "Porto", "count": 3, "top_infraction": "imbecis", "first_year": "2024", "last_year": "2025", "type_breakdown": "{\"imbecis\": 3}", "monthly_breakdown": "{\"2024-06\": 2, \"2025-01\": 1}"}}, {"type": "Feature", "geometry": {"type": "LineString", "coordinates": [[-8.6224174, 41.16410609999999], [-8.6232099, 41.16421309999999]]}, "properties": {"street_name": "Rua da Constituição", "municipio": "Porto", "count": 1, "top_infraction": "imbecis", "first_year": "2025", "last_year": "2025", "type_breakdown": "{\"imbecis\": 1}", "monthly_breakdown": "{\"2025-11\": 1}"}}, {"type": "Feature", "geometry": {"type": "LineString", "coordinates": [[-8.6146055, 41.17635809999999], [-8.614559200000002, 41.17635820000001], [-8.6145198, 41.17641750000001], [-8.6142901, 41.1764281], [-8.6141785, 41.17643079999999], [-8.6141071, 41.1764329]]}, "properties": {"street_name": null, "municipio": "Porto", "count": 1, "top_infraction": "imbecis", "first_year": "2024", "last_year": "2024", "type_breakdown": "{\"imbecis\": 1}", "monthly_breakdown": "{\"2024-04\": 1}"}}, {"type": "Feature", "geometry": {"type": "LineString", "coordinates": [[-8.6297139, 41.16447519999999], [-8.6296814, 41.1644004], [-8.6296209, 41.164283700000006], [-8.6295356, 41.16416209999999], [-8.6294577, 41.16406159999999], [-8.6291351, 41.163652899999995], [-8.62909, 41.16360710000001]]}, "properties": {"street_name": "Rua de Francisco Sanches", "municipio": "Porto", "count": 1, "top_infraction": "imbecis", "first_year": "2025", "last_year": "2025", "type_breakdown": "{\"imbecis\": 1}", "monthly_breakdown": "{\"2025-02\": 1}"}}, {"type": "Feature", "geometry": {"type": "LineString", "coordinates": [[-8.6578133, 41.14805259999999], [-8.6578245, 41.14808299999999], [-8.6578514, 41.14812830000001], [-8.6578856, 41.148166800000006], [-8.6579291, 41.1481959], [-8.6579765, 41.148216000000005], [-8.6580645, 41.14824719999999], [-8.6581525, 41.1482696], [-8.6582492, 41.14827729999999], [-8.6583484, 41.14827580000001], [-8.6584324, 41.1482677], [-8.6585146, 41.1482514], [-8.6585696, 41.148229], [-8.6586138, 41.148203599999995]]}, "properties": {"street_name": null, "municipio": "Porto", "count": 2, "top_infraction": "imbecis", "first_year": "2025", "last_year": "2025", "type_breakdown": "{\"imbecis\": 2}", "monthly_breakdown": "{\"2025-01\": 2}"}}, {"type": "Feature", "geometry": {"type": "LineString", "coordinates": [[-8.6275322, 41.1717161], [-8.6275132, 41.171635699999996], [-8.6274843, 41.17151279999999], [-8.6274621, 41.1714795]]}, "properties": {"street_name": "Rua de João Andresen", "municipio": "Porto", "count": 3, "top_infraction": "imbecis", "first_year": "2025", "last_year": "2025", "type_breakdown": "{\"imbecis\": 3}", "monthly_breakdown": "{\"2025-02\": 2, \"2025-07\": 1}"}}, {"type": "Feature", "geometry": {"type": "LineString", "coordinates": [[-8.6010447, 41.17383139999999], [-8.6010357, 41.173769099999994], [-8.6010232, 41.1736862], [-8.6009243, 41.17310489999999]]}, "properties": {"street_name": null, "municipio": "Porto", "count": 1, "top_infraction": "imbecis", "first_year": "2025", "last_year": "2025", "type_breakdown": "{\"imbecis\": 1}", "monthly_breakdown": "{\"2025-02\": 1}"}}, {"type": "Feature", "geometry": {"type": "LineString", "coordinates": [[-8.6209435, 41.154823], [-8.6209497, 41.154747999999984], [-8.6210452, 41.1535866], [-8.6210417, 41.15344269999999], [-8.6210314, 41.153368500000006], [-8.6210121, 41.1533068], [-8.6209837, 41.1532264]]}, "properties": {"street_name": "Rua de Aníbal Cunha", "municipio": "Porto", "count": 1, "top_infraction": "imbecis", "first_year": "2024", "last_year": "2024", "type_breakdown": "{\"imbecis\": 1}", "monthly_breakdown": "{\"2024-12\": 1}"}}, {"type": "Feature", "geometry": {"type": "LineString", "coordinates": [[-8.6815973, 41.17902629999999], [-8.6816026, 41.1789735], [-8.6815887, 41.1789216], [-8.6815566, 41.178874500000006], [-8.6815282, 41.1788515], [-8.6815087, 41.17883560000001]]}, "properties": {"street_name": "Rotunda da Fonte Luminosa", "municipio": "Matosinhos", "count": 1, "top_infraction": "imbecis", "first_year": "2025", "last_year": "2025", "type_breakdown": "{\"imbecis\": 1}", "monthly_breakdown": "{\"2025-05\": 1}"}}, {"type": "Feature", "geometry": {"type": "LineString", "coordinates": [[-8.6815087, 41.17883560000001], [-8.6814438, 41.17880639999999], [-8.6813703, 41.178792699999995], [-8.6812947, 41.1787956], [-8.6812235, 41.17881499999999], [-8.6811628, 41.178849099999994]]}, "properties": {"street_name": "Rotunda da Fonte Luminosa", "municipio": "Matosinhos", "count": 4, "top_infraction": "imbecis", "first_year": "2025", "last_year": "2025", "type_breakdown": "{\"imbecis\": 4}", "monthly_breakdown": "{\"2025-03\": 2, \"2025-04\": 2}"}}, {"type": "Feature", "geometry": {"type": "LineString", "coordinates": [[-8.6283454, 41.160721200000005], [-8.6283353, 41.1607565], [-8.6283096, 41.1608461], [-8.6279849, 41.161861099999996], [-8.6279389, 41.16199030000001], [-8.6279131, 41.1620799]]}, "properties": {"street_name": "Avenida da França", "municipio": "Porto", "count": 1, "top_infraction": "imbecis", "first_year": "2025", "last_year": "2025", "type_breakdown": "{\"imbecis\": 1}", "monthly_breakdown": "{\"2025-10\": 1}"}}, {"type": "Feature", "geometry": {"type": "LineString", "coordinates": [[-8.6286575, 41.159974999999996], [-8.628933, 41.159060399999994], [-8.6289736, 41.15894730000001], [-8.628983, 41.158928799999984], [-8.6289943, 41.1589133], [-8.6290212, 41.1589003], [-8.629061, 41.15888739999999]]}, "properties": {"street_name": "Avenida da França", "municipio": "Porto", "count": 1, "top_infraction": "imbecis", "first_year": "2025", "last_year": "2025", "type_breakdown": "{\"imbecis\": 1}", "monthly_breakdown": "{\"2025-12\": 1}"}}, {"type": "Feature", "geometry": {"type": "LineString", "coordinates": [[-8.6220386, 41.1693979], [-8.6219606, 41.169403], [-8.6219157, 41.16939279999999], [-8.6218865, 41.1693713], [-8.6218619, 41.16934319999999], [-8.6218404, 41.1692652]]}, "properties": {"street_name": "Rua Sousa Pinto", "municipio": "Porto", "count": 3, "top_infraction": "imbecis", "first_year": "2024", "last_year": "2024", "type_breakdown": "{\"imbecis\": 3}", "monthly_breakdown": "{\"2024-06\": 3}"}}, {"type": "Feature", "geometry": {"type": "LineString", "coordinates": [[-8.6289066, 41.1551156], [-8.628791100000003, 41.155151100000005], [-8.6284525, 41.1554308], [-8.628421, 41.1554802], [-8.6284346, 41.155537200000005], [-8.6287758, 41.1560886], [-8.6287687, 41.15611650000001], [-8.6287471, 41.156200899999995], [-8.6287163, 41.15631750000001], [-8.6287416, 41.1563469]]}, "properties": {"street_name": "Largo de Ferreira Lapa", "municipio": "Porto", "count": 1, "top_infraction": "imbecis", "first_year": "2024", "last_year": "2024", "type_breakdown": "{\"imbecis\": 1}", "monthly_breakdown": "{\"2024-08\": 1}"}}, {"type": "Feature", "geometry": {"type": "LineString", "coordinates": [[-8.6043183, 41.161859500000006], [-8.6043686, 41.1618448], [-8.604378700000002, 41.1618419], [-8.604410100000003, 41.16182719999999], [-8.6044476, 41.16180539999999], [-8.604479, 41.1617865], [-8.6045278, 41.1617351], [-8.6045719, 41.161678300000005], [-8.6046125, 41.16161179999999], [-8.6046286, 41.1615814], [-8.604779800000001, 41.161265099999994], [-8.6047988, 41.1612253], [-8.6048658, 41.1610891], [-8.6049407, 41.16095429999999], [-8.6049863, 41.1608615], [-8.6049934, 41.160847]]}, "properties": {"street_name": "Praça do Marquês de Pombal", "municipio": "Porto", "count": 1, "top_infraction": "imbecis", "first_year": "2025", "last_year": "2025", "type_breakdown": "{\"imbecis\": 1}", "monthly_breakdown": "{\"2025-10\": 1}"}}, {"type": "Feature", "geometry": {"type": "LineString", "coordinates": [[-8.6043183, 41.161859500000006], [-8.6044227, 41.161871899999994], [-8.6044779, 41.1618786], [-8.6051911, 41.16196349999999]]}, "properties": {"street_name": "Rua da Constituição", "municipio": "Porto", "count": 1, "top_infraction": "imbecis", "first_year": "2025", "last_year": "2025", "type_breakdown": "{\"imbecis\": 1}", "monthly_breakdown": "{\"2025-11\": 1}"}}, {"type": "Feature", "geometry": {"type": "LineString", "coordinates": [[-8.6189937, 41.15497619999999], [-8.61888, 41.1546692], [-8.6187643, 41.15434290000001]]}, "properties": {"street_name": "Rua de Cedofeita", "municipio": "Porto", "count": 1, "top_infraction": "imbecis", "first_year": "2025", "last_year": "2025", "type_breakdown": "{\"imbecis\": 1}", "monthly_breakdown": "{\"2025-01\": 1}"}}, {"type": "Feature", "geometry": {"type": "LineString", "coordinates": [[-8.6192752, 41.1524145], [-8.6180289, 41.15224550000001], [-8.6179509, 41.152234899999996]]}, "properties": {"street_name": "Rua da Torrinha", "municipio": "Porto", "count": 11, "top_infraction": "imbecis", "first_year": "2025", "last_year": "2025", "type_breakdown": "{\"imbecis\": 11}", "monthly_breakdown": "{\"2025-05\": 7, \"2025-01\": 4}"}}, {"type": "Feature", "geometry": {"type": "LineString", "coordinates": [[-8.6303603, 41.1582315], [-8.6304009, 41.1582269], [-8.6304427, 41.15822750000001], [-8.6305167, 41.158237199999995], [-8.6305561, 41.15824369999999], [-8.6309365, 41.158306599999996], [-8.6317609, 41.15844249999999]]}, "properties": {"street_name": "Avenida da Boavista", "municipio": "Porto", "count": 2, "top_infraction": "imbecis", "first_year": "2025", "last_year": "2025", "type_breakdown": "{\"imbecis\": 2}", "monthly_breakdown": "{\"2025-03\": 2}"}}, {"type": "Feature", "geometry": {"type": "LineString", "coordinates": [[-8.6271904, 41.1668635], [-8.6268562, 41.16687099999999], [-8.6265642, 41.1668775], [-8.6264824, 41.166853100000004], [-8.626429, 41.166783499999994]]}, "properties": {"street_name": "Rua da Prelada", "municipio": "Porto", "count": 7, "top_infraction": "imbecis", "first_year": "2024", "last_year": "2026", "type_breakdown": "{\"imbecis\": 7}", "monthly_breakdown": "{\"2024-10\": 1, \"2024-12\": 1, \"2024-08\": 2, \"2025-02\": 1, \"2026-02\": 1, \"2025-01\": 1}"}}, {"type": "Feature", "geometry": {"type": "LineString", "coordinates": [[-8.6375625, 41.16615709999999], [-8.6372917, 41.165928], [-8.6370811, 41.16578679999999], [-8.6349541, 41.1646238], [-8.6337083, 41.163907], [-8.6329137, 41.1634781], [-8.6324306, 41.1631823], [-8.631811, 41.16318040000001]]}, "properties": {"street_name": null, "municipio": "Porto", "count": 2, "top_infraction": "imbecis", "first_year": "2025", "last_year": "2026", "type_breakdown": "{\"imbecis\": 2}", "monthly_breakdown": "{\"2025-10\": 1, \"2026-01\": 1}"}}, {"type": "Feature", "geometry": {"type": "LineString", "coordinates": [[-8.690087, 41.18240929999999], [-8.6905163, 41.1822368]]}, "properties": {"street_name": "Rua do Godinho", "municipio": "Matosinhos", "count": 5, "top_infraction": "imbecis", "first_year": "2024", "last_year": "2024", "type_breakdown": "{\"imbecis\": 5}", "monthly_breakdown": "{\"2024-08\": 5}"}}, {"type": "Feature", "geometry": {"type": "LineString", "coordinates": [[-8.6036006, 41.1798735], [-8.6042009, 41.1800358], [-8.6042994, 41.18002249999999]]}, "properties": {"street_name": null, "municipio": "Porto", "count": 1, "top_infraction": "imbecis", "first_year": "2025", "last_year": "2025", "type_breakdown": "{\"imbecis\": 1}", "monthly_breakdown": "{\"2025-11\": 1}"}}, {"type": "Feature", "geometry": {"type": "LineString", "coordinates": [[-8.6559572, 41.1848141], [-8.6560596, 41.184789699999996], [-8.6561087, 41.18477670000001], [-8.6561974, 41.1847493], [-8.6563077, 41.184712299999994], [-8.6564032, 41.184673499999995], [-8.6565299, 41.1846156], [-8.656651, 41.1845466], [-8.6567379, 41.1844878]]}, "properties": {"street_name": "Rua Padre António Porto", "municipio": "Matosinhos", "count": 17, "top_infraction": "imbecis", "first_year": "2024", "last_year": "2025", "type_breakdown": "{\"imbecis\": 17}", "monthly_breakdown": "{\"2025-01\": 3, \"2025-02\": 8, \"2024-10\": 1, \"2024-11\": 4, \"2024-12\": 1}"}}, {"type": "Feature", "geometry": {"type": "LineString", "coordinates": [[-8.6368381, 41.1909917], [-8.6369141, 41.19105359999999], [-8.6370558, 41.1911774]]}, "properties": {"street_name": "Rua dos Fogueteiros", "municipio": "Matosinhos", "count": 1, "top_infraction": "imbecis", "first_year": "2025", "last_year": "2025", "type_breakdown": "{\"imbecis\": 1}", "monthly_breakdown": "{\"2025-05\": 1}"}}, {"type": "Feature", "geometry": {"type": "LineString", "coordinates": [[-8.6299138, 41.155961899999994], [-8.6299776, 41.155918299999996], [-8.6300218, 41.1559018], [-8.6300625, 41.1559038], [-8.6301876, 41.155970599999996], [-8.6302151, 41.156001499999995], [-8.6302073, 41.156035499999994], [-8.630078, 41.156195499999995], [-8.6299487, 41.156355500000004], [-8.6299379, 41.15639000000001], [-8.6299699, 41.15642510000001], [-8.6301123, 41.15648999999999], [-8.6301537, 41.15649839999999], [-8.63019, 41.15647659999999], [-8.6304233, 41.15618490000001]]}, "properties": {"street_name": null, "municipio": "Porto", "count": 1, "top_infraction": "imbecis", "first_year": "2024", "last_year": "2024", "type_breakdown": "{\"imbecis\": 1}", "monthly_breakdown": "{\"2024-12\": 1}"}}, {"type": "Feature", "geometry": {"type": "LineString", "coordinates": [[-8.630395, 41.155922999999994], [-8.6305292, 41.1557156], [-8.6305606, 41.155686499999995], [-8.630600100000002, 41.1556665], [-8.6306395, 41.155655]]}, "properties": {"street_name": null, "municipio": "Porto", "count": 1, "top_infraction": "imbecis", "first_year": "2025", "last_year": "2025", "type_breakdown": "{\"imbecis\": 1}", "monthly_breakdown": "{\"2025-01\": 1}"}}, {"type": "Feature", "geometry": {"type": "LineString", "coordinates": [[-8.6078756, 41.1601743], [-8.6078204, 41.16022029999999], [-8.6075198, 41.160862], [-8.6068394, 41.1624301], [-8.6065132, 41.16349649999999]]}, "properties": {"street_name": "Rua de Faria Guimarães", "municipio": "Porto", "count": 1, "top_infraction": "imbecis", "first_year": "2025", "last_year": "2025", "type_breakdown": "{\"imbecis\": 1}", "monthly_breakdown": "{\"2025-11\": 1}"}}, {"type": "Feature", "geometry": {"type": "LineString", "coordinates": [[-8.6924116, 41.1868374], [-8.6923652, 41.186708700000004], [-8.6923115, 41.186675199999996]]}, "properties": {"street_name": "Rua de Álvaro Castelões", "municipio": "Matosinhos", "count": 1, "top_infraction": "imbecis", "first_year": "2025", "last_year": "2025", "type_breakdown": "{\"imbecis\": 1}", "monthly_breakdown": "{\"2025-10\": 1}"}}, {"type": "Feature", "geometry": {"type": "LineString", "coordinates": [[-8.6922895, 41.186551499999986], [-8.6922328, 41.1864928], [-8.6918864, 41.186209799999986]]}, "properties": {"street_name": "Rua de Álvaro de Castelões", "municipio": "Matosinhos", "count": 1, "top_infraction": "imbecis", "first_year": "2025", "last_year": "2025", "type_breakdown": "{\"imbecis\": 1}", "monthly_breakdown": "{\"2025-11\": 1}"}}, {"type": "Feature", "geometry": {"type": "LineString", "coordinates": [[-8.6668616, 41.18114829999999], [-8.6674826, 41.1808786], [-8.6675256, 41.1807615], [-8.667664000000002, 41.1803846]]}, "properties": {"street_name": "Rua António Silva", "municipio": "Matosinhos", "count": 1, "top_infraction": "imbecis", "first_year": "2025", "last_year": "2025", "type_breakdown": "{\"imbecis\": 1}", "monthly_breakdown": "{\"2025-12\": 1}"}}, {"type": "Feature", "geometry": {"type": "LineString", "coordinates": [[-8.6025887, 41.155654099999985], [-8.6026603, 41.1556684], [-8.6030765, 41.1557863]]}, "properties": {"street_name": null, "municipio": "Porto", "count": 1, "top_infraction": "imbecis", "first_year": "2025", "last_year": "2025", "type_breakdown": "{\"imbecis\": 1}", "monthly_breakdown": "{\"2025-06\": 1}"}}, {"type": "Feature", "geometry": {"type": "LineString", "coordinates": [[-8.6067924, 41.15841019999999], [-8.6067985, 41.1584558], [-8.6068223, 41.1584988], [-8.6069214, 41.158597799999995], [-8.6069778, 41.15866509999999], [-8.6070124, 41.1587262], [-8.6070395, 41.1587896], [-8.6070557, 41.15885279999999], [-8.607064900000001, 41.15893129999999], [-8.607082400000001, 41.15910349999999], [-8.6071005, 41.159238699999996], [-8.6070878, 41.1593308], [-8.6070956, 41.15945949999999], [-8.6070628, 41.1595008], [-8.6070424, 41.159987599999994]]}, "properties": {"street_name": "Travessa dos Campos", "municipio": "Porto", "count": 1, "top_infraction": "imbecis", "first_year": "2026", "last_year": "2026", "type_breakdown": "{\"imbecis\": 1}", "monthly_breakdown": "{\"2026-02\": 1}"}}, {"type": "Feature", "geometry": {"type": "LineString", "coordinates": [[-8.6862159, 41.1767693], [-8.6862117, 41.1767359], [-8.686098400000002, 41.175824799999994]]}, "properties": {"street_name": "Rua Mouzinho de Albuquerque", "municipio": "Matosinhos", "count": 1, "top_infraction": "imbecis", "first_year": "2025", "last_year": "2025", "type_breakdown": "{\"imbecis\": 1}", "monthly_breakdown": "{\"2025-07\": 1}"}}, {"type": "Feature", "geometry": {"type": "LineString", "coordinates": [[-8.6862159, 41.1767693], [-8.6863556, 41.1767596], [-8.6870655, 41.17671039999999], [-8.6871645, 41.1767035]]}, "properties": {"street_name": "Ciclovia da Praia", "municipio": "Matosinhos", "count": 1, "top_infraction": "imbecis", "first_year": "2024", "last_year": "2024", "type_breakdown": "{\"imbecis\": 1}", "monthly_breakdown": "{\"2024-06\": 1}"}}, {"type": "Feature", "geometry": {"type": "LineString", "coordinates": [[-8.6862159, 41.1767693], [-8.6861029, 41.1767771], [-8.6860056, 41.17678360000001]]}, "properties": {"street_name": "Ciclovia da Praia", "municipio": "Matosinhos", "count": 1, "top_infraction": "imbecis", "first_year": "2024", "last_year": "2024", "type_breakdown": "{\"imbecis\": 1}", "monthly_breakdown": "{\"2024-07\": 1}"}}, {"type": "Feature", "geometry": {"type": "LineString", "coordinates": [[-8.683293800000001, 41.17697199999999], [-8.6831823, 41.17697969999999], [-8.682974, 41.17699420000001], [-8.682652, 41.17701689999999]]}, "properties": {"street_name": "Ciclovia da Praia", "municipio": "Matosinhos", "count": 3, "top_infraction": "imbecis", "first_year": "2024", "last_year": "2025", "type_breakdown": "{\"imbecis\": 3}", "monthly_breakdown": "{\"2024-06\": 1, \"2025-05\": 1, \"2025-09\": 1}"}}, {"type": "Feature", "geometry": {"type": "LineString", "coordinates": [[-8.6348636, 41.124993700000005], [-8.6346826, 41.12498970000001], [-8.634633, 41.12572409999999], [-8.6346571, 41.1257473], [-8.634692, 41.12576049999999]]}, "properties": {"street_name": null, "municipio": "Vila Novade Gaia", "count": 1, "top_infraction": "imbecis", "first_year": "2024", "last_year": "2024", "type_breakdown": "{\"imbecis\": 1}", "monthly_breakdown": "{\"2024-12\": 1}"}}, {"type": "Feature", "geometry": {"type": "LineString", "coordinates": [[-8.627422, 41.155610800000005], [-8.6273202, 41.155658800000005], [-8.6271515, 41.1557357], [-8.6269864, 41.1557833], [-8.6267672, 41.15552009999998]]}, "properties": {"street_name": null, "municipio": "Porto", "count": 1, "top_infraction": "imbecis", "first_year": "2025", "last_year": "2025", "type_breakdown": "{\"imbecis\": 1}", "monthly_breakdown": "{\"2025-01\": 1}"}}, {"type": "Feature", "geometry": {"type": "LineString", "coordinates": [[-8.627422, 41.155610800000005], [-8.6274653, 41.155535399999984], [-8.6273321, 41.155369], [-8.6272778, 41.155301400000006]]}, "properties": {"street_name": null, "municipio": "Porto", "count": 1, "top_infraction": "imbecis", "first_year": "2025", "last_year": "2025", "type_breakdown": "{\"imbecis\": 1}", "monthly_breakdown": "{\"2025-02\": 1}"}}, {"type": "Feature", "geometry": {"type": "LineString", "coordinates": [[-8.6918864, 41.186209799999986], [-8.6915109, 41.1858832], [-8.6914292, 41.185812199999994]]}, "properties": {"street_name": "Rua de Álvaro de Castelões", "municipio": "Matosinhos", "count": 4, "top_infraction": "imbecis", "first_year": "2025", "last_year": "2025", "type_breakdown": "{\"imbecis\": 4}", "monthly_breakdown": "{\"2025-10\": 4}"}}, {"type": "Feature", "geometry": {"type": "LineString", "coordinates": [[-8.6755268, 41.182815500000004], [-8.6754522, 41.18274780000001], [-8.6754066, 41.182703399999994], [-8.6753556, 41.1826469], [-8.675291, 41.18255839999999]]}, "properties": {"street_name": "Alameda da Água Viva", "municipio": "Matosinhos", "count": 2, "top_infraction": "imbecis", "first_year": "2025", "last_year": "2025", "type_breakdown": "{\"imbecis\": 2}", "monthly_breakdown": "{\"2025-06\": 2}"}}, {"type": "Feature", "geometry": {"type": "LineString", "coordinates": [[-8.6574934, 41.1851814], [-8.6570013, 41.1848857], [-8.6567379, 41.1844878]]}, "properties": {"street_name": null, "municipio": "Matosinhos", "count": 1, "top_infraction": "imbecis", "first_year": "2025", "last_year": "2025", "type_breakdown": "{\"imbecis\": 1}", "monthly_breakdown": "{\"2025-01\": 1}"}}, {"type": "Feature", "geometry": {"type": "LineString", "coordinates": [[-8.6239641, 41.1787712], [-8.62399, 41.1788236], [-8.6241294, 41.1787771], [-8.6243051, 41.179125400000004], [-8.6238478, 41.1792747], [-8.6236614, 41.1791486], [-8.6239641, 41.1787712]]}, "properties": {"street_name": null, "municipio": "Porto", "count": 1, "top_infraction": "imbecis", "first_year": "2024", "last_year": "2024", "type_breakdown": "{\"imbecis\": 1}", "monthly_breakdown": "{\"2024-09\": 1}"}}, {"type": "Feature", "geometry": {"type": "LineString", "coordinates": [[-8.6332132, 41.16288689999999], [-8.6331799, 41.1628437], [-8.633151, 41.1628063], [-8.6331077, 41.16275]]}, "properties": {"street_name": "Rua de Cinco de Outubro", "municipio": "Porto", "count": 1, "top_infraction": "imbecis", "first_year": "2024", "last_year": "2024", "type_breakdown": "{\"imbecis\": 1}", "monthly_breakdown": "{\"2024-08\": 1}"}}, {"type": "Feature", "geometry": {"type": "LineString", "coordinates": [[-8.6476206, 41.17633779999999], [-8.6487291, 41.1772386]]}, "properties": {"street_name": "Rua Engenheiro Ferreira Dias", "municipio": "Porto", "count": 1, "top_infraction": "imbecis", "first_year": "2025", "last_year": "2025", "type_breakdown": "{\"imbecis\": 1}", "monthly_breakdown": "{\"2025-02\": 1}"}}, {"type": "Feature", "geometry": {"type": "LineString", "coordinates": [[-8.6852248, 41.17683799999999], [-8.6853517, 41.176827], [-8.6860056, 41.17678360000001]]}, "properties": {"street_name": "Ciclovia da Praia", "municipio": "Matosinhos", "count": 1, "top_infraction": "imbecis", "first_year": "2024", "last_year": "2024", "type_breakdown": "{\"imbecis\": 1}", "monthly_breakdown": "{\"2024-07\": 1}"}}, {"type": "Feature", "geometry": {"type": "LineString", "coordinates": [[-8.6852248, 41.17683799999999], [-8.6851153, 41.1768462], [-8.6841778, 41.17691069999999], [-8.6839005, 41.176929900000005]]}, "properties": {"street_name": "Ciclovia da Praia", "municipio": "Matosinhos", "count": 4, "top_infraction": "imbecis", "first_year": "2024", "last_year": "2024", "type_breakdown": "{\"imbecis\": 4}", "monthly_breakdown": "{\"2024-06\": 4}"}}, {"type": "Feature", "geometry": {"type": "LineString", "coordinates": [[-8.6817422, 41.1771361], [-8.6817484, 41.1771971]]}, "properties": {"street_name": null, "municipio": "Matosinhos", "count": 4, "top_infraction": "imbecis", "first_year": "2024", "last_year": "2024", "type_breakdown": "{\"imbecis\": 4}", "monthly_breakdown": "{\"2024-06\": 3, \"2024-12\": 1}"}}, {"type": "Feature", "geometry": {"type": "LineString", "coordinates": [[-8.6873931, 41.17861049999999], [-8.6875302, 41.1785992]]}, "properties": {"street_name": null, "municipio": "Matosinhos", "count": 1, "top_infraction": "imbecis", "first_year": "2024", "last_year": "2024", "type_breakdown": "{\"imbecis\": 1}", "monthly_breakdown": "{\"2024-10\": 1}"}}, {"type": "Feature", "geometry": {"type": "LineString", "coordinates": [[-8.6932463, 41.1865566], [-8.6934632, 41.18680950000001], [-8.6936217, 41.18698880000001]]}, "properties": {"street_name": "Rua de França Júnior", "municipio": "Matosinhos", "count": 2, "top_infraction": "imbecis", "first_year": "2024", "last_year": "2024", "type_breakdown": "{\"imbecis\": 2}", "monthly_breakdown": "{\"2024-10\": 2}"}}, {"type": "Feature", "geometry": {"type": "LineString", "coordinates": [[-8.6283871, 41.1607281], [-8.6280649, 41.161766400000005], [-8.6280341, 41.161864099999995], [-8.6280202, 41.1619165], [-8.6280182, 41.16197459999999], [-8.628041700000002, 41.162028499999984], [-8.6281244, 41.162151699999995]]}, "properties": {"street_name": null, "municipio": "Porto", "count": 1, "top_infraction": "imbecis", "first_year": "2025", "last_year": "2025", "type_breakdown": "{\"imbecis\": 1}", "monthly_breakdown": "{\"2025-06\": 1}"}}, {"type": "Feature", "geometry": {"type": "LineString", "coordinates": [[-8.6092886, 41.1750452], [-8.6094831, 41.17492510000002], [-8.6098055, 41.17454729999999]]}, "properties": {"street_name": null, "municipio": "Porto", "count": 1, "top_infraction": "imbecis", "first_year": "2024", "last_year": "2024", "type_breakdown": "{\"imbecis\": 1}", "monthly_breakdown": "{\"2024-05\": 1}"}}, {"type": "Feature", "geometry": {"type": "LineString", "coordinates": [[-8.6288134, 41.1676876], [-8.627719500000001, 41.1672044], [-8.6273048, 41.16702840000001], [-8.6273122, 41.16701239999999]]}, "properties": {"street_name": null, "municipio": "Porto", "count": 1, "top_infraction": "imbecis", "first_year": "2024", "last_year": "2024", "type_breakdown": "{\"imbecis\": 1}", "monthly_breakdown": "{\"2024-03\": 1}"}}, {"type": "Feature", "geometry": {"type": "LineString", "coordinates": [[-8.6220325, 41.16889909999998], [-8.6221026, 41.168815899999984], [-8.6221827, 41.16873209999999], [-8.6222361, 41.1686734], [-8.6222784, 41.168616799999995], [-8.6223066, 41.16855489999999], [-8.6223271, 41.1684958], [-8.6223487, 41.16843630000001], [-8.6223647, 41.1683593], [-8.6223724, 41.1682824], [-8.6223704, 41.1679912], [-8.6223699, 41.167953], [-8.6223709, 41.1678003]]}, "properties": {"street_name": null, "municipio": "Porto", "count": 1, "top_infraction": "imbecis", "first_year": "2024", "last_year": "2024", "type_breakdown": "{\"imbecis\": 1}", "monthly_breakdown": "{\"2024-04\": 1}"}}, {"type": "Feature", "geometry": {"type": "LineString", "coordinates": [[-8.6281244, 41.162151699999995], [-8.6280133, 41.1621639], [-8.6279266, 41.16219869999999], [-8.6278563, 41.1622484]]}, "properties": {"street_name": "Rua de Vieira Portuense", "municipio": "Porto", "count": 1, "top_infraction": "imbecis", "first_year": "2025", "last_year": "2025", "type_breakdown": "{\"imbecis\": 1}", "monthly_breakdown": "{\"2025-12\": 1}"}}, {"type": "Feature", "geometry": {"type": "LineString", "coordinates": [[-8.6281244, 41.162151699999995], [-8.6282048, 41.1622312], [-8.6293224, 41.163313499999994], [-8.6293989, 41.1633929], [-8.6294076, 41.1634019], [-8.6294062, 41.1634201], [-8.6293828, 41.16343779999999], [-8.6292051, 41.1635223], [-8.6292266, 41.163550599999986]]}, "properties": {"street_name": null, "municipio": "Porto", "count": 9, "top_infraction": "imbecis", "first_year": "2024", "last_year": "2026", "type_breakdown": "{\"imbecis\": 9}", "monthly_breakdown": "{\"2026-02\": 1, \"2025-10\": 5, \"2024-05\": 2, \"2025-12\": 1}"}}, {"type": "Feature", "geometry": {"type": "LineString", "coordinates": [[-8.6303157, 41.1651158], [-8.6302686, 41.16506149999999], [-8.6299119, 41.1650252], [-8.6298499, 41.16501569999999], [-8.6297939, 41.16498779999999], [-8.6297698, 41.1649572], [-8.629763, 41.1649485], [-8.629755100000002, 41.1649221], [-8.6297645, 41.1648538], [-8.6297795, 41.164777], [-8.629783, 41.164718199999996], [-8.6297813, 41.164639799999996], [-8.6297776, 41.16461000000001], [-8.6297692, 41.164542299999994], [-8.6297463, 41.1644656]]}, "properties": {"street_name": null, "municipio": "Porto", "count": 3, "top_infraction": "imbecis", "first_year": "2025", "last_year": "2026", "type_breakdown": "{\"imbecis\": 3}", "monthly_breakdown": "{\"2025-09\": 1, \"2026-03\": 1, \"2026-04\": 1}"}}, {"type": "Feature", "geometry": {"type": "LineString", "coordinates": [[-8.6297463, 41.1644656], [-8.6297311, 41.164414099999995], [-8.6296993, 41.16433949999999], [-8.6296576, 41.164258], [-8.6295429, 41.1640997], [-8.6292074, 41.163672000000005], [-8.6291965, 41.163641799999986], [-8.6292012, 41.16361560000001], [-8.6292509, 41.1635817], [-8.6292266, 41.163550599999986]]}, "properties": {"street_name": null, "municipio": "Porto", "count": 1, "top_infraction": "imbecis", "first_year": "2025", "last_year": "2025", "type_breakdown": "{\"imbecis\": 1}", "monthly_breakdown": "{\"2025-10\": 1}"}}, {"type": "Feature", "geometry": {"type": "LineString", "coordinates": [[-8.6109324, 41.165448099999985], [-8.6109341, 41.16562059999999], [-8.6109268, 41.165732199999994], [-8.6108909, 41.1667199], [-8.610888600000001, 41.1667825]]}, "properties": {"street_name": "Rua de Antero de Quental", "municipio": "Porto", "count": 1, "top_infraction": "imbecis", "first_year": "2025", "last_year": "2025", "type_breakdown": "{\"imbecis\": 1}", "monthly_breakdown": "{\"2025-11\": 1}"}}, {"type": "Feature", "geometry": {"type": "LineString", "coordinates": [[-8.6926386, 41.18821649999999], [-8.6923246, 41.1883134], [-8.6919628, 41.188270499999994], [-8.6912617, 41.1883859], [-8.6908123, 41.188424899999994], [-8.6902162, 41.18843989999999], [-8.6872099, 41.188475], [-8.6870329, 41.1884828], [-8.6866395, 41.188531], [-8.6864204, 41.1885754], [-8.6862618, 41.1886079], [-8.6861354, 41.18861549999999], [-8.6859905, 41.18860269999999], [-8.6858591, 41.188563800000004], [-8.6855702, 41.1885128]]}, "properties": {"street_name": null, "municipio": "Matosinhos", "count": 2, "top_infraction": "imbecis", "first_year": "2025", "last_year": "2025", "type_breakdown": "{\"imbecis\": 2}", "monthly_breakdown": "{\"2025-06\": 2}"}}, {"type": "Feature", "geometry": {"type": "LineString", "coordinates": [[-8.6363837, 41.1525575], [-8.6362346, 41.1525246]]}, "properties": {"street_name": "Rua do Campo Alegre", "municipio": "Porto", "count": 1, "top_infraction": "imbecis", "first_year": "2024", "last_year": "2024", "type_breakdown": "{\"imbecis\": 1}", "monthly_breakdown": "{\"2024-05\": 1}"}}, {"type": "Feature", "geometry": {"type": "LineString", "coordinates": [[-8.6618323, 41.1634531], [-8.6621785, 41.1635124], [-8.6622029, 41.1635164], [-8.6622347, 41.16352200000001], [-8.66231, 41.1635335], [-8.6623938, 41.1635486]]}, "properties": {"street_name": "Avenida da Boavista", "municipio": "Porto", "count": 1, "top_infraction": "imbecis", "first_year": "2026", "last_year": "2026", "type_breakdown": "{\"imbecis\": 1}", "monthly_breakdown": "{\"2026-01\": 1}"}}, {"type": "Feature", "geometry": {"type": "LineString", "coordinates": [[-8.6430826, 41.172664299999994], [-8.643485, 41.172990999999996]]}, "properties": {"street_name": "Rua Engenheiro Ferreira Dias", "municipio": "Porto", "count": 7, "top_infraction": "imbecis", "first_year": "2025", "last_year": "2025", "type_breakdown": "{\"imbecis\": 7}", "monthly_breakdown": "{\"2025-04\": 1, \"2025-03\": 2, \"2025-10\": 2, \"2025-11\": 2}"}}, {"type": "Feature", "geometry": {"type": "LineString", "coordinates": [[-8.6424484, 41.1720347], [-8.642508, 41.1721169], [-8.6426973, 41.1723405]]}, "properties": {"street_name": "Rua Engenheiro Ferreira Dias", "municipio": "Porto", "count": 1, "top_infraction": "imbecis", "first_year": "2025", "last_year": "2025", "type_breakdown": "{\"imbecis\": 1}", "monthly_breakdown": "{\"2025-04\": 1}"}}, {"type": "Feature", "geometry": {"type": "LineString", "coordinates": [[-8.6424484, 41.1720347], [-8.6425632, 41.1719336], [-8.6426799, 41.1720355]]}, "properties": {"street_name": null, "municipio": "Porto", "count": 1, "top_infraction": "imbecis", "first_year": "2025", "last_year": "2025", "type_breakdown": "{\"imbecis\": 1}", "monthly_breakdown": "{\"2025-04\": 1}"}}, {"type": "Feature", "geometry": {"type": "LineString", "coordinates": [[-8.6409962, 41.1593024], [-8.6409822, 41.15934810000001], [-8.6409755, 41.1593698]]}, "properties": {"street_name": null, "municipio": "Porto", "count": 1, "top_infraction": "imbecis", "first_year": "2025", "last_year": "2025", "type_breakdown": "{\"imbecis\": 1}", "monthly_breakdown": "{\"2025-04\": 1}"}}, {"type": "Feature", "geometry": {"type": "LineString", "coordinates": [[-8.6339491, 41.15252509999999], [-8.6335704, 41.1525732]]}, "properties": {"street_name": "Rua do Campo Alegre", "municipio": "Porto", "count": 2, "top_infraction": "imbecis", "first_year": "2024", "last_year": "2024", "type_breakdown": "{\"imbecis\": 2}", "monthly_breakdown": "{\"2024-12\": 2}"}}, {"type": "Feature", "geometry": {"type": "LineString", "coordinates": [[-8.6344429, 41.1518666], [-8.634455900000003, 41.151576899999995], [-8.634458, 41.15147169999999]]}, "properties": {"street_name": "Rua do Gólgota", "municipio": "Porto", "count": 1, "top_infraction": "imbecis", "first_year": "2024", "last_year": "2024", "type_breakdown": "{\"imbecis\": 1}", "monthly_breakdown": "{\"2024-11\": 1}"}}, {"type": "Feature", "geometry": {"type": "LineString", "coordinates": [[-8.6813261, 41.17827619999999], [-8.6812881, 41.17793480000001]]}, "properties": {"street_name": "Avenida Dom Afonso Henriques", "municipio": "Matosinhos", "count": 1, "top_infraction": "imbecis", "first_year": "2024", "last_year": "2024", "type_breakdown": "{\"imbecis\": 1}", "monthly_breakdown": "{\"2024-06\": 1}"}}, {"type": "Feature", "geometry": {"type": "LineString", "coordinates": [[-8.6832599, 41.178848], [-8.683365, 41.1788401], [-8.6835351, 41.1788269]]}, "properties": {"street_name": "Avenida Menéres", "municipio": "Matosinhos", "count": 1, "top_infraction": "imbecis", "first_year": "2024", "last_year": "2024", "type_breakdown": "{\"imbecis\": 1}", "monthly_breakdown": "{\"2024-10\": 1}"}}, {"type": "Feature", "geometry": {"type": "LineString", "coordinates": [[-8.6853501, 41.17705219999999], [-8.6852529, 41.17705869999999]]}, "properties": {"street_name": null, "municipio": "Matosinhos", "count": 1, "top_infraction": "imbecis", "first_year": "2024", "last_year": "2024", "type_breakdown": "{\"imbecis\": 1}", "monthly_breakdown": "{\"2024-06\": 1}"}}, {"type": "Feature", "geometry": {"type": "LineString", "coordinates": [[-8.6814126, 41.176967000000005], [-8.681186, 41.1769824]]}, "properties": {"street_name": null, "municipio": "Matosinhos", "count": 1, "top_infraction": "imbecis", "first_year": "2024", "last_year": "2024", "type_breakdown": "{\"imbecis\": 1}", "monthly_breakdown": "{\"2024-07\": 1}"}}, {"type": "Feature", "geometry": {"type": "LineString", "coordinates": [[-8.6813954, 41.1768368], [-8.6811577, 41.17685079999999]]}, "properties": {"street_name": null, "municipio": "Matosinhos", "count": 2, "top_infraction": "imbecis", "first_year": "2024", "last_year": "2024", "type_breakdown": "{\"imbecis\": 2}", "monthly_breakdown": "{\"2024-07\": 2}"}}, {"type": "Feature", "geometry": {"type": "LineString", "coordinates": [[-8.681343500000002, 41.17642949999998], [-8.6811109, 41.1764436]]}, "properties": {"street_name": null, "municipio": "Matosinhos", "count": 1, "top_infraction": "imbecis", "first_year": "2024", "last_year": "2024", "type_breakdown": "{\"imbecis\": 1}", "monthly_breakdown": "{\"2024-06\": 1}"}}, {"type": "Feature", "geometry": {"type": "LineString", "coordinates": [[-8.6813272, 41.17629939999999], [-8.681095, 41.176316199999995]]}, "properties": {"street_name": null, "municipio": "Matosinhos", "count": 1, "top_infraction": "imbecis", "first_year": "2024", "last_year": "2024", "type_breakdown": "{\"imbecis\": 1}", "monthly_breakdown": "{\"2024-07\": 1}"}}, {"type": "Feature", "geometry": {"type": "LineString", "coordinates": [[-8.6825694, 41.1770227], [-8.6814716, 41.17709819999999]]}, "properties": {"street_name": "Ciclovia da Praia", "municipio": "Matosinhos", "count": 1, "top_infraction": "imbecis", "first_year": "2024", "last_year": "2024", "type_breakdown": "{\"imbecis\": 1}", "monthly_breakdown": "{\"2024-07\": 1}"}}, {"type": "Feature", "geometry": {"type": "LineString", "coordinates": [[-8.6826577, 41.17706999999999], [-8.682652, 41.17701689999999]]}, "properties": {"street_name": null, "municipio": "Matosinhos", "count": 1, "top_infraction": "imbecis", "first_year": "2024", "last_year": "2024", "type_breakdown": "{\"imbecis\": 1}", "monthly_breakdown": "{\"2024-07\": 1}"}}, {"type": "Feature", "geometry": {"type": "LineString", "coordinates": [[-8.6812408, 41.17605660000001], [-8.6811487, 41.1752826]]}, "properties": {"street_name": null, "municipio": "Matosinhos", "count": 2, "top_infraction": "imbecis", "first_year": "2024", "last_year": "2024", "type_breakdown": "{\"imbecis\": 2}", "monthly_breakdown": "{\"2024-06\": 2}"}}, {"type": "Feature", "geometry": {"type": "LineString", "coordinates": [[-8.689386, 41.17875409999999], [-8.6894291, 41.17912590000001]]}, "properties": {"street_name": "Rua de Brito Capelo", "municipio": "Matosinhos", "count": 1, "top_infraction": "imbecis", "first_year": "2024", "last_year": "2024", "type_breakdown": "{\"imbecis\": 1}", "monthly_breakdown": "{\"2024-10\": 1}"}}, {"type": "Feature", "geometry": {"type": "LineString", "coordinates": [[-8.6871326, 41.180150100000006], [-8.6870115, 41.1801596]]}, "properties": {"street_name": "Avenida da República", "municipio": "Matosinhos", "count": 1, "top_infraction": "imbecis", "first_year": "2025", "last_year": "2025", "type_breakdown": "{\"imbecis\": 1}", "monthly_breakdown": "{\"2025-12\": 1}"}}, {"type": "Feature", "geometry": {"type": "LineString", "coordinates": [[-8.6812068, 41.17839419999999], [-8.681233, 41.17867630000001], [-8.6812359, 41.17870719999999], [-8.6812289, 41.17874309999999], [-8.6812058, 41.17879239999999], [-8.6811628, 41.178849099999994]]}, "properties": {"street_name": "Avenida Dom Afonso Henriques", "municipio": "Matosinhos", "count": 1, "top_infraction": "imbecis", "first_year": "2025", "last_year": "2025", "type_breakdown": "{\"imbecis\": 1}", "monthly_breakdown": "{\"2025-03\": 1}"}}, {"type": "Feature", "geometry": {"type": "LineString", "coordinates": [[-8.6814877, 41.177207499999994], [-8.6814799, 41.177155000000006]]}, "properties": {"street_name": null, "municipio": "Matosinhos", "count": 1, "top_infraction": "imbecis", "first_year": "2024", "last_year": "2024", "type_breakdown": "{\"imbecis\": 1}", "monthly_breakdown": "{\"2024-06\": 1}"}}, {"type": "Feature", "geometry": {"type": "LineString", "coordinates": [[-8.6131871, 41.176475200000006], [-8.612533600000003, 41.1765705], [-8.6123022, 41.176600799999996], [-8.612123200000001, 41.1766054], [-8.6119529, 41.176580599999994], [-8.6118289, 41.17658230000001]]}, "properties": {"street_name": null, "municipio": "Porto", "count": 1, "top_infraction": "imbecis", "first_year": "2024", "last_year": "2024", "type_breakdown": "{\"imbecis\": 1}", "monthly_breakdown": "{\"2024-04\": 1}"}}, {"type": "Feature", "geometry": {"type": "LineString", "coordinates": [[-8.641764, 41.159525599999995], [-8.6418174, 41.1593559]]}, "properties": {"street_name": null, "municipio": "Porto", "count": 1, "top_infraction": "imbecis", "first_year": "2025", "last_year": "2025", "type_breakdown": "{\"imbecis\": 1}", "monthly_breakdown": "{\"2025-01\": 1}"}}, {"type": "Feature", "geometry": {"type": "LineString", "coordinates": [[-8.6405121, 41.159858500000006], [-8.6404958, 41.1599163], [-8.6404904, 41.1599353], [-8.6404645, 41.16002699999999]]}, "properties": {"street_name": null, "municipio": "Porto", "count": 1, "top_infraction": "imbecis", "first_year": "2025", "last_year": "2025", "type_breakdown": "{\"imbecis\": 1}", "monthly_breakdown": "{\"2025-01\": 1}"}}, {"type": "Feature", "geometry": {"type": "LineString", "coordinates": [[-8.6396294, 41.159530700000005], [-8.6396196, 41.159563600000006], [-8.6396025, 41.1596209]]}, "properties": {"street_name": null, "municipio": "Porto", "count": 4, "top_infraction": "imbecis", "first_year": "2024", "last_year": "2025", "type_breakdown": "{\"imbecis\": 4}", "monthly_breakdown": "{\"2025-01\": 3, \"2024-12\": 1}"}}, {"type": "Feature", "geometry": {"type": "LineString", "coordinates": [[-8.6395522, 41.1595177], [-8.6395428, 41.15955069999999], [-8.6395264, 41.1596083]]}, "properties": {"street_name": null, "municipio": "Porto", "count": 1, "top_infraction": "imbecis", "first_year": "2025", "last_year": "2025", "type_breakdown": "{\"imbecis\": 1}", "monthly_breakdown": "{\"2025-01\": 1}"}}, {"type": "Feature", "geometry": {"type": "LineString", "coordinates": [[-8.6386121, 41.159067400000005], [-8.6385338, 41.159322]]}, "properties": {"street_name": null, "municipio": "Porto", "count": 1, "top_infraction": "imbecis", "first_year": "2025", "last_year": "2025", "type_breakdown": "{\"imbecis\": 1}", "monthly_breakdown": "{\"2025-01\": 1}"}}, {"type": "Feature", "geometry": {"type": "LineString", "coordinates": [[-8.6358494, 41.15951869999999], [-8.635943, 41.159756900000005]]}, "properties": {"street_name": "Rua João de Deus", "municipio": "Porto", "count": 3, "top_infraction": "imbecis", "first_year": "2024", "last_year": "2025", "type_breakdown": "{\"imbecis\": 3}", "monthly_breakdown": "{\"2024-07\": 1, \"2025-01\": 1, \"2025-03\": 1}"}}, {"type": "Feature", "geometry": {"type": "LineString", "coordinates": [[-8.6405943, 41.15995269999999], [-8.6405646, 41.1599687], [-8.640543500000001, 41.1599901], [-8.6405279, 41.1600219], [-8.6405197, 41.160049799999996], [-8.6404696, 41.160220200000005]]}, "properties": {"street_name": null, "municipio": "Porto", "count": 1, "top_infraction": "imbecis", "first_year": "2025", "last_year": "2025", "type_breakdown": "{\"imbecis\": 1}", "monthly_breakdown": "{\"2025-01\": 1}"}}, {"type": "Feature", "geometry": {"type": "LineString", "coordinates": [[-8.6404886, 41.16022369999999], [-8.6405307, 41.16007270000001], [-8.6405407, 41.160055], [-8.6405556, 41.160044299999996], [-8.6405815, 41.1600364], [-8.6406205, 41.160031499999995], [-8.6406584, 41.160029099999996], [-8.6407055, 41.160035]]}, "properties": {"street_name": null, "municipio": "Porto", "count": 1, "top_infraction": "imbecis", "first_year": "2025", "last_year": "2025", "type_breakdown": "{\"imbecis\": 1}", "monthly_breakdown": "{\"2025-01\": 1}"}}, {"type": "Feature", "geometry": {"type": "LineString", "coordinates": [[-8.6121057, 41.1958616], [-8.612297, 41.1958269]]}, "properties": {"street_name": "Rua Doutor Sá e Melo", "municipio": "Matosinhos", "count": 1, "top_infraction": "imbecis", "first_year": "2025", "last_year": "2025", "type_breakdown": "{\"imbecis\": 1}", "monthly_breakdown": "{\"2025-10\": 1}"}}, {"type": "Feature", "geometry": {"type": "LineString", "coordinates": [[-8.666717, 41.1824873], [-8.6666632, 41.182452], [-8.6666046, 41.182388499999995], [-8.6663915, 41.182130699999995]]}, "properties": {"street_name": "Avenida do Doutor Edison Magalhães", "municipio": "Matosinhos", "count": 2, "top_infraction": "imbecis", "first_year": "2025", "last_year": "2025", "type_breakdown": "{\"imbecis\": 2}", "monthly_breakdown": "{\"2025-12\": 2}"}}, {"type": "Feature", "geometry": {"type": "LineString", "coordinates": [[-8.6422921, 41.15446949999999], [-8.6423815, 41.1542132], [-8.6423952, 41.15417389999999], [-8.6424267, 41.154070999999995]]}, "properties": {"street_name": "Rua de António Cardoso", "municipio": "Porto", "count": 1, "top_infraction": "imbecis", "first_year": "2024", "last_year": "2024", "type_breakdown": "{\"imbecis\": 1}", "monthly_breakdown": "{\"2024-12\": 1}"}}, {"type": "Feature", "geometry": {"type": "LineString", "coordinates": [[-8.6278155, 41.154653700000004], [-8.6279496, 41.1546502], [-8.6279421, 41.15453639999999]]}, "properties": {"street_name": null, "municipio": "Porto", "count": 1, "top_infraction": "imbecis", "first_year": "2025", "last_year": "2025", "type_breakdown": "{\"imbecis\": 1}", "monthly_breakdown": "{\"2025-01\": 1}"}}, {"type": "Feature", "geometry": {"type": "LineString", "coordinates": [[-8.6279421, 41.15453639999999], [-8.6278423, 41.15454039999999], [-8.6270269, 41.1545766], [-8.6269795, 41.1545787], [-8.6268237, 41.1545861]]}, "properties": {"street_name": "Rua de São Paulo", "municipio": "Porto", "count": 1, "top_infraction": "imbecis", "first_year": "2025", "last_year": "2025", "type_breakdown": "{\"imbecis\": 1}", "monthly_breakdown": "{\"2025-02\": 1}"}}, {"type": "Feature", "geometry": {"type": "LineString", "coordinates": [[-8.6216938, 41.1640213], [-8.6224174, 41.16410609999999]]}, "properties": {"street_name": "Rua da Constituição", "municipio": "Porto", "count": 3, "top_infraction": "imbecis", "first_year": "2025", "last_year": "2025", "type_breakdown": "{\"imbecis\": 3}", "monthly_breakdown": "{\"2025-11\": 2, \"2025-10\": 1}"}}, {"type": "Feature", "geometry": {"type": "LineString", "coordinates": [[-8.6330398, 41.163843299999996], [-8.6325678, 41.16405209999999], [-8.632373, 41.1642027], [-8.6322544, 41.1643775]]}, "properties": {"street_name": "Rua de Pedro Hispano", "municipio": "Porto", "count": 4, "top_infraction": "imbecis", "first_year": "2025", "last_year": "2026", "type_breakdown": "{\"imbecis\": 4}", "monthly_breakdown": "{\"2026-01\": 1, \"2025-10\": 3}"}}, {"type": "Feature", "geometry": {"type": "LineString", "coordinates": [[-8.6384671, 41.16371800000002], [-8.6383768, 41.16371190000001], [-8.6383367, 41.163705499999985], [-8.6383001, 41.1636917], [-8.6382707, 41.163672700000006], [-8.6382482, 41.16364899999999], [-8.6382337, 41.163622], [-8.6382282, 41.163593199999994], [-8.638232, 41.1635642], [-8.6383482, 41.163332999999994], [-8.6383671, 41.1632953], [-8.6384243, 41.163181499999986], [-8.6383826, 41.1631192]]}, "properties": {"street_name": null, "municipio": "Porto", "count": 1, "top_infraction": "imbecis", "first_year": "2024", "last_year": "2024", "type_breakdown": "{\"imbecis\": 1}", "monthly_breakdown": "{\"2024-09\": 1}"}}, {"type": "Feature", "geometry": {"type": "LineString", "coordinates": [[-8.626618, 41.1575548], [-8.6265694, 41.1577037]]}, "properties": {"street_name": null, "municipio": "Porto", "count": 1, "top_infraction": "imbecis", "first_year": "2025", "last_year": "2025", "type_breakdown": "{\"imbecis\": 1}", "monthly_breakdown": "{\"2025-03\": 1}"}}, {"type": "Feature", "geometry": {"type": "LineString", "coordinates": [[-8.697044, 41.19075229999999], [-8.696972900000002, 41.1907439], [-8.6968829, 41.190747599999995], [-8.6967753, 41.1907625], [-8.6966914, 41.190773599999986]]}, "properties": {"street_name": "Rua de Hintze Ribeiro", "municipio": "Matosinhos", "count": 1, "top_infraction": "imbecis", "first_year": "2025", "last_year": "2025", "type_breakdown": "{\"imbecis\": 1}", "monthly_breakdown": "{\"2025-10\": 1}"}}, {"type": "Feature", "geometry": {"type": "LineString", "coordinates": [[-8.6930475, 41.18628069999998], [-8.6930856, 41.186259299999996], [-8.693555, 41.186006]]}, "properties": {"street_name": "Rua Conde de São Salvador", "municipio": "Matosinhos", "count": 1, "top_infraction": "imbecis", "first_year": "2024", "last_year": "2024", "type_breakdown": "{\"imbecis\": 1}", "monthly_breakdown": "{\"2024-10\": 1}"}}, {"type": "Feature", "geometry": {"type": "LineString", "coordinates": [[-8.6034628, 41.162883900000004], [-8.6032737, 41.1630801], [-8.6031235, 41.1632248], [-8.6019433, 41.1641454], [-8.6018773, 41.1641912]]}, "properties": {"street_name": "Rua do Lindo Vale", "municipio": "Porto", "count": 2, "top_infraction": "imbecis", "first_year": "2025", "last_year": "2025", "type_breakdown": "{\"imbecis\": 2}", "monthly_breakdown": "{\"2025-11\": 2}"}}, {"type": "Feature", "geometry": {"type": "LineString", "coordinates": [[-8.6900615, 41.1823837], [-8.6900239, 41.1823997], [-8.6900055, 41.18240749999999], [-8.6899751, 41.182420799999996]]}, "properties": {"street_name": "Rua de Brito Capelo", "municipio": "Matosinhos", "count": 1, "top_infraction": "imbecis", "first_year": "2024", "last_year": "2024", "type_breakdown": "{\"imbecis\": 1}", "monthly_breakdown": "{\"2024-10\": 1}"}}, {"type": "Feature", "geometry": {"type": "LineString", "coordinates": [[-8.6003221, 41.1799604], [-8.6005066, 41.1795534], [-8.6007127, 41.1796064], [-8.600843, 41.179319199999995]]}, "properties": {"street_name": null, "municipio": "Porto", "count": 1, "top_infraction": "imbecis", "first_year": "2025", "last_year": "2025", "type_breakdown": "{\"imbecis\": 1}", "monthly_breakdown": "{\"2025-05\": 1}"}}, {"type": "Feature", "geometry": {"type": "LineString", "coordinates": [[-8.6648829, 41.19806169999999], [-8.6654239, 41.1984689], [-8.6654472, 41.1985025], [-8.6654472, 41.1985316], [-8.6654275, 41.198562300000006], [-8.6653935, 41.19858809999999], [-8.6653553, 41.19860920000001], [-8.665302900000002, 41.1986217], [-8.665214, 41.198628500000005]]}, "properties": {"street_name": null, "municipio": "Matosinhos", "count": 5, "top_infraction": "imbecis", "first_year": "2025", "last_year": "2025", "type_breakdown": "{\"imbecis\": 5}", "monthly_breakdown": "{\"2025-02\": 5}"}}, {"type": "Feature", "geometry": {"type": "LineString", "coordinates": [[-8.665214, 41.198628500000005], [-8.6645218, 41.1978846], [-8.664490300000002, 41.1978508]]}, "properties": {"street_name": "Rua de Passos Manuel", "municipio": "Matosinhos", "count": 1, "top_infraction": "imbecis", "first_year": "2025", "last_year": "2025", "type_breakdown": "{\"imbecis\": 1}", "monthly_breakdown": "{\"2025-02\": 1}"}}, {"type": "Feature", "geometry": {"type": "LineString", "coordinates": [[-8.6075673, 41.135704999999994], [-8.6064264, 41.135623], [-8.6063407, 41.1356169]]}, "properties": {"street_name": "Rua Cabo Borges", "municipio": "Vila Novade Gaia", "count": 1, "top_infraction": "imbecis", "first_year": "2024", "last_year": "2024", "type_breakdown": "{\"imbecis\": 1}", "monthly_breakdown": "{\"2024-11\": 1}"}}, {"type": "Feature", "geometry": {"type": "LineString", "coordinates": [[-8.6560239, 41.1811395], [-8.6561021, 41.181129699999985], [-8.6563892, 41.18109389999999], [-8.6563926, 41.18109350000001]]}, "properties": {"street_name": null, "municipio": "Matosinhos", "count": 1, "top_infraction": "imbecis", "first_year": "2024", "last_year": "2024", "type_breakdown": "{\"imbecis\": 1}", "monthly_breakdown": "{\"2024-04\": 1}"}}, {"type": "Feature", "geometry": {"type": "LineString", "coordinates": [[-8.6563926, 41.18109350000001], [-8.6565944, 41.180859399999996]]}, "properties": {"street_name": null, "municipio": "Matosinhos", "count": 1, "top_infraction": "imbecis", "first_year": "2024", "last_year": "2024", "type_breakdown": "{\"imbecis\": 1}", "monthly_breakdown": "{\"2024-04\": 1}"}}, {"type": "Feature", "geometry": {"type": "LineString", "coordinates": [[-8.619747300000002, 41.17103440000001], [-8.6199379, 41.171186399999996], [-8.6199574, 41.171201999999994]]}, "properties": {"street_name": null, "municipio": "Porto", "count": 1, "top_infraction": "imbecis", "first_year": "2025", "last_year": "2025", "type_breakdown": "{\"imbecis\": 1}", "monthly_breakdown": "{\"2025-03\": 1}"}}, {"type": "Feature", "geometry": {"type": "LineString", "coordinates": [[-8.626765600000002, 41.1665711], [-8.6275152, 41.16634680000001], [-8.6276843, 41.16629029999999]]}, "properties": {"street_name": "Rua de Pedro Hispano", "municipio": "Porto", "count": 1, "top_infraction": "imbecis", "first_year": "2024", "last_year": "2024", "type_breakdown": "{\"imbecis\": 1}", "monthly_breakdown": "{\"2024-12\": 1}"}}, {"type": "Feature", "geometry": {"type": "LineString", "coordinates": [[-8.6134961, 41.17181939999998], [-8.6135546, 41.1718192], [-8.6136016, 41.17181909999999], [-8.615685, 41.17180729999999], [-8.6160542, 41.171805899999995]]}, "properties": {"street_name": "Rua de Monsanto", "municipio": "Porto", "count": 1, "top_infraction": "imbecis", "first_year": "2024", "last_year": "2024", "type_breakdown": "{\"imbecis\": 1}", "monthly_breakdown": "{\"2024-05\": 1}"}}, {"type": "Feature", "geometry": {"type": "LineString", "coordinates": [[-8.6273122, 41.16701239999999], [-8.6273784, 41.16704080000001], [-8.6285109, 41.1675242], [-8.6287308, 41.167617299999996], [-8.6288332, 41.16766169999998]]}, "properties": {"street_name": "Rua dos Castelos", "municipio": "Porto", "count": 1, "top_infraction": "imbecis", "first_year": "2025", "last_year": "2025", "type_breakdown": "{\"imbecis\": 1}", "monthly_breakdown": "{\"2025-07\": 1}"}}, {"type": "Feature", "geometry": {"type": "LineString", "coordinates": [[-8.665143, 41.1978664], [-8.665011100000001, 41.1979654]]}, "properties": {"street_name": null, "municipio": "Matosinhos", "count": 1, "top_infraction": "imbecis", "first_year": "2025", "last_year": "2025", "type_breakdown": "{\"imbecis\": 1}", "monthly_breakdown": "{\"2025-02\": 1}"}}, {"type": "Feature", "geometry": {"type": "LineString", "coordinates": [[-8.6597851, 41.1566875], [-8.6605435, 41.1563918]]}, "properties": {"street_name": "Rua Diogo do Couto", "municipio": "Porto", "count": 2, "top_infraction": "imbecis", "first_year": "2025", "last_year": "2025", "type_breakdown": "{\"imbecis\": 2}", "monthly_breakdown": "{\"2025-10\": 2}"}}, {"type": "Feature", "geometry": {"type": "LineString", "coordinates": [[-8.6056963, 41.12782049999999], [-8.6056724, 41.1276516], [-8.6056626, 41.1274854], [-8.6057219, 41.12675289999998], [-8.6057269, 41.126709000000005], [-8.6057453, 41.12654419999999]]}, "properties": {"street_name": "Avenida da República", "municipio": "Vila Novade Gaia", "count": 1, "top_infraction": "imbecis", "first_year": "2025", "last_year": "2025", "type_breakdown": "{\"imbecis\": 1}", "monthly_breakdown": "{\"2025-09\": 1}"}}, {"type": "Feature", "geometry": {"type": "LineString", "coordinates": [[-8.6893751, 41.184082199999985], [-8.6892136, 41.183942599999995]]}, "properties": {"street_name": "Rua de Álvaro de Castelões", "municipio": "Matosinhos", "count": 1, "top_infraction": "imbecis", "first_year": "2025", "last_year": "2025", "type_breakdown": "{\"imbecis\": 1}", "monthly_breakdown": "{\"2025-10\": 1}"}}, {"type": "Feature", "geometry": {"type": "LineString", "coordinates": [[-8.6892136, 41.183942599999995], [-8.6891586, 41.18389499999999], [-8.689068, 41.1838239]]}, "properties": {"street_name": "Rua de Álvaro de Castelões", "municipio": "Matosinhos", "count": 1, "top_infraction": "imbecis", "first_year": "2025", "last_year": "2025", "type_breakdown": "{\"imbecis\": 1}", "monthly_breakdown": "{\"2025-11\": 1}"}}, {"type": "Feature", "geometry": {"type": "LineString", "coordinates": [[-8.6883707, 41.183110600000006], [-8.6886818, 41.1829805]]}, "properties": {"street_name": "Rua do Godinho", "municipio": "Matosinhos", "count": 1, "top_infraction": "imbecis", "first_year": "2025", "last_year": "2025", "type_breakdown": "{\"imbecis\": 1}", "monthly_breakdown": "{\"2025-11\": 1}"}}, {"type": "Feature", "geometry": {"type": "LineString", "coordinates": [[-8.6894784, 41.1840814], [-8.6894201, 41.1841211]]}, "properties": {"street_name": null, "municipio": "Matosinhos", "count": 1, "top_infraction": "imbecis", "first_year": "2025", "last_year": "2025", "type_breakdown": "{\"imbecis\": 1}", "monthly_breakdown": "{\"2025-11\": 1}"}}, {"type": "Feature", "geometry": {"type": "LineString", "coordinates": [[-8.689664, 41.1843281], [-8.689605, 41.18427859999999]]}, "properties": {"street_name": "Rua de Álvaro de Castelões", "municipio": "Matosinhos", "count": 1, "top_infraction": "imbecis", "first_year": "2025", "last_year": "2025", "type_breakdown": "{\"imbecis\": 1}", "monthly_breakdown": "{\"2025-10\": 1}"}}, {"type": "Feature", "geometry": {"type": "LineString", "coordinates": [[-8.6897561, 41.184405399999996], [-8.689664, 41.1843281]]}, "properties": {"street_name": "Rua de Álvaro de Castelões", "municipio": "Matosinhos", "count": 1, "top_infraction": "imbecis", "first_year": "2025", "last_year": "2025", "type_breakdown": "{\"imbecis\": 1}", "monthly_breakdown": "{\"2025-10\": 1}"}}, {"type": "Feature", "geometry": {"type": "LineString", "coordinates": [[-8.6899075, 41.18444219999999], [-8.6898472, 41.1844819]]}, "properties": {"street_name": null, "municipio": "Matosinhos", "count": 1, "top_infraction": "imbecis", "first_year": "2025", "last_year": "2025", "type_breakdown": "{\"imbecis\": 1}", "monthly_breakdown": "{\"2025-10\": 1}"}}, {"type": "Feature", "geometry": {"type": "LineString", "coordinates": [[-8.6899627, 41.184488599999995], [-8.6899025, 41.184528300000004]]}, "properties": {"street_name": null, "municipio": "Matosinhos", "count": 2, "top_infraction": "imbecis", "first_year": "2025", "last_year": "2025", "type_breakdown": "{\"imbecis\": 2}", "monthly_breakdown": "{\"2025-10\": 2}"}}, {"type": "Feature", "geometry": {"type": "LineString", "coordinates": [[-8.6899025, 41.184528300000004], [-8.6898472, 41.1844819]]}, "properties": {"street_name": "Rua de Álvaro de Castelões", "municipio": "Matosinhos", "count": 1, "top_infraction": "imbecis", "first_year": "2025", "last_year": "2025", "type_breakdown": "{\"imbecis\": 1}", "monthly_breakdown": "{\"2025-11\": 1}"}}, {"type": "Feature", "geometry": {"type": "LineString", "coordinates": [[-8.6903509, 41.18481489999999], [-8.6902921, 41.1848552]]}, "properties": {"street_name": null, "municipio": "Matosinhos", "count": 1, "top_infraction": "imbecis", "first_year": "2025", "last_year": "2025", "type_breakdown": "{\"imbecis\": 1}", "monthly_breakdown": "{\"2025-11\": 1}"}}, {"type": "Feature", "geometry": {"type": "LineString", "coordinates": [[-8.6902921, 41.1848552], [-8.6900403, 41.1846439]]}, "properties": {"street_name": "Rua de Álvaro de Castelões", "municipio": "Matosinhos", "count": 1, "top_infraction": "imbecis", "first_year": "2025", "last_year": "2025", "type_breakdown": "{\"imbecis\": 1}", "monthly_breakdown": "{\"2025-10\": 1}"}}, {"type": "Feature", "geometry": {"type": "LineString", "coordinates": [[-8.6909743, 41.1848316], [-8.6905397, 41.185013100000006], [-8.6905, 41.18502969999999]]}, "properties": {"street_name": "Rua 1ª de Dezembro", "municipio": "Matosinhos", "count": 1, "top_infraction": "imbecis", "first_year": "2025", "last_year": "2025", "type_breakdown": "{\"imbecis\": 1}", "monthly_breakdown": "{\"2025-10\": 1}"}}, {"type": "Feature", "geometry": {"type": "LineString", "coordinates": [[-8.6185072, 41.153618200000004], [-8.6183052, 41.153048699999985]]}, "properties": {"street_name": "Rua de Cedofeita", "municipio": "Porto", "count": 4, "top_infraction": "imbecis", "first_year": "2025", "last_year": "2025", "type_breakdown": "{\"imbecis\": 4}", "monthly_breakdown": "{\"2025-01\": 3, \"2025-05\": 1}"}}, {"type": "Feature", "geometry": {"type": "LineString", "coordinates": [[-8.6185072, 41.153618200000004], [-8.6185784, 41.1536026], [-8.6188502, 41.1535481], [-8.6192111, 41.1535236]]}, "properties": {"street_name": null, "municipio": "Porto", "count": 1, "top_infraction": "imbecis", "first_year": "2024", "last_year": "2024", "type_breakdown": "{\"imbecis\": 1}", "monthly_breakdown": "{\"2024-08\": 1}"}}, {"type": "Feature", "geometry": {"type": "LineString", "coordinates": [[-8.6187819, 41.15129319999999], [-8.6206949, 41.15080489999999], [-8.6209621, 41.15074070000001], [-8.6210098, 41.15072959999999], [-8.6210956, 41.150709]]}, "properties": {"street_name": "Rua do Breiner", "municipio": "Porto", "count": 3, "top_infraction": "imbecis", "first_year": "2025", "last_year": "2025", "type_breakdown": "{\"imbecis\": 3}", "monthly_breakdown": "{\"2025-05\": 3}"}}, {"type": "Feature", "geometry": {"type": "LineString", "coordinates": [[-8.6026825, 41.16285009999999], [-8.6027656, 41.162911]]}, "properties": {"street_name": null, "municipio": "Porto", "count": 1, "top_infraction": "imbecis", "first_year": "2025", "last_year": "2025", "type_breakdown": "{\"imbecis\": 1}", "monthly_breakdown": "{\"2025-10\": 1}"}}, {"type": "Feature", "geometry": {"type": "LineString", "coordinates": [[-8.6906821, 41.1854764], [-8.690699, 41.1855097]]}, "properties": {"street_name": null, "municipio": "Matosinhos", "count": 1, "top_infraction": "imbecis", "first_year": "2025", "last_year": "2025", "type_breakdown": "{\"imbecis\": 1}", "monthly_breakdown": "{\"2025-10\": 1}"}}, {"type": "Feature", "geometry": {"type": "LineString", "coordinates": [[-8.689575100000003, 41.1843019], [-8.689605, 41.18427859999999]]}, "properties": {"street_name": null, "municipio": "Matosinhos", "count": 1, "top_infraction": "imbecis", "first_year": "2025", "last_year": "2025", "type_breakdown": "{\"imbecis\": 1}", "monthly_breakdown": "{\"2025-10\": 1}"}}, {"type": "Feature", "geometry": {"type": "LineString", "coordinates": [[-8.689605, 41.18427859999999], [-8.689509, 41.184198], [-8.6894201, 41.1841211]]}, "properties": {"street_name": "Rua de Álvaro de Castelões", "municipio": "Matosinhos", "count": 1, "top_infraction": "imbecis", "first_year": "2025", "last_year": "2025", "type_breakdown": "{\"imbecis\": 1}", "monthly_breakdown": "{\"2025-10\": 1}"}}, {"type": "Feature", "geometry": {"type": "LineString", "coordinates": [[-8.6889394, 41.185626], [-8.689044700000002, 41.18569899999999]]}, "properties": {"street_name": "Rua de Conde Alto Mearim", "municipio": "Matosinhos", "count": 1, "top_infraction": "imbecis", "first_year": "2025", "last_year": "2025", "type_breakdown": "{\"imbecis\": 1}", "monthly_breakdown": "{\"2025-10\": 1}"}}, {"type": "Feature", "geometry": {"type": "LineString", "coordinates": [[-8.6187267, 41.1542371], [-8.618567100000002, 41.15378700000001], [-8.6185072, 41.153618200000004]]}, "properties": {"street_name": "Rua de Cedofeita", "municipio": "Porto", "count": 1, "top_infraction": "imbecis", "first_year": "2025", "last_year": "2025", "type_breakdown": "{\"imbecis\": 1}", "monthly_breakdown": "{\"2025-01\": 1}"}}, {"type": "Feature", "geometry": {"type": "LineString", "coordinates": [[-8.629473700000002, 41.163426099999995], [-8.6294275, 41.1633789], [-8.6282666, 41.162248000000005], [-8.6282465, 41.1622288]]}, "properties": {"street_name": "Rua de Vieira Portuense", "municipio": "Porto", "count": 9, "top_infraction": "imbecis", "first_year": "2024", "last_year": "2026", "type_breakdown": "{\"imbecis\": 9}", "monthly_breakdown": "{\"2025-10\": 3, \"2026-02\": 3, \"2024-07\": 3}"}}, {"type": "Feature", "geometry": {"type": "LineString", "coordinates": [[-8.6297021, 41.165035700000004], [-8.6301307, 41.16510009999999]]}, "properties": {"street_name": "Rua da Constituição", "municipio": "Porto", "count": 1, "top_infraction": "imbecis", "first_year": "2025", "last_year": "2025", "type_breakdown": "{\"imbecis\": 1}", "monthly_breakdown": "{\"2025-08\": 1}"}}, {"type": "Feature", "geometry": {"type": "LineString", "coordinates": [[-8.6317726, 41.16461189999998], [-8.6319782, 41.1645119]]}, "properties": {"street_name": "Rua de Pedro Hispano", "municipio": "Porto", "count": 4, "top_infraction": "imbecis", "first_year": "2025", "last_year": "2026", "type_breakdown": "{\"imbecis\": 4}", "monthly_breakdown": "{\"2025-06\": 1, \"2025-04\": 1, \"2026-01\": 1, \"2026-02\": 1}"}}, {"type": "Feature", "geometry": {"type": "LineString", "coordinates": [[-8.6437844, 41.160308900000004], [-8.6436513, 41.16028639999999]]}, "properties": {"street_name": "Avenida da Boavista", "municipio": "Porto", "count": 1, "top_infraction": "imbecis", "first_year": "2025", "last_year": "2025", "type_breakdown": "{\"imbecis\": 1}", "monthly_breakdown": "{\"2025-07\": 1}"}}, {"type": "Feature", "geometry": {"type": "LineString", "coordinates": [[-8.6332638, 41.1586163], [-8.6333784, 41.1586352], [-8.6354484, 41.15897639999999], [-8.6355102, 41.1589866], [-8.6357635, 41.15902849999999]]}, "properties": {"street_name": "Metrobus", "municipio": "Porto", "count": 1, "top_infraction": "imbecis", "first_year": "2025", "last_year": "2025", "type_breakdown": "{\"imbecis\": 1}", "monthly_breakdown": "{\"2025-02\": 1}"}}, {"type": "Feature", "geometry": {"type": "LineString", "coordinates": [[-8.6006385, 41.15403820000001], [-8.600557, 41.1544738], [-8.6005458, 41.154533900000004]]}, "properties": {"street_name": "Rua de Anselmo Braamcamp", "municipio": "Porto", "count": 2, "top_infraction": "imbecis", "first_year": "2025", "last_year": "2025", "type_breakdown": "{\"imbecis\": 2}", "monthly_breakdown": "{\"2025-03\": 2}"}}, {"type": "Feature", "geometry": {"type": "LineString", "coordinates": [[-8.601930100000002, 41.1464229], [-8.6019548, 41.146834999999996]]}, "properties": {"street_name": "Rua de Dom João IV", "municipio": "Porto", "count": 1, "top_infraction": "imbecis", "first_year": "2024", "last_year": "2024", "type_breakdown": "{\"imbecis\": 1}", "monthly_breakdown": "{\"2024-06\": 1}"}}, {"type": "Feature", "geometry": {"type": "LineString", "coordinates": [[-8.601930100000002, 41.1464229], [-8.601806, 41.1464643], [-8.6012171, 41.14665780000001], [-8.6007732, 41.14679749999999], [-8.6006194, 41.1468666], [-8.6005322, 41.14691299999999]]}, "properties": {"street_name": "Rua do Morgado de Mateus", "municipio": "Porto", "count": 4, "top_infraction": "imbecis", "first_year": "2024", "last_year": "2024", "type_breakdown": "{\"imbecis\": 4}", "monthly_breakdown": "{\"2024-07\": 4}"}}, {"type": "Feature", "geometry": {"type": "LineString", "coordinates": [[-8.600131, 41.1510849], [-8.6002098, 41.1510794], [-8.6003165, 41.15107199999999], [-8.6004777, 41.1510638], [-8.6011714, 41.1510467]]}, "properties": {"street_name": "Rua da Firmeza", "municipio": "Porto", "count": 1, "top_infraction": "imbecis", "first_year": "2025", "last_year": "2025", "type_breakdown": "{\"imbecis\": 1}", "monthly_breakdown": "{\"2025-03\": 1}"}}, {"type": "Feature", "geometry": {"type": "LineString", "coordinates": [[-8.6593864, 41.181967699999994], [-8.659285, 41.18188649999999], [-8.659261, 41.18186729999999], [-8.6592228, 41.1818945], [-8.6592017, 41.18190959999999], [-8.6590315, 41.18203069999999], [-8.6590123, 41.1820443]]}, "properties": {"street_name": null, "municipio": "Matosinhos", "count": 1, "top_infraction": "imbecis", "first_year": "2024", "last_year": "2024", "type_breakdown": "{\"imbecis\": 1}", "monthly_breakdown": "{\"2024-10\": 1}"}}, {"type": "Feature", "geometry": {"type": "LineString", "coordinates": [[-8.6590123, 41.1820443], [-8.6589907, 41.18205970000001], [-8.658689, 41.18227449999999], [-8.6586729, 41.18228599999998]]}, "properties": {"street_name": null, "municipio": "Matosinhos", "count": 1, "top_infraction": "imbecis", "first_year": "2025", "last_year": "2025", "type_breakdown": "{\"imbecis\": 1}", "monthly_breakdown": "{\"2025-10\": 1}"}}, {"type": "Feature", "geometry": {"type": "LineString", "coordinates": [[-8.6903595, 41.17830180000001], [-8.6903461, 41.178292199999994], [-8.6903279, 41.1782859], [-8.6903081, 41.17828449999999], [-8.6902567, 41.178282499999995], [-8.6901984, 41.1782827]]}, "properties": {"street_name": null, "municipio": "Matosinhos", "count": 1, "top_infraction": "imbecis", "first_year": "2024", "last_year": "2024", "type_breakdown": "{\"imbecis\": 1}", "monthly_breakdown": "{\"2024-06\": 1}"}}, {"type": "Feature", "geometry": {"type": "LineString", "coordinates": [[-8.6902204, 41.17839819999999], [-8.690246900000002, 41.178394899999994], [-8.6902729, 41.1783863], [-8.690312100000002, 41.1783749], [-8.690347, 41.178364], [-8.6903602, 41.178354099999986]]}, "properties": {"street_name": null, "municipio": "Matosinhos", "count": 1, "top_infraction": "imbecis", "first_year": "2024", "last_year": "2024", "type_breakdown": "{\"imbecis\": 1}", "monthly_breakdown": "{\"2024-06\": 1}"}}, {"type": "Feature", "geometry": {"type": "LineString", "coordinates": [[-8.619910100000002, 41.152497199999985], [-8.6192752, 41.1524145]]}, "properties": {"street_name": "Rua da Torrinha", "municipio": "Porto", "count": 3, "top_infraction": "imbecis", "first_year": "2025", "last_year": "2025", "type_breakdown": "{\"imbecis\": 3}", "monthly_breakdown": "{\"2025-05\": 2, \"2025-01\": 1}"}}, {"type": "Feature", "geometry": {"type": "LineString", "coordinates": [[-8.6103004, 41.1516428], [-8.6105064, 41.1513742]]}, "properties": {"street_name": "Rua Heróis e Mártires de Angola", "municipio": "Porto", "count": 1, "top_infraction": "imbecis", "first_year": "2025", "last_year": "2025", "type_breakdown": "{\"imbecis\": 1}", "monthly_breakdown": "{\"2025-07\": 1}"}}, {"type": "Feature", "geometry": {"type": "LineString", "coordinates": [[-8.5997153, 41.15329319999999], [-8.5996218, 41.1532331], [-8.599575, 41.1532023], [-8.5995435, 41.153186899999994], [-8.5995099, 41.1531727], [-8.5990823, 41.1530352], [-8.5983095, 41.15281769999999], [-8.5975401, 41.15260119999999]]}, "properties": {"street_name": "Rua Cardeal Dom Américo", "municipio": "Porto", "count": 9, "top_infraction": "imbecis", "first_year": "2024", "last_year": "2025", "type_breakdown": "{\"imbecis\": 9}", "monthly_breakdown": "{\"2025-04\": 1, \"2024-09\": 4, \"2024-10\": 2, \"2025-03\": 2}"}}, {"type": "Feature", "geometry": {"type": "LineString", "coordinates": [[-8.5994778, 41.1545295], [-8.5996819, 41.1534587], [-8.5996917, 41.15341589999999], [-8.5997153, 41.15329319999999]]}, "properties": {"street_name": "Rua de Santos Pousada", "municipio": "Porto", "count": 15, "top_infraction": "imbecis", "first_year": "2024", "last_year": "2025", "type_breakdown": "{\"imbecis\": 15}", "monthly_breakdown": "{\"2024-10\": 5, \"2025-05\": 1, \"2025-02\": 1, \"2025-03\": 2, \"2024-09\": 2, \"2024-12\": 3, \"2025-04\": 1}"}}, {"type": "Feature", "geometry": {"type": "LineString", "coordinates": [[-8.5933392, 41.1710043], [-8.594007, 41.1714834], [-8.5941082, 41.17156739999999], [-8.5941839, 41.1716251], [-8.5942388, 41.171674499999995], [-8.5943143, 41.171751], [-8.5943478, 41.17178579999999], [-8.5944265, 41.17187620000001], [-8.5945063, 41.1719865], [-8.5945689, 41.1720856], [-8.5946296, 41.1722051], [-8.5946766, 41.172329899999994], [-8.5947068, 41.172455299999996], [-8.5947217, 41.172515], [-8.5947285, 41.172576799999995], [-8.5947334, 41.17264099999999], [-8.5947355, 41.172702099999995], [-8.5947324, 41.1727655], [-8.5947281, 41.1728269], [-8.5947229, 41.172899599999994], [-8.5947089, 41.17298009999999], [-8.5946855, 41.1730597], [-8.5945228, 41.1735693]]}, "properties": {"street_name": null, "municipio": "Porto", "count": 6, "top_infraction": "imbecis", "first_year": "2025", "last_year": "2025", "type_breakdown": "{\"imbecis\": 6}", "monthly_breakdown": "{\"2025-10\": 6}"}}, {"type": "Feature", "geometry": {"type": "LineString", "coordinates": [[-8.5831269, 41.18093939999999], [-8.5830672, 41.1809046], [-8.5830281, 41.1808818], [-8.5823907, 41.1805609]]}, "properties": {"street_name": "Estrada Interior da Circunvalação", "municipio": "Porto", "count": 3, "top_infraction": "imbecis", "first_year": "2024", "last_year": "2026", "type_breakdown": "{\"imbecis\": 3}", "monthly_breakdown": "{\"2025-07\": 1, \"2026-01\": 1, \"2024-05\": 1}"}}, {"type": "Feature", "geometry": {"type": "LineString", "coordinates": [[-8.5934679, 41.16055059999999], [-8.5935953, 41.160527699999996], [-8.5936708, 41.16052809999999], [-8.5938402, 41.1605475], [-8.5941358, 41.1605816]]}, "properties": {"street_name": "Rua de Carlos Malheiro Dias", "municipio": "Porto", "count": 1, "top_infraction": "imbecis", "first_year": "2026", "last_year": "2026", "type_breakdown": "{\"imbecis\": 1}", "monthly_breakdown": "{\"2026-02\": 1}"}}, {"type": "Feature", "geometry": {"type": "LineString", "coordinates": [[-8.5943292, 41.1606069], [-8.594434, 41.16062089999999], [-8.5953641, 41.16074079999999], [-8.5956162, 41.1607741], [-8.5965533, 41.1608864], [-8.5966517, 41.1608982]]}, "properties": {"street_name": "Rua de Carlos Malheiro Dias", "municipio": "Porto", "count": 1, "top_infraction": "imbecis", "first_year": "2026", "last_year": "2026", "type_breakdown": "{\"imbecis\": 1}", "monthly_breakdown": "{\"2026-02\": 1}"}}, {"type": "Feature", "geometry": {"type": "LineString", "coordinates": [[-8.5992009, 41.145872], [-8.5990597, 41.1458782], [-8.5990009, 41.14588119999999], [-8.5984614, 41.1459088], [-8.5984005, 41.145911899999994], [-8.598248300000002, 41.1459203]]}, "properties": {"street_name": "Avenida de Rodrigues de Freitas", "municipio": "Porto", "count": 35, "top_infraction": "imbecis", "first_year": "2024", "last_year": "2024", "type_breakdown": "{\"imbecis\": 35}", "monthly_breakdown": "{\"2024-06\": 35}"}}, {"type": "Feature", "geometry": {"type": "LineString", "coordinates": [[-8.598248300000002, 41.1459203], [-8.5982855, 41.14599810000001], [-8.5986793, 41.1469377], [-8.5987301, 41.147058799999996]]}, "properties": {"street_name": "Rua do Duque da Terceira", "municipio": "Porto", "count": 17, "top_infraction": "imbecis", "first_year": "2024", "last_year": "2024", "type_breakdown": "{\"imbecis\": 17}", "monthly_breakdown": "{\"2024-06\": 7, \"2024-04\": 10}"}}, {"type": "Feature", "geometry": {"type": "LineString", "coordinates": [[-8.598248300000002, 41.1459203], [-8.5981485, 41.1459248], [-8.5980719, 41.1459282], [-8.5975783, 41.14595059999999], [-8.597514, 41.14595510000001], [-8.5973603, 41.145966]]}, "properties": {"street_name": "Avenida de Rodrigues de Freitas", "municipio": "Porto", "count": 7, "top_infraction": "imbecis", "first_year": "2024", "last_year": "2024", "type_breakdown": "{\"imbecis\": 7}", "monthly_breakdown": "{\"2024-06\": 1, \"2024-09\": 4, \"2024-08\": 2}"}}, {"type": "Feature", "geometry": {"type": "LineString", "coordinates": [[-8.5973603, 41.145966], [-8.5973296, 41.145855499999996], [-8.5971746, 41.145374200000006], [-8.5971492, 41.14529029999999]]}, "properties": {"street_name": "Rua do Duque da Saldanha", "municipio": "Porto", "count": 1, "top_infraction": "imbecis", "first_year": "2024", "last_year": "2024", "type_breakdown": "{\"imbecis\": 1}", "monthly_breakdown": "{\"2024-06\": 1}"}}, {"type": "Feature", "geometry": {"type": "LineString", "coordinates": [[-8.5973603, 41.145966], [-8.5972705, 41.1459689], [-8.5972019, 41.1459712], [-8.5964424, 41.1460084], [-8.5963752, 41.1460121], [-8.5963184, 41.1460144], [-8.5962572, 41.1460173]]}, "properties": {"street_name": "Avenida de Rodrigues de Freitas", "municipio": "Porto", "count": 5, "top_infraction": "imbecis", "first_year": "2024", "last_year": "2024", "type_breakdown": "{\"imbecis\": 5}", "monthly_breakdown": "{\"2024-04\": 2, \"2024-09\": 3}"}}, {"type": "Feature", "geometry": {"type": "LineString", "coordinates": [[-8.598815, 41.158016200000006], [-8.5987429, 41.158007700000006], [-8.5982323, 41.1579475], [-8.5981359, 41.1579193]]}, "properties": {"street_name": "Praça da Rainha Dona Amélia", "municipio": "Porto", "count": 25, "top_infraction": "imbecis", "first_year": "2024", "last_year": "2025", "type_breakdown": "{\"imbecis\": 25}", "monthly_breakdown": "{\"2024-10\": 9, \"2024-12\": 7, \"2025-04\": 2, \"2025-06\": 2, \"2025-09\": 1, \"2025-10\": 1, \"2024-11\": 2, \"2024-09\": 1}"}}, {"type": "Feature", "geometry": {"type": "LineString", "coordinates": [[-8.5962965, 41.15963889999999], [-8.5952664, 41.159960899999994], [-8.5951923, 41.159984099999996]]}, "properties": {"street_name": "Rua Nova de São Crispim", "municipio": "Porto", "count": 3, "top_infraction": "imbecis", "first_year": "2024", "last_year": "2026", "type_breakdown": "{\"imbecis\": 3}", "monthly_breakdown": "{\"2026-02\": 1, \"2024-09\": 2}"}}, {"type": "Feature", "geometry": {"type": "LineString", "coordinates": [[-8.5929468, 41.1592871], [-8.5928836, 41.1593936], [-8.5927062, 41.1596923], [-8.5926765, 41.1597423], [-8.592652, 41.1597835], [-8.5926032, 41.15986569999999]]}, "properties": {"street_name": "Avenida de Fernão de Magalhães", "municipio": "Porto", "count": 2, "top_infraction": "imbecis", "first_year": "2026", "last_year": "2026", "type_breakdown": "{\"imbecis\": 2}", "monthly_breakdown": "{\"2026-02\": 2}"}}, {"type": "Feature", "geometry": {"type": "LineString", "coordinates": [[-8.5998384, 41.1473465], [-8.5991625, 41.147850899999995], [-8.5990352, 41.147944499999994]]}, "properties": {"street_name": "Rua do Morgado de Mateus", "municipio": "Porto", "count": 3, "top_infraction": "imbecis", "first_year": "2024", "last_year": "2024", "type_breakdown": "{\"imbecis\": 3}", "monthly_breakdown": "{\"2024-08\": 1, \"2024-10\": 1, \"2024-06\": 1}"}}, {"type": "Feature", "geometry": {"type": "LineString", "coordinates": [[-8.5998384, 41.1473465], [-8.5997029, 41.147346], [-8.5988685, 41.14709989999999], [-8.598811700000002, 41.1470825], [-8.5987301, 41.147058799999996]]}, "properties": {"street_name": "Rua do Conde de Ferreira", "municipio": "Porto", "count": 4, "top_infraction": "imbecis", "first_year": "2024", "last_year": "2024", "type_breakdown": "{\"imbecis\": 4}", "monthly_breakdown": "{\"2024-07\": 4}"}}, {"type": "Feature", "geometry": {"type": "LineString", "coordinates": [[-8.5978882, 41.1449772], [-8.5981929, 41.1457877], [-8.5982063, 41.14581989999999], [-8.598248300000002, 41.1459203]]}, "properties": {"street_name": "Rua do Duque da Terceira", "municipio": "Porto", "count": 3, "top_infraction": "imbecis", "first_year": "2024", "last_year": "2024", "type_breakdown": "{\"imbecis\": 3}", "monthly_breakdown": "{\"2024-04\": 3}"}}, {"type": "Feature", "geometry": {"type": "LineString", "coordinates": [[-8.5978882, 41.1449772], [-8.5972825, 41.1452305], [-8.5972242, 41.14525669999999], [-8.5971492, 41.14529029999999]]}, "properties": {"street_name": "Rua Joaquim António de Aguiar", "municipio": "Porto", "count": 1, "top_infraction": "imbecis", "first_year": "2024", "last_year": "2024", "type_breakdown": "{\"imbecis\": 1}", "monthly_breakdown": "{\"2024-04\": 1}"}}, {"type": "Feature", "geometry": {"type": "LineString", "coordinates": [[-8.5987301, 41.147058799999996], [-8.598496, 41.14698649999999], [-8.5977667, 41.1467611], [-8.597706400000002, 41.1467425], [-8.597607, 41.146708]]}, "properties": {"street_name": "Rua do Conde de Ferreira", "municipio": "Porto", "count": 22, "top_infraction": "imbecis", "first_year": "2024", "last_year": "2025", "type_breakdown": "{\"imbecis\": 22}", "monthly_breakdown": "{\"2024-04\": 12, \"2024-06\": 9, \"2025-04\": 1}"}}, {"type": "Feature", "geometry": {"type": "LineString", "coordinates": [[-8.5987301, 41.147058799999996], [-8.5987635, 41.14715569999999], [-8.5989935, 41.1478233], [-8.5990352, 41.147944499999994]]}, "properties": {"street_name": "Rua do Duque da Terceira", "municipio": "Porto", "count": 5, "top_infraction": "imbecis", "first_year": "2024", "last_year": "2024", "type_breakdown": "{\"imbecis\": 5}", "monthly_breakdown": "{\"2024-06\": 4, \"2024-04\": 1}"}}, {"type": "Feature", "geometry": {"type": "LineString", "coordinates": [[-8.597607, 41.146708], [-8.5962976, 41.14630410000001], [-8.5962131, 41.1462791]]}, "properties": {"street_name": "Rua do Conde de Ferreira", "municipio": "Porto", "count": 3, "top_infraction": "imbecis", "first_year": "2024", "last_year": "2024", "type_breakdown": "{\"imbecis\": 3}", "monthly_breakdown": "{\"2024-06\": 2, \"2024-04\": 1}"}}, {"type": "Feature", "geometry": {"type": "LineString", "coordinates": [[-8.597607, 41.146708], [-8.597575900000002, 41.1466127], [-8.5974164, 41.1461237], [-8.5974027, 41.14608529999999], [-8.5973603, 41.145966]]}, "properties": {"street_name": "Rua do Duque da Saldanha", "municipio": "Porto", "count": 34, "top_infraction": "imbecis", "first_year": "2024", "last_year": "2025", "type_breakdown": "{\"imbecis\": 34}", "monthly_breakdown": "{\"2025-03\": 2, \"2024-06\": 27, \"2024-04\": 2, \"2024-08\": 2, \"2024-07\": 1}"}}, {"type": "Feature", "geometry": {"type": "LineString", "coordinates": [[-8.5962131, 41.1462791], [-8.5960516, 41.1464495], [-8.5960367, 41.146465199999994], [-8.595969, 41.146527599999985]]}, "properties": {"street_name": "Largo de Soares dos Reis", "municipio": "Porto", "count": 1, "top_infraction": "imbecis", "first_year": "2024", "last_year": "2024", "type_breakdown": "{\"imbecis\": 1}", "monthly_breakdown": "{\"2024-06\": 1}"}}, {"type": "Feature", "geometry": {"type": "LineString", "coordinates": [[-8.5962131, 41.1462791], [-8.5962403, 41.14622669999999], [-8.5962647, 41.14614610000001], [-8.596265, 41.14608249999999], [-8.5962572, 41.1460173]]}, "properties": {"street_name": "Largo de Soares dos Reis", "municipio": "Porto", "count": 3, "top_infraction": "imbecis", "first_year": "2024", "last_year": "2024", "type_breakdown": "{\"imbecis\": 3}", "monthly_breakdown": "{\"2024-06\": 3}"}}, {"type": "Feature", "geometry": {"type": "LineString", "coordinates": [[-8.5990585, 41.15682209999999], [-8.5989637, 41.15681140000001], [-8.5983773, 41.156744999999994]]}, "properties": {"street_name": "Rua do Monte do Tadeu", "municipio": "Porto", "count": 4, "top_infraction": "imbecis", "first_year": "2024", "last_year": "2024", "type_breakdown": "{\"imbecis\": 4}", "monthly_breakdown": "{\"2024-12\": 1, \"2024-10\": 3}"}}, {"type": "Feature", "geometry": {"type": "LineString", "coordinates": [[-8.5990585, 41.15682209999999], [-8.5993095, 41.15545499999999], [-8.5994681, 41.1545831], [-8.5994778, 41.1545295]]}, "properties": {"street_name": "Rua de Santos Pousada", "municipio": "Porto", "count": 11, "top_infraction": "imbecis", "first_year": "2024", "last_year": "2025", "type_breakdown": "{\"imbecis\": 11}", "monthly_breakdown": "{\"2024-08\": 1, \"2024-11\": 1, \"2025-03\": 4, \"2025-04\": 2, \"2024-09\": 2, \"2024-10\": 1}"}}, {"type": "Feature", "geometry": {"type": "LineString", "coordinates": [[-8.5566203, 41.1727293], [-8.5565615, 41.172763999999994], [-8.5557838, 41.173222899999985], [-8.5557252, 41.17325820000001]]}, "properties": {"street_name": "Rua Pedro Álvares Cabral", "municipio": "Gondomar", "count": 1, "top_infraction": "imbecis", "first_year": "2025", "last_year": "2025", "type_breakdown": "{\"imbecis\": 1}", "monthly_breakdown": "{\"2025-09\": 1}"}}, {"type": "Feature", "geometry": {"type": "LineString", "coordinates": [[-8.5884317, 41.1710963], [-8.5886504, 41.1707553], [-8.589084, 41.170059300000005], [-8.5892029, 41.1698985], [-8.5893016, 41.1698093]]}, "properties": {"street_name": "Rua de Costa Cabral", "municipio": "Porto", "count": 1, "top_infraction": "imbecis", "first_year": "2024", "last_year": "2024", "type_breakdown": "{\"imbecis\": 1}", "monthly_breakdown": "{\"2024-10\": 1}"}}, {"type": "Feature", "geometry": {"type": "LineString", "coordinates": [[-8.5893016, 41.1698093], [-8.5892122, 41.16976329999999], [-8.5891376, 41.1697319], [-8.588100500000001, 41.16934249999999], [-8.5879962, 41.16930249999999]]}, "properties": {"street_name": "['Largo da Cruz', 'Rua de Contumil']", "municipio": "Porto", "count": 2, "top_infraction": "imbecis", "first_year": "2024", "last_year": "2024", "type_breakdown": "{\"imbecis\": 2}", "monthly_breakdown": "{\"2024-10\": 2}"}}, {"type": "Feature", "geometry": {"type": "LineString", "coordinates": [[-8.5893016, 41.1698093], [-8.589141, 41.1698102], [-8.5890913, 41.1698397], [-8.588611400000001, 41.170278899999985], [-8.5884937, 41.170388599999995], [-8.5883284, 41.17054939999999], [-8.587991, 41.1708755], [-8.5879003, 41.1709614]]}, "properties": {"street_name": "['Rua da Cruz', 'Largo da Cruz']", "municipio": "Porto", "count": 1, "top_infraction": "imbecis", "first_year": "2024", "last_year": "2024", "type_breakdown": "{\"imbecis\": 1}", "monthly_breakdown": "{\"2024-10\": 1}"}}, {"type": "Feature", "geometry": {"type": "LineString", "coordinates": [[-8.5864296, 41.17486660000001], [-8.5863317, 41.1748401], [-8.585763, 41.174693399999995]]}, "properties": {"street_name": "Rua de Santa Justa", "municipio": "Porto", "count": 1, "top_infraction": "imbecis", "first_year": "2024", "last_year": "2024", "type_breakdown": "{\"imbecis\": 1}", "monthly_breakdown": "{\"2024-08\": 1}"}}, {"type": "Feature", "geometry": {"type": "LineString", "coordinates": [[-8.5856706, 41.176213], [-8.5856116, 41.1763172], [-8.5853845, 41.176808], [-8.5853305, 41.17690760000001], [-8.5852642, 41.1770208], [-8.5850502, 41.17737739999999], [-8.5848868, 41.1776463], [-8.5848425, 41.177712299999996]]}, "properties": {"street_name": "Rua de Costa Cabral", "municipio": "Porto", "count": 1, "top_infraction": "imbecis", "first_year": "2025", "last_year": "2025", "type_breakdown": "{\"imbecis\": 1}", "monthly_breakdown": "{\"2025-07\": 1}"}}, {"type": "Feature", "geometry": {"type": "LineString", "coordinates": [[-8.5920867, 41.16807049999999], [-8.5921823, 41.1680208], [-8.5934218, 41.1673772], [-8.5938171, 41.16718480000001], [-8.5938627, 41.167165499999996], [-8.593929, 41.16714060000001]]}, "properties": {"street_name": "Rua de Costa Cabral", "municipio": "Porto", "count": 3, "top_infraction": "imbecis", "first_year": "2025", "last_year": "2025", "type_breakdown": "{\"imbecis\": 3}", "monthly_breakdown": "{\"2025-03\": 1, \"2025-05\": 2}"}}, {"type": "Feature", "geometry": {"type": "LineString", "coordinates": [[-8.5977298, 41.16600280000001], [-8.5974884, 41.1660698]]}, "properties": {"street_name": "Rua de Costa Cabral", "municipio": "Porto", "count": 3, "top_infraction": "imbecis", "first_year": "2025", "last_year": "2025", "type_breakdown": "{\"imbecis\": 3}", "monthly_breakdown": "{\"2025-10\": 2, \"2025-06\": 1}"}}, {"type": "Feature", "geometry": {"type": "LineString", "coordinates": [[-8.5977298, 41.16600280000001], [-8.5978457, 41.165966100000006], [-8.5980128, 41.165913100000004], [-8.5982971, 41.1658035], [-8.598418, 41.16574819999999], [-8.5984464, 41.1657333]]}, "properties": {"street_name": "Rua de Costa Cabral", "municipio": "Porto", "count": 2, "top_infraction": "imbecis", "first_year": "2025", "last_year": "2025", "type_breakdown": "{\"imbecis\": 2}", "monthly_breakdown": "{\"2025-04\": 1, \"2025-08\": 1}"}}, {"type": "Feature", "geometry": {"type": "LineString", "coordinates": [[-8.5903539, 41.1646867], [-8.5904958, 41.1644863], [-8.5905104, 41.164471799999994], [-8.5905264, 41.1644634], [-8.5905478, 41.1644603], [-8.5907143, 41.1644817], [-8.5912276, 41.1645568]]}, "properties": {"street_name": "['Avenida dos Combatentes da Grande Guerra', 'Rua de Naulila']", "municipio": "Porto", "count": 1, "top_infraction": "imbecis", "first_year": "2026", "last_year": "2026", "type_breakdown": "{\"imbecis\": 1}", "monthly_breakdown": "{\"2026-01\": 1}"}}, {"type": "Feature", "geometry": {"type": "LineString", "coordinates": [[-8.5879003, 41.1709614], [-8.5878231, 41.1710415], [-8.587578900000002, 41.17129889999999], [-8.5873165, 41.1715789], [-8.5870468, 41.1719492], [-8.5869499, 41.172080699999995]]}, "properties": {"street_name": "Rua da Cruz", "municipio": "Porto", "count": 9, "top_infraction": "imbecis", "first_year": "2024", "last_year": "2024", "type_breakdown": "{\"imbecis\": 9}", "monthly_breakdown": "{\"2024-10\": 6, \"2024-12\": 1, \"2024-11\": 2}"}}, {"type": "Feature", "geometry": {"type": "LineString", "coordinates": [[-8.5906311, 41.16720170000001], [-8.5904701, 41.16733630000001], [-8.5901805, 41.16810509999999], [-8.590124, 41.1681904], [-8.5898797, 41.16845860000001], [-8.5905569, 41.1688977], [-8.5906245, 41.16891629999999]]}, "properties": {"street_name": "['Rua de Diogo Cão', 'Avenida de Dom João II']", "municipio": "Porto", "count": 3, "top_infraction": "imbecis", "first_year": "2024", "last_year": "2024", "type_breakdown": "{\"imbecis\": 3}", "monthly_breakdown": "{\"2024-10\": 3}"}}, {"type": "Feature", "geometry": {"type": "LineString", "coordinates": [[-8.5984464, 41.1657333], [-8.5985204, 41.1657017]]}, "properties": {"street_name": "Rua de Costa Cabral", "municipio": "Porto", "count": 1, "top_infraction": "imbecis", "first_year": "2025", "last_year": "2025", "type_breakdown": "{\"imbecis\": 1}", "monthly_breakdown": "{\"2025-06\": 1}"}}, {"type": "Feature", "geometry": {"type": "LineString", "coordinates": [[-8.591095, 41.16512929999999], [-8.5916623, 41.165473799999994], [-8.5917736, 41.1655453]]}, "properties": {"street_name": "Rua de La Couture", "municipio": "Porto", "count": 1, "top_infraction": "imbecis", "first_year": "2025", "last_year": "2025", "type_breakdown": "{\"imbecis\": 1}", "monthly_breakdown": "{\"2025-04\": 1}"}}, {"type": "Feature", "geometry": {"type": "LineString", "coordinates": [[-8.5919619, 41.1645236], [-8.5919574, 41.164490199999996], [-8.5919534, 41.164471000000006], [-8.5919458, 41.164443], [-8.591535, 41.163344699999996], [-8.591519, 41.1633003], [-8.5915009, 41.16328109999999], [-8.5914848, 41.1632649], [-8.5914179, 41.163234900000006]]}, "properties": {"street_name": "Rua de Bartolomeu Dias", "municipio": "Porto", "count": 3, "top_infraction": "imbecis", "first_year": "2025", "last_year": "2025", "type_breakdown": "{\"imbecis\": 3}", "monthly_breakdown": "{\"2025-03\": 3}"}}, {"type": "Feature", "geometry": {"type": "LineString", "coordinates": [[-8.5925472, 41.162923], [-8.5924513, 41.16296369999999], [-8.5923263, 41.1629999], [-8.5922283, 41.163013899999996], [-8.5921333, 41.16301919999999], [-8.5919706, 41.163018599999994], [-8.5918312, 41.162996899999996], [-8.5917672, 41.162980000000005], [-8.5916692, 41.162942]]}, "properties": {"street_name": "Praça de Francisco Sá Carneiro", "municipio": "Porto", "count": 6, "top_infraction": "imbecis", "first_year": "2024", "last_year": "2025", "type_breakdown": "{\"imbecis\": 6}", "monthly_breakdown": "{\"2024-09\": 3, \"2025-09\": 1, \"2024-11\": 1, \"2024-10\": 1}"}}, {"type": "Feature", "geometry": {"type": "LineString", "coordinates": [[-8.5982386, 41.163714000000006], [-8.5983722, 41.1637696], [-8.598453, 41.163802399999994], [-8.5985235, 41.1638502], [-8.5989398, 41.16426189999999], [-8.5989762, 41.1642964], [-8.5990785, 41.1643982]]}, "properties": {"street_name": "Rua do Professor Correia de Araújo", "municipio": "Porto", "count": 1, "top_infraction": "imbecis", "first_year": "2025", "last_year": "2025", "type_breakdown": "{\"imbecis\": 1}", "monthly_breakdown": "{\"2025-10\": 1}"}}, {"type": "Feature", "geometry": {"type": "LineString", "coordinates": [[-8.5995483, 41.1632619], [-8.5995014, 41.1633861], [-8.5990785, 41.1643982]]}, "properties": {"street_name": "Rua da Alegria", "municipio": "Porto", "count": 1, "top_infraction": "imbecis", "first_year": "2025", "last_year": "2025", "type_breakdown": "{\"imbecis\": 1}", "monthly_breakdown": "{\"2025-10\": 1}"}}, {"type": "Feature", "geometry": {"type": "LineString", "coordinates": [[-8.5922623, 41.16045009999999], [-8.592593600000002, 41.1598821], [-8.5926032, 41.15986569999999]]}, "properties": {"street_name": "Avenida de Fernão de Magalhães", "municipio": "Porto", "count": 2, "top_infraction": "imbecis", "first_year": "2026", "last_year": "2026", "type_breakdown": "{\"imbecis\": 2}", "monthly_breakdown": "{\"2026-02\": 2}"}}, {"type": "Feature", "geometry": {"type": "LineString", "coordinates": [[-8.5977157, 41.15920769999999], [-8.597733, 41.15923060000001], [-8.5977752, 41.15925589999999], [-8.5977898, 41.1592592], [-8.5978357, 41.159269599999995], [-8.598162, 41.1593117]]}, "properties": {"street_name": "Praça da Rainha Dona Amélia", "municipio": "Porto", "count": 3, "top_infraction": "imbecis", "first_year": "2024", "last_year": "2024", "type_breakdown": "{\"imbecis\": 3}", "monthly_breakdown": "{\"2024-10\": 3}"}}, {"type": "Feature", "geometry": {"type": "LineString", "coordinates": [[-8.5977909, 41.1588814], [-8.5979064, 41.15896850000001], [-8.5979388, 41.158992999999995], [-8.5980519, 41.1590731]]}, "properties": {"street_name": "Praça da Rainha Dona Amélia", "municipio": "Porto", "count": 3, "top_infraction": "imbecis", "first_year": "2024", "last_year": "2024", "type_breakdown": "{\"imbecis\": 3}", "monthly_breakdown": "{\"2024-10\": 3}"}}, {"type": "Feature", "geometry": {"type": "LineString", "coordinates": [[-8.5964612, 41.1579977], [-8.5969298, 41.158309100000004]]}, "properties": {"street_name": "Rua Coutinho de Azevedo", "municipio": "Porto", "count": 1, "top_infraction": "imbecis", "first_year": "2024", "last_year": "2024", "type_breakdown": "{\"imbecis\": 1}", "monthly_breakdown": "{\"2024-12\": 1}"}}, {"type": "Feature", "geometry": {"type": "LineString", "coordinates": [[-8.5964612, 41.1579977], [-8.5966238, 41.1578941], [-8.5966369, 41.1578757], [-8.5966391, 41.1578538], [-8.5966324, 41.1578319], [-8.5963981, 41.1575763], [-8.5960403, 41.157185999999996]]}, "properties": {"street_name": "Rua da Bataria", "municipio": "Porto", "count": 2, "top_infraction": "imbecis", "first_year": "2024", "last_year": "2024", "type_breakdown": "{\"imbecis\": 2}", "monthly_breakdown": "{\"2024-12\": 2}"}}, {"type": "Feature", "geometry": {"type": "LineString", "coordinates": [[-8.5971142, 41.157066199999996], [-8.5981359, 41.1579193]]}, "properties": {"street_name": "Rua Aires de Ornelas", "municipio": "Porto", "count": 2, "top_infraction": "imbecis", "first_year": "2024", "last_year": "2024", "type_breakdown": "{\"imbecis\": 2}", "monthly_breakdown": "{\"2024-10\": 2}"}}, {"type": "Feature", "geometry": {"type": "LineString", "coordinates": [[-8.5906245, 41.16891629999999], [-8.5907036, 41.16886699999999], [-8.5914768, 41.16840359999999]]}, "properties": {"street_name": "Rua de Costa Cabral", "municipio": "Porto", "count": 5, "top_infraction": "imbecis", "first_year": "2024", "last_year": "2025", "type_breakdown": "{\"imbecis\": 5}", "monthly_breakdown": "{\"2025-10\": 3, \"2024-12\": 2}"}}, {"type": "Feature", "geometry": {"type": "LineString", "coordinates": [[-8.5906245, 41.16891629999999], [-8.5905776, 41.16894200000001], [-8.5902824, 41.1691196], [-8.5895908, 41.16955850000001], [-8.5894693, 41.1696583], [-8.5893703, 41.1697474]]}, "properties": {"street_name": "Rua de Costa Cabral", "municipio": "Porto", "count": 2, "top_infraction": "imbecis", "first_year": "2025", "last_year": "2025", "type_breakdown": "{\"imbecis\": 2}", "monthly_breakdown": "{\"2025-02\": 2}"}}, {"type": "Feature", "geometry": {"type": "LineString", "coordinates": [[-8.5887975, 41.162971399999996], [-8.5885855, 41.163285599999995], [-8.5884332, 41.16357469999999]]}, "properties": {"street_name": "Rua dos Luzares", "municipio": "Porto", "count": 1, "top_infraction": "imbecis", "first_year": "2025", "last_year": "2025", "type_breakdown": "{\"imbecis\": 1}", "monthly_breakdown": "{\"2025-06\": 1}"}}, {"type": "Feature", "geometry": {"type": "LineString", "coordinates": [[-8.59154, 41.1695389], [-8.5927019, 41.17029729999999], [-8.593005800000002, 41.17043710000001]]}, "properties": {"street_name": "Rua do Relógio", "municipio": "Porto", "count": 1, "top_infraction": "imbecis", "first_year": "2026", "last_year": "2026", "type_breakdown": "{\"imbecis\": 1}", "monthly_breakdown": "{\"2026-04\": 1}"}}, {"type": "Feature", "geometry": {"type": "LineString", "coordinates": [[-8.593005800000002, 41.17043710000001], [-8.5932602, 41.1701361], [-8.5932799, 41.1700986]]}, "properties": {"street_name": "Rua de Vitorino Damásio", "municipio": "Porto", "count": 2, "top_infraction": "imbecis", "first_year": "2026", "last_year": "2026", "type_breakdown": "{\"imbecis\": 2}", "monthly_breakdown": "{\"2026-04\": 2}"}}, {"type": "Feature", "geometry": {"type": "LineString", "coordinates": [[-8.5948911, 41.17106], [-8.5954355, 41.1707674], [-8.595501, 41.1707085], [-8.595574, 41.170607600000004], [-8.5960078, 41.16968080000001], [-8.5960399, 41.169605099999984]]}, "properties": {"street_name": "Rua do Professor Mendes Correia", "municipio": "Porto", "count": 1, "top_infraction": "imbecis", "first_year": "2025", "last_year": "2025", "type_breakdown": "{\"imbecis\": 1}", "monthly_breakdown": "{\"2025-10\": 1}"}}, {"type": "Feature", "geometry": {"type": "LineString", "coordinates": [[-8.59609, 41.1696075], [-8.5964438, 41.16886819999999], [-8.5964951, 41.16876039999999], [-8.5965437, 41.16863500000001], [-8.5965895, 41.168540199999995], [-8.5966096, 41.168453], [-8.5966282, 41.168372999999995], [-8.5967201, 41.167803299999996], [-8.5967311, 41.1676247], [-8.5967408, 41.16751970000001]]}, "properties": {"street_name": "Rua do Doutor Joaquim Pires de Lima", "municipio": "Porto", "count": 4, "top_infraction": "imbecis", "first_year": "2025", "last_year": "2025", "type_breakdown": "{\"imbecis\": 4}", "monthly_breakdown": "{\"2025-10\": 4}"}}, {"type": "Feature", "geometry": {"type": "LineString", "coordinates": [[-8.5967408, 41.16751970000001], [-8.5972942, 41.1669723], [-8.5973268, 41.1669294], [-8.5973448, 41.16688450000001], [-8.5973336, 41.1668086]]}, "properties": {"street_name": "Rua do Doutor Joaquim Pires de Lima", "municipio": "Porto", "count": 3, "top_infraction": "imbecis", "first_year": "2025", "last_year": "2025", "type_breakdown": "{\"imbecis\": 3}", "monthly_breakdown": "{\"2025-10\": 3}"}}, {"type": "Feature", "geometry": {"type": "LineString", "coordinates": [[-8.592821300000002, 41.16885239999999], [-8.592137500000002, 41.1681258], [-8.5920867, 41.16807049999999]]}, "properties": {"street_name": "Rua de Luís Woodhouse", "municipio": "Porto", "count": 2, "top_infraction": "imbecis", "first_year": "2024", "last_year": "2025", "type_breakdown": "{\"imbecis\": 2}", "monthly_breakdown": "{\"2024-10\": 1, \"2025-11\": 1}"}}, {"type": "Feature", "geometry": {"type": "LineString", "coordinates": [[-8.5973336, 41.1668086], [-8.5975575, 41.1662206]]}, "properties": {"street_name": "Rua do Doutor Joaquim Pires de Lima", "municipio": "Porto", "count": 1, "top_infraction": "imbecis", "first_year": "2024", "last_year": "2024", "type_breakdown": "{\"imbecis\": 1}", "monthly_breakdown": "{\"2024-12\": 1}"}}, {"type": "Feature", "geometry": {"type": "LineString", "coordinates": [[-8.5921843, 41.1691954], [-8.5932799, 41.1700986]]}, "properties": {"street_name": "Rua de Pedro Teixeira", "municipio": "Porto", "count": 1, "top_infraction": "imbecis", "first_year": "2026", "last_year": "2026", "type_breakdown": "{\"imbecis\": 1}", "monthly_breakdown": "{\"2026-01\": 1}"}}, {"type": "Feature", "geometry": {"type": "LineString", "coordinates": [[-8.5921843, 41.1691954], [-8.591627, 41.1694925], [-8.59154, 41.1695389]]}, "properties": {"street_name": "Rua de Pereira Reis", "municipio": "Porto", "count": 1, "top_infraction": "imbecis", "first_year": "2024", "last_year": "2024", "type_breakdown": "{\"imbecis\": 1}", "monthly_breakdown": "{\"2024-12\": 1}"}}, {"type": "Feature", "geometry": {"type": "LineString", "coordinates": [[-8.5981991, 41.167061999999994], [-8.5981707, 41.16712270000001], [-8.5977164, 41.16809370000001]]}, "properties": {"street_name": "Rua de Aval de Baixo", "municipio": "Porto", "count": 1, "top_infraction": "imbecis", "first_year": "2025", "last_year": "2025", "type_breakdown": "{\"imbecis\": 1}", "monthly_breakdown": "{\"2025-05\": 1}"}}, {"type": "Feature", "geometry": {"type": "LineString", "coordinates": [[-8.5858309, 41.1487789], [-8.585839, 41.14872239999999], [-8.5859206, 41.1483685], [-8.5858965, 41.14832549999999], [-8.5858501, 41.1483069], [-8.5857961, 41.148302199999996]]}, "properties": {"street_name": "Largo da Estação", "municipio": "Porto", "count": 1, "top_infraction": "imbecis", "first_year": "2025", "last_year": "2025", "type_breakdown": "{\"imbecis\": 1}", "monthly_breakdown": "{\"2025-03\": 1}"}}, {"type": "Feature", "geometry": {"type": "LineString", "coordinates": [[-8.5857961, 41.148302199999996], [-8.5857261, 41.1486578]]}, "properties": {"street_name": "Largo da Estação", "municipio": "Porto", "count": 2, "top_infraction": "imbecis", "first_year": "2025", "last_year": "2025", "type_breakdown": "{\"imbecis\": 2}", "monthly_breakdown": "{\"2025-03\": 1, \"2025-02\": 1}"}}, {"type": "Feature", "geometry": {"type": "LineString", "coordinates": [[-8.5883442, 41.1712325], [-8.5882779, 41.1713301], [-8.5878116, 41.172062]]}, "properties": {"street_name": "Rua de Costa Cabral", "municipio": "Porto", "count": 3, "top_infraction": "imbecis", "first_year": "2025", "last_year": "2025", "type_breakdown": "{\"imbecis\": 3}", "monthly_breakdown": "{\"2025-08\": 3}"}}, {"type": "Feature", "geometry": {"type": "LineString", "coordinates": [[-8.5983147, 41.1607479], [-8.5985431, 41.15952969999999], [-8.5985508, 41.1594699]]}, "properties": {"street_name": "Rua de Santos Pousada", "municipio": "Porto", "count": 2, "top_infraction": "imbecis", "first_year": "2024", "last_year": "2024", "type_breakdown": "{\"imbecis\": 2}", "monthly_breakdown": "{\"2024-09\": 2}"}}, {"type": "Feature", "geometry": {"type": "LineString", "coordinates": [[-8.5975575, 41.1662206], [-8.5975551, 41.166181699999996], [-8.5975564, 41.16612949999999], [-8.5975382, 41.1660967], [-8.5974884, 41.1660698]]}, "properties": {"street_name": "Rua do Doutor Joaquim Pires de Lima", "municipio": "Porto", "count": 1, "top_infraction": "imbecis", "first_year": "2024", "last_year": "2024", "type_breakdown": "{\"imbecis\": 1}", "monthly_breakdown": "{\"2024-06\": 1}"}}, {"type": "Feature", "geometry": {"type": "LineString", "coordinates": [[-8.593186, 41.1664025], [-8.5932659, 41.16645119999999], [-8.5940003, 41.16689889999999]]}, "properties": {"street_name": "Rua de Silva Tapada", "municipio": "Porto", "count": 7, "top_infraction": "imbecis", "first_year": "2025", "last_year": "2025", "type_breakdown": "{\"imbecis\": 7}", "monthly_breakdown": "{\"2025-06\": 1, \"2025-10\": 6}"}}, {"type": "Feature", "geometry": {"type": "LineString", "coordinates": [[-8.5861261, 41.16320359999999], [-8.5881062, 41.163842200000005]]}, "properties": {"street_name": "Alameda das Antas", "municipio": "Porto", "count": 1, "top_infraction": "imbecis", "first_year": "2024", "last_year": "2024", "type_breakdown": "{\"imbecis\": 1}", "monthly_breakdown": "{\"2024-10\": 1}"}}, {"type": "Feature", "geometry": {"type": "LineString", "coordinates": [[-8.5932799, 41.1700986], [-8.593757, 41.1698441]]}, "properties": {"street_name": "Rua de Vitorino Damásio", "municipio": "Porto", "count": 4, "top_infraction": "imbecis", "first_year": "2025", "last_year": "2026", "type_breakdown": "{\"imbecis\": 4}", "monthly_breakdown": "{\"2026-04\": 2, \"2025-07\": 1, \"2025-10\": 1}"}}, {"type": "Feature", "geometry": {"type": "LineString", "coordinates": [[-8.5882776, 41.165062400000004], [-8.5882449, 41.16512800000001], [-8.5881585, 41.165301499999984], [-8.5881355, 41.165347800000006], [-8.5880816, 41.16543200000001], [-8.5880375, 41.16549090000001]]}, "properties": {"street_name": "Rua do Estádio", "municipio": "Porto", "count": 4, "top_infraction": "imbecis", "first_year": "2024", "last_year": "2024", "type_breakdown": "{\"imbecis\": 4}", "monthly_breakdown": "{\"2024-09\": 4}"}}, {"type": "Feature", "geometry": {"type": "LineString", "coordinates": [[-8.5880375, 41.16549090000001], [-8.588630400000001, 41.16562729999999], [-8.5887514, 41.1656551]]}, "properties": {"street_name": null, "municipio": "Porto", "count": 1, "top_infraction": "imbecis", "first_year": "2024", "last_year": "2024", "type_breakdown": "{\"imbecis\": 1}", "monthly_breakdown": "{\"2024-09\": 1}"}}, {"type": "Feature", "geometry": {"type": "LineString", "coordinates": [[-8.5959843, 41.157679900000005], [-8.5964612, 41.1579977]]}, "properties": {"street_name": "Rua Coutinho de Azevedo", "municipio": "Porto", "count": 5, "top_infraction": "imbecis", "first_year": "2024", "last_year": "2026", "type_breakdown": "{\"imbecis\": 5}", "monthly_breakdown": "{\"2024-05\": 3, \"2026-02\": 1, \"2024-10\": 1}"}}, {"type": "Feature", "geometry": {"type": "LineString", "coordinates": [[-8.5990785, 41.1643982], [-8.5991496, 41.1644751], [-8.5996786, 41.165008799999995], [-8.5997083, 41.1650371], [-8.5997248, 41.16505289999999], [-8.5997567, 41.165065999999996], [-8.5997917, 41.1650733], [-8.599832, 41.16507609999999]]}, "properties": {"street_name": "Rua do Professor Correia de Araújo", "municipio": "Porto", "count": 2, "top_infraction": "imbecis", "first_year": "2025", "last_year": "2025", "type_breakdown": "{\"imbecis\": 2}", "monthly_breakdown": "{\"2025-10\": 2}"}}, {"type": "Feature", "geometry": {"type": "LineString", "coordinates": [[-8.5817849, 41.151643099999994], [-8.5818012, 41.1516275], [-8.5818192, 41.15161179999999], [-8.5818412, 41.1515951], [-8.5818648, 41.1515805], [-8.5818891, 41.1515689], [-8.5819154, 41.15155879999999], [-8.5819443, 41.15154940000001], [-8.5819748, 41.15154149999999], [-8.582233, 41.1514859], [-8.5823579, 41.1514597]]}, "properties": {"street_name": "Rua de Bonjóia", "municipio": "Porto", "count": 1, "top_infraction": "imbecis", "first_year": "2025", "last_year": "2025", "type_breakdown": "{\"imbecis\": 1}", "monthly_breakdown": "{\"2025-07\": 1}"}}, {"type": "Feature", "geometry": {"type": "LineString", "coordinates": [[-8.5916487, 41.1595837], [-8.5925384, 41.1598466], [-8.5926032, 41.15986569999999]]}, "properties": {"street_name": "Rua do Conde de Burnay", "municipio": "Porto", "count": 1, "top_infraction": "imbecis", "first_year": "2026", "last_year": "2026", "type_breakdown": "{\"imbecis\": 1}", "monthly_breakdown": "{\"2026-02\": 1}"}}, {"type": "Feature", "geometry": {"type": "LineString", "coordinates": [[-8.5974529, 41.165396099999995], [-8.5983753, 41.16552020000001]]}, "properties": {"street_name": "Avenida dos Combatentes da Grande Guerra", "municipio": "Porto", "count": 1, "top_infraction": "imbecis", "first_year": "2025", "last_year": "2025", "type_breakdown": "{\"imbecis\": 1}", "monthly_breakdown": "{\"2025-10\": 1}"}}, {"type": "Feature", "geometry": {"type": "LineString", "coordinates": [[-8.5829672, 41.1810111], [-8.582886600000002, 41.18107419999999], [-8.5817658, 41.18190779999999], [-8.581685, 41.182027099999985], [-8.5816132, 41.182138599999995]]}, "properties": {"street_name": "['Rua Heróis da Pátria', 'Rua das Arroteias']", "municipio": "Gondomar", "count": 1, "top_infraction": "imbecis", "first_year": "2024", "last_year": "2024", "type_breakdown": "{\"imbecis\": 1}", "monthly_breakdown": "{\"2024-05\": 1}"}}, {"type": "Feature", "geometry": {"type": "LineString", "coordinates": [[-8.5824853, 41.1833344], [-8.5827121, 41.1827227], [-8.5827409, 41.1826309]]}, "properties": {"street_name": "Rua Dom Afonso Henriques", "municipio": "Gondomar", "count": 1, "top_infraction": "imbecis", "first_year": "2024", "last_year": "2024", "type_breakdown": "{\"imbecis\": 1}", "monthly_breakdown": "{\"2024-11\": 1}"}}, {"type": "Feature", "geometry": {"type": "LineString", "coordinates": [[-8.5760303, 41.19736149999999], [-8.576104, 41.19736149999999], [-8.5761305, 41.1973615], [-8.5772607, 41.1973616], [-8.5776282, 41.19736619999999], [-8.5776974, 41.1973748], [-8.5777619, 41.19738340000001], [-8.5778172, 41.1974008], [-8.5778631, 41.1974252]]}, "properties": {"street_name": "Rua Doutor António dos Santos", "municipio": "Maia", "count": 1, "top_infraction": "imbecis", "first_year": "2025", "last_year": "2025", "type_breakdown": "{\"imbecis\": 1}", "monthly_breakdown": "{\"2025-02\": 1}"}}, {"type": "Feature", "geometry": {"type": "LineString", "coordinates": [[-8.5836845, 41.17995619999999], [-8.5836958, 41.1799197], [-8.5840715, 41.17888579999999], [-8.5841311, 41.1787509], [-8.5842001, 41.17863390000001]]}, "properties": {"street_name": "Rua de Costa Cabral", "municipio": "Porto", "count": 2, "top_infraction": "imbecis", "first_year": "2025", "last_year": "2025", "type_breakdown": "{\"imbecis\": 2}", "monthly_breakdown": "{\"2025-07\": 1, \"2025-08\": 1}"}}, {"type": "Feature", "geometry": {"type": "LineString", "coordinates": [[-8.5988276, 41.1670635], [-8.5988403, 41.16656949999999], [-8.5988632, 41.16650599999999], [-8.5989109, 41.1664344], [-8.5990449, 41.166302], [-8.5992693, 41.1661324]]}, "properties": {"street_name": "Rua do Engenheiro Guilherme Bonfim Barreiros", "municipio": "Porto", "count": 1, "top_infraction": "imbecis", "first_year": "2024", "last_year": "2024", "type_breakdown": "{\"imbecis\": 1}", "monthly_breakdown": "{\"2024-06\": 1}"}}, {"type": "Feature", "geometry": {"type": "LineString", "coordinates": [[-8.59892, 41.157528199999994], [-8.5990442, 41.156895], [-8.5990585, 41.15682209999999]]}, "properties": {"street_name": "Rua de Santos Pousada", "municipio": "Porto", "count": 9, "top_infraction": "imbecis", "first_year": "2024", "last_year": "2025", "type_breakdown": "{\"imbecis\": 9}", "monthly_breakdown": "{\"2024-10\": 5, \"2025-03\": 1, \"2024-08\": 1, \"2024-09\": 1, \"2024-12\": 1}"}}, {"type": "Feature", "geometry": {"type": "LineString", "coordinates": [[-8.5983773, 41.156744999999994], [-8.5983805, 41.15694390000001], [-8.5983725, 41.1570881], [-8.5983645, 41.157155199999984], [-8.598356400000002, 41.1571959], [-8.5983465, 41.15723259999999], [-8.5981573, 41.157806099999995], [-8.5981359, 41.1579193]]}, "properties": {"street_name": "Rua da Póvoa", "municipio": "Porto", "count": 22, "top_infraction": "imbecis", "first_year": "2024", "last_year": "2025", "type_breakdown": "{\"imbecis\": 22}", "monthly_breakdown": "{\"2024-11\": 1, \"2025-10\": 1, \"2024-12\": 4, \"2024-08\": 3, \"2024-09\": 5, \"2024-10\": 8}"}}, {"type": "Feature", "geometry": {"type": "LineString", "coordinates": [[-8.5996572, 41.1565559], [-8.5994855, 41.156543899999996], [-8.5994426, 41.1566619]]}, "properties": {"street_name": "Travessa do Monte dos Congregados", "municipio": "Porto", "count": 3, "top_infraction": "imbecis", "first_year": "2024", "last_year": "2026", "type_breakdown": "{\"imbecis\": 3}", "monthly_breakdown": "{\"2024-09\": 1, \"2024-08\": 1, \"2026-02\": 1}"}}, {"type": "Feature", "geometry": {"type": "LineString", "coordinates": [[-8.5911615, 41.15359420000001], [-8.5911848, 41.1534668], [-8.5912474, 41.153328900000005], [-8.591323, 41.153228], [-8.591762, 41.152783500000005]]}, "properties": {"street_name": "Rua do Bonfim", "municipio": "Porto", "count": 3, "top_infraction": "imbecis", "first_year": "2025", "last_year": "2025", "type_breakdown": "{\"imbecis\": 3}", "monthly_breakdown": "{\"2025-10\": 3}"}}, {"type": "Feature", "geometry": {"type": "LineString", "coordinates": [[-8.5893953, 41.154631], [-8.5888602, 41.154149399999994]]}, "properties": {"street_name": "Rua de Justino Teixeira", "municipio": "Porto", "count": 1, "top_infraction": "imbecis", "first_year": "2025", "last_year": "2025", "type_breakdown": "{\"imbecis\": 1}", "monthly_breakdown": "{\"2025-06\": 1}"}}, {"type": "Feature", "geometry": {"type": "LineString", "coordinates": [[-8.5904778, 41.1518302], [-8.5905986, 41.15188979999999]]}, "properties": {"street_name": "Rua de São Rosendo", "municipio": "Porto", "count": 3, "top_infraction": "imbecis", "first_year": "2024", "last_year": "2024", "type_breakdown": "{\"imbecis\": 3}", "monthly_breakdown": "{\"2024-04\": 3}"}}, {"type": "Feature", "geometry": {"type": "LineString", "coordinates": [[-8.5898963, 41.1513898], [-8.5898893, 41.1511624], [-8.589887000000001, 41.151148], [-8.58988, 41.151140699999985], [-8.5898689, 41.15113569999999], [-8.5898507, 41.15113439999999], [-8.5896956, 41.15113800000001], [-8.5896767, 41.15114189999999], [-8.5896644, 41.15114879999999], [-8.5896535, 41.1511629], [-8.5896546, 41.15117690000001], [-8.5896649, 41.15119159999999], [-8.589680800000002, 41.1512086], [-8.5898963, 41.1513898]]}, "properties": {"street_name": "Rua do Doutor Sousa Avides", "municipio": "Porto", "count": 5, "top_infraction": "imbecis", "first_year": "2024", "last_year": "2024", "type_breakdown": "{\"imbecis\": 5}", "monthly_breakdown": "{\"2024-04\": 5}"}}, {"type": "Feature", "geometry": {"type": "LineString", "coordinates": [[-8.5905986, 41.15188979999999], [-8.5907456, 41.151971], [-8.5907906, 41.1520077], [-8.5908442, 41.15208380000001], [-8.5909511, 41.152425799999996], [-8.5909659, 41.15246779999998], [-8.591002600000001, 41.152556399999995], [-8.5910646, 41.152604399999994]]}, "properties": {"street_name": "Rua de São Rosendo", "municipio": "Porto", "count": 3, "top_infraction": "imbecis", "first_year": "2024", "last_year": "2024", "type_breakdown": "{\"imbecis\": 3}", "monthly_breakdown": "{\"2024-04\": 3}"}}, {"type": "Feature", "geometry": {"type": "LineString", "coordinates": [[-8.5906736, 41.14999039999999], [-8.5899558, 41.149802], [-8.5898266, 41.1497649]]}, "properties": {"street_name": "Rua de Pinto Bessa", "municipio": "Porto", "count": 6, "top_infraction": "imbecis", "first_year": "2025", "last_year": "2025", "type_breakdown": "{\"imbecis\": 6}", "monthly_breakdown": "{\"2025-03\": 6}"}}, {"type": "Feature", "geometry": {"type": "LineString", "coordinates": [[-8.5898266, 41.1497649], [-8.5900189, 41.149343], [-8.5901237, 41.149101200000004], [-8.5901318, 41.14908259999999]]}, "properties": {"street_name": "Rua da Lomba", "municipio": "Porto", "count": 2, "top_infraction": "imbecis", "first_year": "2025", "last_year": "2025", "type_breakdown": "{\"imbecis\": 2}", "monthly_breakdown": "{\"2025-03\": 2}"}}, {"type": "Feature", "geometry": {"type": "LineString", "coordinates": [[-8.5517732, 41.1686014], [-8.551518, 41.1684848]]}, "properties": {"street_name": "Avenida Dom João I", "municipio": "Gondomar", "count": 1, "top_infraction": "imbecis", "first_year": "2025", "last_year": "2025", "type_breakdown": "{\"imbecis\": 1}", "monthly_breakdown": "{\"2025-09\": 1}"}}, {"type": "Feature", "geometry": {"type": "LineString", "coordinates": [[-8.5517732, 41.1686014], [-8.5520341, 41.1687016], [-8.55229, 41.168787], [-8.5525408, 41.1688456]]}, "properties": {"street_name": "Avenida Dom João I", "municipio": "Gondomar", "count": 1, "top_infraction": "imbecis", "first_year": "2025", "last_year": "2025", "type_breakdown": "{\"imbecis\": 1}", "monthly_breakdown": "{\"2025-12\": 1}"}}, {"type": "Feature", "geometry": {"type": "LineString", "coordinates": [[-8.5468088, 41.165360099999994], [-8.5467378, 41.164970999999994], [-8.5467387, 41.16489730000001]]}, "properties": {"street_name": "Rua Doutor Oliveira Lobo", "municipio": "Gondomar", "count": 5, "top_infraction": "imbecis", "first_year": "2024", "last_year": "2024", "type_breakdown": "{\"imbecis\": 5}", "monthly_breakdown": "{\"2024-07\": 2, \"2024-06\": 2, \"2024-09\": 1}"}}, {"type": "Feature", "geometry": {"type": "LineString", "coordinates": [[-8.5444552, 41.176246199999994], [-8.5445072, 41.176302500000006], [-8.5445193, 41.17633289999999], [-8.5445222, 41.1763634], [-8.5445076, 41.176426], [-8.5444638, 41.17658479999999], [-8.5444021, 41.176786699999994], [-8.5442761, 41.177032999999994]]}, "properties": {"street_name": "Rua da Carreira", "municipio": "Gondomar", "count": 2, "top_infraction": "imbecis", "first_year": "2024", "last_year": "2024", "type_breakdown": "{\"imbecis\": 2}", "monthly_breakdown": "{\"2024-06\": 1, \"2024-09\": 1}"}}, {"type": "Feature", "geometry": {"type": "LineString", "coordinates": [[-8.505043, 41.19203970000001], [-8.5051678, 41.192170299999994], [-8.505211, 41.1922158]]}, "properties": {"street_name": "Avenida Oliveira Zina", "municipio": "Valongo", "count": 1, "top_infraction": "imbecis", "first_year": "2024", "last_year": "2024", "type_breakdown": "{\"imbecis\": 1}", "monthly_breakdown": "{\"2024-12\": 1}"}}, {"type": "Feature", "geometry": {"type": "LineString", "coordinates": [[-8.5880437, 41.1534368], [-8.587692, 41.15312759999998], [-8.5872995, 41.152780699999994], [-8.5868944, 41.152422699999995], [-8.5867275, 41.15227519999999], [-8.586714, 41.152176399999995]]}, "properties": {"street_name": "Rua de Justino Teixeira", "municipio": "Porto", "count": 1, "top_infraction": "imbecis", "first_year": "2025", "last_year": "2025", "type_breakdown": "{\"imbecis\": 1}", "monthly_breakdown": "{\"2025-06\": 1}"}}, {"type": "Feature", "geometry": {"type": "LineString", "coordinates": [[-8.5973977, 41.1259313], [-8.5980461, 41.12598119999999]]}, "properties": {"street_name": "Rua Professor Doutor Eduardo Abranches de Soveral", "municipio": "Vila Novade Gaia", "count": 1, "top_infraction": "imbecis", "first_year": "2025", "last_year": "2025", "type_breakdown": "{\"imbecis\": 1}", "monthly_breakdown": "{\"2025-06\": 1}"}}, {"type": "Feature", "geometry": {"type": "LineString", "coordinates": [[-8.5408495, 41.18114099999999], [-8.5412897, 41.18049539999999], [-8.541503, 41.1799925], [-8.5417333, 41.178995099999995]]}, "properties": {"street_name": "Rua da Carreira", "municipio": "Gondomar", "count": 1, "top_infraction": "imbecis", "first_year": "2025", "last_year": "2025", "type_breakdown": "{\"imbecis\": 1}", "monthly_breakdown": "{\"2025-03\": 1}"}}, {"type": "Feature", "geometry": {"type": "LineString", "coordinates": [[-8.5417333, 41.178995099999995], [-8.5418217, 41.17887], [-8.5419707, 41.178736], [-8.5421726, 41.1786544], [-8.5423208, 41.1786138]]}, "properties": {"street_name": "Rua da Carreira", "municipio": "Gondomar", "count": 3, "top_infraction": "imbecis", "first_year": "2025", "last_year": "2025", "type_breakdown": "{\"imbecis\": 3}", "monthly_breakdown": "{\"2025-05\": 1, \"2025-08\": 1, \"2025-07\": 1}"}}, {"type": "Feature", "geometry": {"type": "LineString", "coordinates": [[-8.5417333, 41.178995099999995], [-8.541661500000002, 41.17896229999998], [-8.5413739, 41.17862999999999], [-8.5412827, 41.1784105]]}, "properties": {"street_name": "Rua Maestro Lopes Graça", "municipio": "Gondomar", "count": 3, "top_infraction": "imbecis", "first_year": "2025", "last_year": "2026", "type_breakdown": "{\"imbecis\": 3}", "monthly_breakdown": "{\"2025-04\": 1, \"2025-06\": 1, \"2026-02\": 1}"}}, {"type": "Feature", "geometry": {"type": "LineString", "coordinates": [[-8.5429185, 41.178442100000005], [-8.5427444, 41.1785496], [-8.542619800000002, 41.17858650000001], [-8.5423208, 41.1786138]]}, "properties": {"street_name": "Rua da Carreira", "municipio": "Gondomar", "count": 1, "top_infraction": "imbecis", "first_year": "2025", "last_year": "2025", "type_breakdown": "{\"imbecis\": 1}", "monthly_breakdown": "{\"2025-11\": 1}"}}, {"type": "Feature", "geometry": {"type": "LineString", "coordinates": [[-8.5429185, 41.178442100000005], [-8.5430458, 41.178470000000004], [-8.5437152, 41.17864049999999], [-8.5439128, 41.17865919999999], [-8.5440005, 41.1786554]]}, "properties": {"street_name": "Rua de Sevilhães", "municipio": "Gondomar", "count": 3, "top_infraction": "imbecis", "first_year": "2025", "last_year": "2025", "type_breakdown": "{\"imbecis\": 3}", "monthly_breakdown": "{\"2025-02\": 2, \"2025-12\": 1}"}}, {"type": "Feature", "geometry": {"type": "LineString", "coordinates": [[-8.5397433, 41.188386799999996], [-8.5401837, 41.188381400000004]]}, "properties": {"street_name": "Rua Padre Joaquim das Neves", "municipio": "Gondomar", "count": 1, "top_infraction": "imbecis", "first_year": "2025", "last_year": "2025", "type_breakdown": "{\"imbecis\": 1}", "monthly_breakdown": "{\"2025-08\": 1}"}}, {"type": "Feature", "geometry": {"type": "LineString", "coordinates": [[-8.5563032, 41.18526159999998], [-8.5562648, 41.185252799999994], [-8.5562247, 41.185254500000006], [-8.5561878, 41.185266399999996], [-8.5561585, 41.18528709999999]]}, "properties": {"street_name": "Praça da Estação", "municipio": "Gondomar", "count": 2, "top_infraction": "imbecis", "first_year": "2025", "last_year": "2025", "type_breakdown": "{\"imbecis\": 2}", "monthly_breakdown": "{\"2025-08\": 2}"}}, {"type": "Feature", "geometry": {"type": "LineString", "coordinates": [[-8.5563032, 41.18526159999998], [-8.5563596, 41.185177700000004], [-8.5568637, 41.1844273], [-8.5571252, 41.1840427]]}, "properties": {"street_name": "Praça da Estação", "municipio": "Gondomar", "count": 26, "top_infraction": "imbecis", "first_year": "2024", "last_year": "2026", "type_breakdown": "{\"imbecis\": 26}", "monthly_breakdown": "{\"2025-08\": 19, \"2025-07\": 2, \"2025-09\": 3, \"2026-04\": 1, \"2024-10\": 1}"}}, {"type": "Feature", "geometry": {"type": "LineString", "coordinates": [[-8.5562877, 41.185421], [-8.5563216, 41.1854074], [-8.5563476, 41.1853861], [-8.5563629, 41.1853595], [-8.5563657, 41.1853307], [-8.5563557, 41.1853027], [-8.5563341, 41.1852788], [-8.5563032, 41.18526159999998]]}, "properties": {"street_name": "Praça da Estação", "municipio": "Gondomar", "count": 3, "top_infraction": "imbecis", "first_year": "2025", "last_year": "2025", "type_breakdown": "{\"imbecis\": 3}", "monthly_breakdown": "{\"2025-09\": 1, \"2025-08\": 1, \"2025-07\": 1}"}}, {"type": "Feature", "geometry": {"type": "LineString", "coordinates": [[-8.5439727, 41.17804869999999], [-8.5440402, 41.1780267], [-8.5442091, 41.1779717], [-8.5445631, 41.177903], [-8.5451666, 41.177816199999995], [-8.5459771, 41.17774529999999]]}, "properties": {"street_name": "Rua Nicolau Coelho", "municipio": "Gondomar", "count": 1, "top_infraction": "imbecis", "first_year": "2024", "last_year": "2024", "type_breakdown": "{\"imbecis\": 1}", "monthly_breakdown": "{\"2024-07\": 1}"}}, {"type": "Feature", "geometry": {"type": "LineString", "coordinates": [[-8.5442761, 41.177032999999994], [-8.5438252, 41.177707100000006], [-8.5437538, 41.17778080000001], [-8.5437041, 41.1778197]]}, "properties": {"street_name": "Rua da Carreira", "municipio": "Gondomar", "count": 8, "top_infraction": "imbecis", "first_year": "2024", "last_year": "2025", "type_breakdown": "{\"imbecis\": 8}", "monthly_breakdown": "{\"2024-06\": 4, \"2025-05\": 3, \"2024-07\": 1}"}}, {"type": "Feature", "geometry": {"type": "LineString", "coordinates": [[-8.5448594, 41.17574340000001], [-8.5449462, 41.175544], [-8.5449641, 41.1755154], [-8.545019, 41.1754281], [-8.5451174, 41.175313800000005]]}, "properties": {"street_name": "Rua Nossa Senhora do Amparo", "municipio": "Gondomar", "count": 1, "top_infraction": "imbecis", "first_year": "2025", "last_year": "2025", "type_breakdown": "{\"imbecis\": 1}", "monthly_breakdown": "{\"2025-05\": 1}"}}, {"type": "Feature", "geometry": {"type": "LineString", "coordinates": [[-8.5577857, 41.1831467], [-8.5576397, 41.1833342], [-8.5574246, 41.183610599999994]]}, "properties": {"street_name": "Praça da Estação", "municipio": "Gondomar", "count": 1, "top_infraction": "imbecis", "first_year": "2024", "last_year": "2024", "type_breakdown": "{\"imbecis\": 1}", "monthly_breakdown": "{\"2024-11\": 1}"}}, {"type": "Feature", "geometry": {"type": "LineString", "coordinates": [[-8.5593518, 41.1813171], [-8.5595749, 41.18116029999999], [-8.559649, 41.181083599999994], [-8.5597169, 41.1809651], [-8.5597613, 41.18086999999999], [-8.5597872, 41.1807657], [-8.559786700000002, 41.1805533], [-8.5597389, 41.1801883], [-8.559674, 41.17960850000001], [-8.5596469, 41.1794351], [-8.5596248, 41.179356799999994]]}, "properties": {"street_name": "Rua Calouste Gulbenkian", "municipio": "Gondomar", "count": 1, "top_infraction": "imbecis", "first_year": "2025", "last_year": "2025", "type_breakdown": "{\"imbecis\": 1}", "monthly_breakdown": "{\"2025-10\": 1}"}}, {"type": "Feature", "geometry": {"type": "LineString", "coordinates": [[-8.5588878, 41.1815329], [-8.5590502, 41.1814669], [-8.5591032, 41.1814416], [-8.5591562, 41.18141630000001], [-8.5591969, 41.1813969], [-8.559301, 41.18134710000002], [-8.5593518, 41.1813171]]}, "properties": {"street_name": "Rua Calouste Gulbenkian", "municipio": "Gondomar", "count": 1, "top_infraction": "imbecis", "first_year": "2025", "last_year": "2025", "type_breakdown": "{\"imbecis\": 1}", "monthly_breakdown": "{\"2025-08\": 1}"}}, {"type": "Feature", "geometry": {"type": "LineString", "coordinates": [[-8.5588878, 41.1815329], [-8.5588688, 41.181547], [-8.5584371, 41.18186699999999], [-8.5580219, 41.18219320000001], [-8.5579811, 41.18223329999999], [-8.5579526, 41.182275700000005], [-8.557922, 41.18244119999999]]}, "properties": {"street_name": "Rua da Lourinha", "municipio": "Gondomar", "count": 1, "top_infraction": "imbecis", "first_year": "2025", "last_year": "2025", "type_breakdown": "{\"imbecis\": 1}", "monthly_breakdown": "{\"2025-08\": 1}"}}, {"type": "Feature", "geometry": {"type": "LineString", "coordinates": [[-8.557922, 41.18244119999999], [-8.5578394, 41.18241589999999], [-8.5574454, 41.1822826], [-8.5569447, 41.1820691]]}, "properties": {"street_name": "Rua Bernardim Ribeiro", "municipio": "Gondomar", "count": 2, "top_infraction": "imbecis", "first_year": "2024", "last_year": "2024", "type_breakdown": "{\"imbecis\": 2}", "monthly_breakdown": "{\"2024-11\": 2}"}}, {"type": "Feature", "geometry": {"type": "LineString", "coordinates": [[-8.5533043, 41.1843062], [-8.5534503, 41.184357], [-8.5536531, 41.18442749999999], [-8.5538382, 41.1845002], [-8.5539777, 41.18456069999999], [-8.554077, 41.18457899999999], [-8.5541907, 41.184605399999995], [-8.5543639, 41.184627400000004], [-8.5547019, 41.184659599999996], [-8.5550298, 41.1847086]]}, "properties": {"street_name": "Rua da Quinta da Campainha", "municipio": "Gondomar", "count": 1, "top_infraction": "imbecis", "first_year": "2025", "last_year": "2025", "type_breakdown": "{\"imbecis\": 1}", "monthly_breakdown": "{\"2025-10\": 1}"}}, {"type": "Feature", "geometry": {"type": "LineString", "coordinates": [[-8.5533043, 41.1843062], [-8.553283, 41.18435660000001], [-8.5531824, 41.18459529999999], [-8.5530802, 41.18471929999999], [-8.5527506, 41.1849598], [-8.552688, 41.1850323]]}, "properties": {"street_name": "Rua da Campainha", "municipio": "Gondomar", "count": 1, "top_infraction": "imbecis", "first_year": "2025", "last_year": "2025", "type_breakdown": "{\"imbecis\": 1}", "monthly_breakdown": "{\"2025-08\": 1}"}}, {"type": "Feature", "geometry": {"type": "LineString", "coordinates": [[-8.5397312, 41.1883286], [-8.5396407, 41.187765500000005], [-8.5396493, 41.187604799999995], [-8.5396815, 41.18745549999999], [-8.5397263, 41.187272500000006]]}, "properties": {"street_name": "Rua Dom Frei Bartolomeu dos Mártires", "municipio": "Gondomar", "count": 3, "top_infraction": "imbecis", "first_year": "2025", "last_year": "2025", "type_breakdown": "{\"imbecis\": 3}", "monthly_breakdown": "{\"2025-08\": 3}"}}, {"type": "Feature", "geometry": {"type": "LineString", "coordinates": [[-8.593757, 41.1698441], [-8.592821300000002, 41.16885239999999]]}, "properties": {"street_name": "Rua de Luís Woodhouse", "municipio": "Porto", "count": 1, "top_infraction": "imbecis", "first_year": "2025", "last_year": "2025", "type_breakdown": "{\"imbecis\": 1}", "monthly_breakdown": "{\"2025-10\": 1}"}}, {"type": "Feature", "geometry": {"type": "LineString", "coordinates": [[-8.5938234, 41.16991139999999], [-8.593757, 41.1698441]]}, "properties": {"street_name": "Rua de Luís Woodhouse", "municipio": "Porto", "count": 1, "top_infraction": "imbecis", "first_year": "2025", "last_year": "2025", "type_breakdown": "{\"imbecis\": 1}", "monthly_breakdown": "{\"2025-07\": 1}"}}, {"type": "Feature", "geometry": {"type": "LineString", "coordinates": [[-8.594369800000003, 41.1680748], [-8.5943172, 41.16808210000001], [-8.5942673, 41.16809550000001], [-8.5939195, 41.16826450000001], [-8.5935168, 41.1684879]]}, "properties": {"street_name": "Rua de Pereira Reis", "municipio": "Porto", "count": 1, "top_infraction": "imbecis", "first_year": "2025", "last_year": "2025", "type_breakdown": "{\"imbecis\": 1}", "monthly_breakdown": "{\"2025-05\": 1}"}}, {"type": "Feature", "geometry": {"type": "LineString", "coordinates": [[-8.5654195, 41.17402959999998], [-8.5654454, 41.174119000000005], [-8.5654569, 41.1741624], [-8.5654969, 41.1742124], [-8.5655824, 41.17426429999999], [-8.56575, 41.1743567], [-8.56577, 41.17439050000001], [-8.5657616, 41.174428299999995], [-8.5655569, 41.1746068]]}, "properties": {"street_name": null, "municipio": "Gondomar", "count": 1, "top_infraction": "imbecis", "first_year": "2025", "last_year": "2025", "type_breakdown": "{\"imbecis\": 1}", "monthly_breakdown": "{\"2025-09\": 1}"}}, {"type": "Feature", "geometry": {"type": "LineString", "coordinates": [[-8.5889413, 41.166832199999995], [-8.5888169, 41.1668531], [-8.5887231, 41.166845], [-8.5886211, 41.1667885], [-8.5885701, 41.16674239999999], [-8.5884827, 41.1666319]]}, "properties": {"street_name": "Rua Artur de Sousa", "municipio": "Porto", "count": 1, "top_infraction": "imbecis", "first_year": "2024", "last_year": "2024", "type_breakdown": "{\"imbecis\": 1}", "monthly_breakdown": "{\"2024-10\": 1}"}}, {"type": "Feature", "geometry": {"type": "LineString", "coordinates": [[-8.5889413, 41.166832199999995], [-8.5893286, 41.167070899999985], [-8.5895153, 41.1671859]]}, "properties": {"street_name": "Rua Estrela e Vigorosa Sport", "municipio": "Porto", "count": 1, "top_infraction": "imbecis", "first_year": "2024", "last_year": "2024", "type_breakdown": "{\"imbecis\": 1}", "monthly_breakdown": "{\"2024-10\": 1}"}}, {"type": "Feature", "geometry": {"type": "LineString", "coordinates": [[-8.5567286, 41.173680699999984], [-8.555748, 41.17336029999999], [-8.5556971, 41.17332979999999], [-8.5556645, 41.17330020000001]]}, "properties": {"street_name": "Rua de São Bento das Peras", "municipio": "Gondomar", "count": 1, "top_infraction": "imbecis", "first_year": "2026", "last_year": "2026", "type_breakdown": "{\"imbecis\": 1}", "monthly_breakdown": "{\"2026-04\": 1}"}}, {"type": "Feature", "geometry": {"type": "LineString", "coordinates": [[-8.5990735, 41.108845], [-8.599181, 41.1089481], [-8.5994162, 41.1092257], [-8.5995054, 41.109331], [-8.5998027, 41.1096589], [-8.5998946, 41.1098218], [-8.5999108, 41.1099175], [-8.5999118, 41.110008300000004], [-8.5998902, 41.11010050000001], [-8.5998795, 41.110128199999984], [-8.5998226, 41.1102765], [-8.5998106, 41.1105739], [-8.5998574, 41.1107199], [-8.599927, 41.11090339999999], [-8.5999474, 41.11096309999999]]}, "properties": {"street_name": "Rua Dom Manuel II", "municipio": "Vila Novade Gaia", "count": 1, "top_infraction": "imbecis", "first_year": "2024", "last_year": "2024", "type_breakdown": "{\"imbecis\": 1}", "monthly_breakdown": "{\"2024-12\": 1}"}}, {"type": "Feature", "geometry": {"type": "LineString", "coordinates": [[-8.531697, 41.139136099999995], [-8.5317802, 41.1389007]]}, "properties": {"street_name": "Rua 25 de Abril", "municipio": "Gondomar", "count": 2, "top_infraction": "imbecis", "first_year": "2025", "last_year": "2026", "type_breakdown": "{\"imbecis\": 2}", "monthly_breakdown": "{\"2025-11\": 1, \"2026-03\": 1}"}}, {"type": "Feature", "geometry": {"type": "LineString", "coordinates": [[-8.5899127, 41.1635099], [-8.5897046, 41.16375120000001], [-8.5896813, 41.163778199999996], [-8.5895746, 41.16390199999999]]}, "properties": {"street_name": "Avenida de Fernão de Magalhães", "municipio": "Porto", "count": 2, "top_infraction": "imbecis", "first_year": "2024", "last_year": "2024", "type_breakdown": "{\"imbecis\": 2}", "monthly_breakdown": "{\"2024-09\": 2}"}}, {"type": "Feature", "geometry": {"type": "LineString", "coordinates": [[-8.5906622, 41.1626331], [-8.5901549, 41.163229099999995]]}, "properties": {"street_name": "Avenida de Fernão de Magalhães", "municipio": "Porto", "count": 2, "top_infraction": "imbecis", "first_year": "2024", "last_year": "2026", "type_breakdown": "{\"imbecis\": 2}", "monthly_breakdown": "{\"2026-01\": 1, \"2024-10\": 1}"}}, {"type": "Feature", "geometry": {"type": "LineString", "coordinates": [[-8.5884387, 41.166393199999995], [-8.5883212, 41.16666570000001], [-8.5880665, 41.16722279999999]]}, "properties": {"street_name": "Avenida de Fernão de Magalhães", "municipio": "Porto", "count": 1, "top_infraction": "imbecis", "first_year": "2024", "last_year": "2024", "type_breakdown": "{\"imbecis\": 1}", "monthly_breakdown": "{\"2024-10\": 1}"}}, {"type": "Feature", "geometry": {"type": "LineString", "coordinates": [[-8.5882846, 41.167091], [-8.5883334, 41.16697860000001], [-8.5884827, 41.1666319]]}, "properties": {"street_name": "Avenida de Fernão de Magalhães", "municipio": "Porto", "count": 1, "top_infraction": "imbecis", "first_year": "2024", "last_year": "2024", "type_breakdown": "{\"imbecis\": 1}", "monthly_breakdown": "{\"2024-10\": 1}"}}, {"type": "Feature", "geometry": {"type": "LineString", "coordinates": [[-8.586205, 41.149094100000006], [-8.5861347, 41.14922489999999], [-8.5860332, 41.149682999999996], [-8.5860166, 41.14975789999999]]}, "properties": {"street_name": null, "municipio": "Porto", "count": 1, "top_infraction": "imbecis", "first_year": "2024", "last_year": "2024", "type_breakdown": "{\"imbecis\": 1}", "monthly_breakdown": "{\"2024-10\": 1}"}}, {"type": "Feature", "geometry": {"type": "LineString", "coordinates": [[-8.5863744, 41.1492822], [-8.5863549, 41.1491264], [-8.5863583, 41.14908450000001], [-8.5863747, 41.14900239999999]]}, "properties": {"street_name": "Rua de Justino Teixeira", "municipio": "Porto", "count": 1, "top_infraction": "imbecis", "first_year": "2025", "last_year": "2025", "type_breakdown": "{\"imbecis\": 1}", "monthly_breakdown": "{\"2025-03\": 1}"}}, {"type": "Feature", "geometry": {"type": "LineString", "coordinates": [[-8.5861189, 41.1499276], [-8.5861148, 41.149995], [-8.5860466, 41.1504585], [-8.5860364, 41.1505561], [-8.586049, 41.1505983], [-8.586064, 41.15062939999999], [-8.5860912, 41.15066010000001]]}, "properties": {"street_name": "Rua de Justino Teixeira", "municipio": "Porto", "count": 2, "top_infraction": "imbecis", "first_year": "2025", "last_year": "2025", "type_breakdown": "{\"imbecis\": 2}", "monthly_breakdown": "{\"2025-05\": 1, \"2025-03\": 1}"}}, {"type": "Feature", "geometry": {"type": "LineString", "coordinates": [[-8.5950543, 41.16679739999999], [-8.5943648, 41.16699549999999], [-8.5943186, 41.16701270000001], [-8.5942464, 41.167030199999985]]}, "properties": {"street_name": "Rua de Costa Cabral", "municipio": "Porto", "count": 2, "top_infraction": "imbecis", "first_year": "2024", "last_year": "2025", "type_breakdown": "{\"imbecis\": 2}", "monthly_breakdown": "{\"2025-04\": 1, \"2024-12\": 1}"}}, {"type": "Feature", "geometry": {"type": "LineString", "coordinates": [[-8.5785156, 41.1603171], [-8.5792588, 41.159822000000005], [-8.5792965, 41.1597934]]}, "properties": {"street_name": "Rua de São Roque da Lameira", "municipio": "Porto", "count": 1, "top_infraction": "imbecis", "first_year": "2024", "last_year": "2024", "type_breakdown": "{\"imbecis\": 1}", "monthly_breakdown": "{\"2024-06\": 1}"}}, {"type": "Feature", "geometry": {"type": "LineString", "coordinates": [[-8.575749, 41.1631462], [-8.5756787, 41.1630796], [-8.5750731, 41.162423999999994], [-8.5747765, 41.1620213], [-8.5742507, 41.161052899999994], [-8.5741352, 41.1608631]]}, "properties": {"street_name": "Alameda de Cartes", "municipio": "Porto", "count": 1, "top_infraction": "imbecis", "first_year": "2024", "last_year": "2024", "type_breakdown": "{\"imbecis\": 1}", "monthly_breakdown": "{\"2024-11\": 1}"}}, {"type": "Feature", "geometry": {"type": "LineString", "coordinates": [[-8.596628, 41.16745869999999], [-8.5964962, 41.1675141], [-8.596341, 41.167557800000004], [-8.594369800000003, 41.1680748]]}, "properties": {"street_name": "Rua de Pereira Reis", "municipio": "Porto", "count": 5, "top_infraction": "imbecis", "first_year": "2025", "last_year": "2025", "type_breakdown": "{\"imbecis\": 5}", "monthly_breakdown": "{\"2025-05\": 4, \"2025-11\": 1}"}}, {"type": "Feature", "geometry": {"type": "LineString", "coordinates": [[-8.5980682, 41.14300339999999], [-8.5976482, 41.1426913], [-8.5972074, 41.14236159999999]]}, "properties": {"street_name": "Rua de São Victor", "municipio": "Porto", "count": 5, "top_infraction": "imbecis", "first_year": "2024", "last_year": "2024", "type_breakdown": "{\"imbecis\": 5}", "monthly_breakdown": "{\"2024-04\": 5}"}}, {"type": "Feature", "geometry": {"type": "LineString", "coordinates": [[-8.5524819, 41.16999889999999], [-8.5525606, 41.16996889999999], [-8.552595000000002, 41.1699445], [-8.5526196, 41.1699174], [-8.552633, 41.1698966], [-8.552638, 41.169871799999996], [-8.5525893, 41.16965149999999]]}, "properties": {"street_name": null, "municipio": "Gondomar", "count": 3, "top_infraction": "imbecis", "first_year": "2024", "last_year": "2024", "type_breakdown": "{\"imbecis\": 3}", "monthly_breakdown": "{\"2024-03\": 1, \"2024-06\": 2}"}}, {"type": "Feature", "geometry": {"type": "LineString", "coordinates": [[-8.5524198, 41.170127], [-8.5531819, 41.169914199999994]]}, "properties": {"street_name": "Rua de Moçambique", "municipio": "Gondomar", "count": 1, "top_infraction": "imbecis", "first_year": "2024", "last_year": "2024", "type_breakdown": "{\"imbecis\": 1}", "monthly_breakdown": "{\"2024-05\": 1}"}}, {"type": "Feature", "geometry": {"type": "LineString", "coordinates": [[-8.5678594, 41.173341300000004], [-8.5677912, 41.17328630000001], [-8.5677409, 41.173225099999996], [-8.5676206, 41.17295339999999], [-8.5675874, 41.1728681], [-8.5672183, 41.172045], [-8.5671679, 41.17186709999999], [-8.5671644, 41.1717127], [-8.567193, 41.1715969]]}, "properties": {"street_name": "Estrada Interior da Circunvalação", "municipio": null, "count": 1, "top_infraction": "imbecis", "first_year": "2025", "last_year": "2025", "type_breakdown": "{\"imbecis\": 1}", "monthly_breakdown": "{\"2025-09\": 1}"}}, {"type": "Feature", "geometry": {"type": "LineString", "coordinates": [[-8.5831214, 41.1808018], [-8.5826344, 41.180545099999996], [-8.5825813, 41.1805328], [-8.5825313, 41.18053210000001], [-8.582499, 41.1805342], [-8.5823907, 41.1805609]]}, "properties": {"street_name": "Rua Diamantina", "municipio": "Porto", "count": 1, "top_infraction": "imbecis", "first_year": "2026", "last_year": "2026", "type_breakdown": "{\"imbecis\": 1}", "monthly_breakdown": "{\"2026-01\": 1}"}}, {"type": "Feature", "geometry": {"type": "LineString", "coordinates": [[-8.5979585, 41.14780649999999], [-8.5979383, 41.1477451], [-8.5976456, 41.14682879999999], [-8.597607, 41.146708]]}, "properties": {"street_name": "Rua do Duque da Saldanha", "municipio": "Porto", "count": 15, "top_infraction": "imbecis", "first_year": "2024", "last_year": "2025", "type_breakdown": "{\"imbecis\": 15}", "monthly_breakdown": "{\"2024-04\": 6, \"2024-06\": 6, \"2025-03\": 1, \"2024-09\": 2}"}}, {"type": "Feature", "geometry": {"type": "LineString", "coordinates": [[-8.5596248, 41.179356799999994], [-8.5596907, 41.17929149999999], [-8.5597054, 41.1792769], [-8.559851900000002, 41.17908229999999], [-8.559962, 41.1788965], [-8.5600129, 41.17881880000001], [-8.5600298, 41.178772], [-8.560033200000001, 41.178754799999986], [-8.560068500000002, 41.17857850000001], [-8.5601209, 41.178435], [-8.5602178, 41.17828670000001], [-8.5604612, 41.178063], [-8.5604956, 41.1780446], [-8.560589, 41.178021900000005]]}, "properties": {"street_name": "Travessa Calouste Gulbenkian", "municipio": "Gondomar", "count": 2, "top_infraction": "imbecis", "first_year": "2025", "last_year": "2025", "type_breakdown": "{\"imbecis\": 2}", "monthly_breakdown": "{\"2025-08\": 1, \"2025-09\": 1}"}}, {"type": "Feature", "geometry": {"type": "LineString", "coordinates": [[-8.5596248, 41.179356799999994], [-8.559580900000002, 41.17920130000001], [-8.5594219, 41.1788091], [-8.5592931, 41.1784812], [-8.559246, 41.17844609999999], [-8.5591922, 41.178436699999985], [-8.5591355, 41.17843569999999], [-8.5590961, 41.1784406]]}, "properties": {"street_name": "Rua Calouste Gulbenkian", "municipio": "Gondomar", "count": 6, "top_infraction": "imbecis", "first_year": "2025", "last_year": "2025", "type_breakdown": "{\"imbecis\": 6}", "monthly_breakdown": "{\"2025-08\": 2, \"2025-09\": 3, \"2025-10\": 1}"}}, {"type": "Feature", "geometry": {"type": "LineString", "coordinates": [[-8.5992234, 41.152108500000004], [-8.5988448, 41.15203359999999]]}, "properties": {"street_name": "Rua dos Abraços", "municipio": "Porto", "count": 1, "top_infraction": "imbecis", "first_year": "2025", "last_year": "2025", "type_breakdown": "{\"imbecis\": 1}", "monthly_breakdown": "{\"2025-04\": 1}"}}, {"type": "Feature", "geometry": {"type": "LineString", "coordinates": [[-8.5992234, 41.152108500000004], [-8.599200700000003, 41.15213349999999], [-8.5991873, 41.1521611], [-8.5991136, 41.1525038]]}, "properties": {"street_name": "Rua da Póvoa", "municipio": "Porto", "count": 2, "top_infraction": "imbecis", "first_year": "2025", "last_year": "2025", "type_breakdown": "{\"imbecis\": 2}", "monthly_breakdown": "{\"2025-04\": 1, \"2025-01\": 1}"}}, {"type": "Feature", "geometry": {"type": "LineString", "coordinates": [[-8.598132, 41.1585133], [-8.5981361, 41.15845809999999], [-8.5982166, 41.1582572], [-8.5982327, 41.158206799999995], [-8.5982125, 41.1581331], [-8.5981671, 41.15810170000001], [-8.5981462, 41.1580873], [-8.598096600000002, 41.1580531]]}, "properties": {"street_name": null, "municipio": "Porto", "count": 8, "top_infraction": "imbecis", "first_year": "2024", "last_year": "2024", "type_breakdown": "{\"imbecis\": 8}", "monthly_breakdown": "{\"2024-11\": 6, \"2024-12\": 2}"}}, {"type": "Feature", "geometry": {"type": "LineString", "coordinates": [[-8.5970884, 41.1773084], [-8.5969498, 41.1772669], [-8.5960365, 41.17700090000001], [-8.5959822, 41.1769851], [-8.5958582, 41.176956499999996], [-8.5957732, 41.1769382], [-8.5957111, 41.17693059999999], [-8.5956407, 41.1769238], [-8.5955345, 41.1769157], [-8.5955073, 41.176915699999995], [-8.5954358, 41.176915400000006], [-8.5952707, 41.176926899999984], [-8.5946203, 41.1769993], [-8.5944974, 41.1770173], [-8.5943781, 41.177029199999986], [-8.5943024, 41.1770313]]}, "properties": {"street_name": "Rua Dom Frei Vicente da Soledade e Castro", "municipio": "Porto", "count": 2, "top_infraction": "imbecis", "first_year": "2024", "last_year": "2024", "type_breakdown": "{\"imbecis\": 2}", "monthly_breakdown": "{\"2024-05\": 2}"}}, {"type": "Feature", "geometry": {"type": "LineString", "coordinates": [[-8.5970884, 41.1773084], [-8.5980733, 41.1775929], [-8.5981844, 41.17762629999999]]}, "properties": {"street_name": "Rua Dom Frei Vicente da Soledade e Castro", "municipio": "Porto", "count": 2, "top_infraction": "imbecis", "first_year": "2024", "last_year": "2024", "type_breakdown": "{\"imbecis\": 2}", "monthly_breakdown": "{\"2024-09\": 2}"}}, {"type": "Feature", "geometry": {"type": "LineString", "coordinates": [[-8.5990134, 41.182511600000005], [-8.5974917, 41.1821049], [-8.5972538, 41.18204329999999]]}, "properties": {"street_name": "Alameda Professor Hernâni Monteiro", "municipio": "Porto", "count": 1, "top_infraction": "imbecis", "first_year": "2025", "last_year": "2025", "type_breakdown": "{\"imbecis\": 1}", "monthly_breakdown": "{\"2025-02\": 1}"}}, {"type": "Feature", "geometry": {"type": "LineString", "coordinates": [[-8.597977400000001, 41.14814080000001], [-8.5980591, 41.1482596]]}, "properties": {"street_name": "Rua de Ferreira Cardoso", "municipio": "Porto", "count": 1, "top_infraction": "imbecis", "first_year": "2024", "last_year": "2024", "type_breakdown": "{\"imbecis\": 1}", "monthly_breakdown": "{\"2024-06\": 1}"}}, {"type": "Feature", "geometry": {"type": "LineString", "coordinates": [[-8.5968906, 41.1485283], [-8.5973523, 41.1484261], [-8.597486, 41.1483925]]}, "properties": {"street_name": "Avenida de Camilo", "municipio": "Porto", "count": 2, "top_infraction": "imbecis", "first_year": "2024", "last_year": "2024", "type_breakdown": "{\"imbecis\": 2}", "monthly_breakdown": "{\"2024-04\": 2}"}}, {"type": "Feature", "geometry": {"type": "LineString", "coordinates": [[-8.5315388, 41.13891689999999], [-8.5316133, 41.13900749999999], [-8.531697, 41.139136099999995]]}, "properties": {"street_name": "Rua Bento Jesus Caraça", "municipio": "Gondomar", "count": 2, "top_infraction": "imbecis", "first_year": "2025", "last_year": "2025", "type_breakdown": "{\"imbecis\": 2}", "monthly_breakdown": "{\"2025-07\": 1, \"2025-09\": 1}"}}, {"type": "Feature", "geometry": {"type": "LineString", "coordinates": [[-8.5655569, 41.1746068], [-8.5655235, 41.17458479999999], [-8.5654525, 41.174540499999985], [-8.5651544, 41.17436789999999], [-8.56505, 41.1741601], [-8.564975100000002, 41.1740859], [-8.5647567, 41.1739427]]}, "properties": {"street_name": "Rua da Ranha", "municipio": "Gondomar", "count": 1, "top_infraction": "imbecis", "first_year": "2025", "last_year": "2025", "type_breakdown": "{\"imbecis\": 1}", "monthly_breakdown": "{\"2025-10\": 1}"}}, {"type": "Feature", "geometry": {"type": "LineString", "coordinates": [[-8.5913476, 41.15799820000001], [-8.5913419, 41.157959999999996], [-8.591267, 41.1575676]]}, "properties": {"street_name": "Rua das Antas", "municipio": "Porto", "count": 1, "top_infraction": "imbecis", "first_year": "2025", "last_year": "2025", "type_breakdown": "{\"imbecis\": 1}", "monthly_breakdown": "{\"2025-05\": 1}"}}, {"type": "Feature", "geometry": {"type": "LineString", "coordinates": [[-8.595969, 41.146527599999985], [-8.5960712, 41.1466062], [-8.5976733, 41.147861600000006], [-8.597736, 41.147909500000004]]}, "properties": {"street_name": "Rua de Ferreira Cardoso", "municipio": "Porto", "count": 34, "top_infraction": "imbecis", "first_year": "2024", "last_year": "2024", "type_breakdown": "{\"imbecis\": 34}", "monthly_breakdown": "{\"2024-06\": 32, \"2024-04\": 2}"}}, {"type": "Feature", "geometry": {"type": "LineString", "coordinates": [[-8.5962572, 41.1460173], [-8.5962077, 41.1458616], [-8.5961885, 41.14580299999999], [-8.5961604, 41.1457299]]}, "properties": {"street_name": "Largo de Soares dos Reis", "municipio": "Porto", "count": 1, "top_infraction": "imbecis", "first_year": "2024", "last_year": "2024", "type_breakdown": "{\"imbecis\": 1}", "monthly_breakdown": "{\"2024-04\": 1}"}}, {"type": "Feature", "geometry": {"type": "LineString", "coordinates": [[-8.5956468, 41.146271899999995], [-8.5958684, 41.14644739999999], [-8.595969, 41.146527599999985]]}, "properties": {"street_name": "Largo de Soares dos Reis", "municipio": "Porto", "count": 20, "top_infraction": "imbecis", "first_year": "2024", "last_year": "2024", "type_breakdown": "{\"imbecis\": 20}", "monthly_breakdown": "{\"2024-07\": 20}"}}, {"type": "Feature", "geometry": {"type": "LineString", "coordinates": [[-8.595062, 41.19883949999999], [-8.5949654, 41.1988389], [-8.5946554, 41.19880840000001], [-8.594356, 41.19970300000001], [-8.594283700000002, 41.1996911]]}, "properties": {"street_name": "Travessa Dom António Castro Meireles", "municipio": "Maia", "count": 1, "top_infraction": "imbecis", "first_year": "2025", "last_year": "2025", "type_breakdown": "{\"imbecis\": 1}", "monthly_breakdown": "{\"2025-03\": 1}"}}, {"type": "Feature", "geometry": {"type": "LineString", "coordinates": [[-8.5535384, 41.1839392], [-8.5533726, 41.18418199999999]]}, "properties": {"street_name": null, "municipio": "Gondomar", "count": 1, "top_infraction": "imbecis", "first_year": "2025", "last_year": "2025", "type_breakdown": "{\"imbecis\": 1}", "monthly_breakdown": "{\"2025-04\": 1}"}}, {"type": "Feature", "geometry": {"type": "LineString", "coordinates": [[-8.5576051, 41.18368879999999], [-8.5578269, 41.1834235], [-8.5577382, 41.18338299999999]]}, "properties": {"street_name": null, "municipio": "Gondomar", "count": 2, "top_infraction": "imbecis", "first_year": "2024", "last_year": "2024", "type_breakdown": "{\"imbecis\": 2}", "monthly_breakdown": "{\"2024-11\": 1, \"2024-10\": 1}"}}, {"type": "Feature", "geometry": {"type": "LineString", "coordinates": [[-8.5576051, 41.18368879999999], [-8.5572465, 41.1841538], [-8.5568794, 41.1846997]]}, "properties": {"street_name": null, "municipio": "Gondomar", "count": 1, "top_infraction": "imbecis", "first_year": "2024", "last_year": "2024", "type_breakdown": "{\"imbecis\": 1}", "monthly_breakdown": "{\"2024-10\": 1}"}}, {"type": "Feature", "geometry": {"type": "LineString", "coordinates": [[-8.5969298, 41.158309100000004], [-8.5977909, 41.1588814]]}, "properties": {"street_name": "Rua Coutinho de Azevedo", "municipio": "Porto", "count": 5, "top_infraction": "imbecis", "first_year": "2024", "last_year": "2024", "type_breakdown": "{\"imbecis\": 5}", "monthly_breakdown": "{\"2024-10\": 3, \"2024-11\": 1, \"2024-12\": 1}"}}, {"type": "Feature", "geometry": {"type": "LineString", "coordinates": [[-8.5872238, 41.14878499999999], [-8.5871671, 41.1488873], [-8.5871233, 41.148960100000004], [-8.5871093, 41.1489824], [-8.587081600000001, 41.14902660000001]]}, "properties": {"street_name": "Rua de Miraflor", "municipio": "Porto", "count": 1, "top_infraction": "imbecis", "first_year": "2024", "last_year": "2024", "type_breakdown": "{\"imbecis\": 1}", "monthly_breakdown": "{\"2024-09\": 1}"}}, {"type": "Feature", "geometry": {"type": "LineString", "coordinates": [[-8.5982825, 41.1483996], [-8.5982124, 41.148299400000006], [-8.5980106, 41.1479067], [-8.5979585, 41.14780649999999]]}, "properties": {"street_name": "Rua do Duque da Saldanha", "municipio": "Porto", "count": 18, "top_infraction": "imbecis", "first_year": "2024", "last_year": "2024", "type_breakdown": "{\"imbecis\": 18}", "monthly_breakdown": "{\"2024-04\": 4, \"2024-09\": 14}"}}, {"type": "Feature", "geometry": {"type": "LineString", "coordinates": [[-8.589927, 41.16451789999999], [-8.5902178, 41.164636699999996], [-8.5902796, 41.164662]]}, "properties": {"street_name": "Rua de Santo António das Antas", "municipio": "Porto", "count": 1, "top_infraction": "imbecis", "first_year": "2025", "last_year": "2025", "type_breakdown": "{\"imbecis\": 1}", "monthly_breakdown": "{\"2025-04\": 1}"}}, {"type": "Feature", "geometry": {"type": "LineString", "coordinates": [[-8.5942464, 41.167030199999985], [-8.594207300000003, 41.1670216], [-8.5941746, 41.1670002], [-8.5941414, 41.1669689], [-8.594077900000002, 41.1669266], [-8.5940003, 41.16689889999999]]}, "properties": {"street_name": "Rua de Silva Tapada", "municipio": "Porto", "count": 1, "top_infraction": "imbecis", "first_year": "2025", "last_year": "2025", "type_breakdown": "{\"imbecis\": 1}", "monthly_breakdown": "{\"2025-06\": 1}"}}, {"type": "Feature", "geometry": {"type": "LineString", "coordinates": [[-8.5914768, 41.16840359999999], [-8.5918353, 41.1687822], [-8.591776, 41.16881490000001], [-8.5919579, 41.16900989999999]]}, "properties": {"street_name": null, "municipio": "Porto", "count": 1, "top_infraction": "imbecis", "first_year": "2024", "last_year": "2024", "type_breakdown": "{\"imbecis\": 1}", "monthly_breakdown": "{\"2024-10\": 1}"}}, {"type": "Feature", "geometry": {"type": "LineString", "coordinates": [[-8.596255, 41.15352990000001], [-8.5961929, 41.15364499999999], [-8.5961693, 41.15368709999999], [-8.5960501, 41.1538981], [-8.5959725, 41.154031399999994], [-8.5957198, 41.1544699]]}, "properties": {"street_name": "Avenida de Fernão de Magalhães", "municipio": "Porto", "count": 6, "top_infraction": "imbecis", "first_year": "2024", "last_year": "2025", "type_breakdown": "{\"imbecis\": 6}", "monthly_breakdown": "{\"2024-10\": 1, \"2025-03\": 5}"}}, {"type": "Feature", "geometry": {"type": "LineString", "coordinates": [[-8.5968276, 41.15254779999999], [-8.5969011, 41.152425099999995], [-8.5969302, 41.152378], [-8.5971738, 41.1519833], [-8.5972832, 41.1517898], [-8.5973047, 41.15175159999999], [-8.5973284, 41.15170979999999], [-8.5974385, 41.1515149], [-8.597504, 41.1513974]]}, "properties": {"street_name": "Avenida de Fernão de Magalhães", "municipio": "Porto", "count": 4, "top_infraction": "imbecis", "first_year": "2025", "last_year": "2025", "type_breakdown": "{\"imbecis\": 4}", "monthly_breakdown": "{\"2025-03\": 4}"}}, {"type": "Feature", "geometry": {"type": "LineString", "coordinates": [[-8.5981359, 41.1579193], [-8.5981166, 41.1579958], [-8.5981142, 41.1580053], [-8.598096600000002, 41.1580531]]}, "properties": {"street_name": "Praça da Rainha Dona Amélia", "municipio": "Porto", "count": 19, "top_infraction": "imbecis", "first_year": "2024", "last_year": "2025", "type_breakdown": "{\"imbecis\": 19}", "monthly_breakdown": "{\"2024-10\": 8, \"2024-12\": 4, \"2025-03\": 4, \"2024-11\": 1, \"2024-09\": 2}"}}, {"type": "Feature", "geometry": {"type": "LineString", "coordinates": [[-8.5983745, 41.15614179999999], [-8.5983579, 41.15619650000001], [-8.5983531, 41.15632659999999], [-8.5983585, 41.1564612], [-8.598362, 41.156543799999994], [-8.5983773, 41.156744999999994]]}, "properties": {"street_name": "Rua da Póvoa", "municipio": "Porto", "count": 1, "top_infraction": "imbecis", "first_year": "2025", "last_year": "2025", "type_breakdown": "{\"imbecis\": 1}", "monthly_breakdown": "{\"2025-03\": 1}"}}, {"type": "Feature", "geometry": {"type": "LineString", "coordinates": [[-8.5978336, 41.153596099999994], [-8.5980909, 41.15356130000001], [-8.5989075, 41.1534507], [-8.5994747, 41.153368900000004], [-8.5995267, 41.15335669999999], [-8.5996178, 41.1533353], [-8.5997153, 41.15329319999999]]}, "properties": {"street_name": "Rua Dom Agostinho de Jesus e Sousa", "municipio": "Porto", "count": 8, "top_infraction": "imbecis", "first_year": "2024", "last_year": "2025", "type_breakdown": "{\"imbecis\": 8}", "monthly_breakdown": "{\"2025-03\": 2, \"2024-10\": 2, \"2024-09\": 2, \"2024-11\": 2}"}}, {"type": "Feature", "geometry": {"type": "LineString", "coordinates": [[-8.5761237, 41.19809179999999], [-8.5760837, 41.197899799999995]]}, "properties": {"street_name": null, "municipio": "Maia", "count": 1, "top_infraction": "imbecis", "first_year": "2025", "last_year": "2025", "type_breakdown": "{\"imbecis\": 1}", "monthly_breakdown": "{\"2025-02\": 1}"}}, {"type": "Feature", "geometry": {"type": "LineString", "coordinates": [[-8.5902796, 41.164662], [-8.5902789, 41.1646866], [-8.590287700000001, 41.1647099], [-8.5902967, 41.16473719999999], [-8.5902991, 41.16476879999999], [-8.5894057, 41.16601619999999], [-8.589354, 41.1660746]]}, "properties": {"street_name": "Rua de Naulila", "municipio": "Porto", "count": 1, "top_infraction": "imbecis", "first_year": "2026", "last_year": "2026", "type_breakdown": "{\"imbecis\": 1}", "monthly_breakdown": "{\"2026-01\": 1}"}}, {"type": "Feature", "geometry": {"type": "LineString", "coordinates": [[-8.5974884, 41.1660698], [-8.5974451, 41.1660827], [-8.5951441, 41.166770699999994], [-8.5950543, 41.16679739999999]]}, "properties": {"street_name": "Rua de Costa Cabral", "municipio": "Porto", "count": 5, "top_infraction": "imbecis", "first_year": "2024", "last_year": "2025", "type_breakdown": "{\"imbecis\": 5}", "monthly_breakdown": "{\"2025-10\": 1, \"2025-08\": 2, \"2024-10\": 2}"}}, {"type": "Feature", "geometry": {"type": "LineString", "coordinates": [[-8.5990207, 41.143673899999996], [-8.5986514, 41.143414699999994], [-8.5985872, 41.14336970000001], [-8.5984346, 41.14326260000001], [-8.5982333, 41.1431202]]}, "properties": {"street_name": "Rua de São Victor", "municipio": "Porto", "count": 4, "top_infraction": "imbecis", "first_year": "2024", "last_year": "2024", "type_breakdown": "{\"imbecis\": 4}", "monthly_breakdown": "{\"2024-04\": 4}"}}, {"type": "Feature", "geometry": {"type": "LineString", "coordinates": [[-8.5971378, 41.142309600000004], [-8.5969163, 41.14214419999999], [-8.5963856, 41.1417699], [-8.5962549, 41.14170120000001]]}, "properties": {"street_name": "Rua de São Victor", "municipio": "Porto", "count": 3, "top_infraction": "imbecis", "first_year": "2024", "last_year": "2024", "type_breakdown": "{\"imbecis\": 3}", "monthly_breakdown": "{\"2024-04\": 3}"}}, {"type": "Feature", "geometry": {"type": "LineString", "coordinates": [[-8.5861542, 41.149675999999985], [-8.5861296, 41.149783899999996], [-8.5861256, 41.14981359999999], [-8.5861225, 41.14986220000001], [-8.5861189, 41.1499276]]}, "properties": {"street_name": "Rua de Justino Teixeira", "municipio": "Porto", "count": 2, "top_infraction": "imbecis", "first_year": "2024", "last_year": "2025", "type_breakdown": "{\"imbecis\": 2}", "monthly_breakdown": "{\"2024-11\": 1, \"2025-05\": 1}"}}, {"type": "Feature", "geometry": {"type": "LineString", "coordinates": [[-8.5997835, 41.16834049999999], [-8.5978948, 41.168279600000005]]}, "properties": {"street_name": "Rua Hernâni Torres", "municipio": "Porto", "count": 1, "top_infraction": "imbecis", "first_year": "2024", "last_year": "2024", "type_breakdown": "{\"imbecis\": 1}", "monthly_breakdown": "{\"2024-05\": 1}"}}, {"type": "Feature", "geometry": {"type": "LineString", "coordinates": [[-8.5973531, 41.16921169999999], [-8.5973698, 41.169095699999986], [-8.5974553, 41.1685979], [-8.5975736, 41.1683866], [-8.5976082, 41.1683422]]}, "properties": {"street_name": "Rua de Aval de Baixo", "municipio": "Porto", "count": 2, "top_infraction": "imbecis", "first_year": "2025", "last_year": "2025", "type_breakdown": "{\"imbecis\": 2}", "monthly_breakdown": "{\"2025-05\": 2}"}}, {"type": "Feature", "geometry": {"type": "LineString", "coordinates": [[-8.5949998, 41.15337190000001], [-8.5952899, 41.1542492], [-8.5953906, 41.1545274], [-8.5954033, 41.1545617], [-8.5954715, 41.1547249]]}, "properties": {"street_name": "Rua de Barros Lima", "municipio": "Porto", "count": 6, "top_infraction": "imbecis", "first_year": "2026", "last_year": "2026", "type_breakdown": "{\"imbecis\": 6}", "monthly_breakdown": "{\"2026-02\": 6}"}}, {"type": "Feature", "geometry": {"type": "LineString", "coordinates": [[-8.5891354, 41.176226899999996], [-8.5893748, 41.1761917], [-8.5894355, 41.1761864], [-8.5894811, 41.17618509999999], [-8.5895372, 41.1761904], [-8.5895897, 41.17620339999999], [-8.589623, 41.17621449999999], [-8.5896711, 41.17623529999999], [-8.5897007, 41.1762529], [-8.589733, 41.176274199999995], [-8.5897744, 41.1763087], [-8.5898066, 41.176350000000006], [-8.590253, 41.177205], [-8.5902776, 41.1772814]]}, "properties": {"street_name": "Rua Horácio Marçal", "municipio": "Porto", "count": 2, "top_infraction": "imbecis", "first_year": "2024", "last_year": "2024", "type_breakdown": "{\"imbecis\": 2}", "monthly_breakdown": "{\"2024-09\": 2}"}}, {"type": "Feature", "geometry": {"type": "LineString", "coordinates": [[-8.5823579, 41.1514597], [-8.5823561, 41.15156429999999], [-8.5823594, 41.1521813], [-8.5823614, 41.152422]]}, "properties": {"street_name": "Rua do Terminal Intermodal", "municipio": "Porto", "count": 1, "top_infraction": "imbecis", "first_year": "2025", "last_year": "2025", "type_breakdown": "{\"imbecis\": 1}", "monthly_breakdown": "{\"2025-07\": 1}"}}, {"type": "Feature", "geometry": {"type": "LineString", "coordinates": [[-8.598096600000002, 41.1580531], [-8.597826000000001, 41.1587863], [-8.5978121, 41.158824], [-8.5977909, 41.1588814]]}, "properties": {"street_name": "Praça da Rainha Dona Amélia", "municipio": "Porto", "count": 12, "top_infraction": "imbecis", "first_year": "2024", "last_year": "2025", "type_breakdown": "{\"imbecis\": 12}", "monthly_breakdown": "{\"2024-12\": 2, \"2024-08\": 1, \"2024-10\": 1, \"2024-11\": 5, \"2025-03\": 3}"}}, {"type": "Feature", "geometry": {"type": "LineString", "coordinates": [[-8.5987496, 41.144955700000004], [-8.5986182, 41.144659199999985]]}, "properties": {"street_name": "Rua do Barão de São Cosme", "municipio": "Porto", "count": 8, "top_infraction": "imbecis", "first_year": "2024", "last_year": "2024", "type_breakdown": "{\"imbecis\": 8}", "monthly_breakdown": "{\"2024-06\": 8}"}}, {"type": "Feature", "geometry": {"type": "LineString", "coordinates": [[-8.5987496, 41.144955700000004], [-8.5989643, 41.144937]]}, "properties": {"street_name": null, "municipio": "Porto", "count": 1, "top_infraction": "imbecis", "first_year": "2024", "last_year": "2024", "type_breakdown": "{\"imbecis\": 1}", "monthly_breakdown": "{\"2024-04\": 1}"}}, {"type": "Feature", "geometry": {"type": "LineString", "coordinates": [[-8.5989643, 41.144937], [-8.599026, 41.1446563]]}, "properties": {"street_name": null, "municipio": "Porto", "count": 2, "top_infraction": "imbecis", "first_year": "2024", "last_year": "2024", "type_breakdown": "{\"imbecis\": 2}", "monthly_breakdown": "{\"2024-04\": 2}"}}, {"type": "Feature", "geometry": {"type": "LineString", "coordinates": [[-8.5360498, 41.180860700000004], [-8.536218600000002, 41.1810865], [-8.5361836, 41.1814514]]}, "properties": {"street_name": null, "municipio": "Gondomar", "count": 1, "top_infraction": "imbecis", "first_year": "2024", "last_year": "2024", "type_breakdown": "{\"imbecis\": 1}", "monthly_breakdown": "{\"2024-11\": 1}"}}, {"type": "Feature", "geometry": {"type": "LineString", "coordinates": [[-8.505211, 41.1922158], [-8.5052784, 41.19221269999999], [-8.5058346, 41.192187100000005], [-8.5060023, 41.1922007], [-8.5061022, 41.19221679999999], [-8.5062014, 41.192229999999995]]}, "properties": {"street_name": null, "municipio": "Valongo", "count": 1, "top_infraction": "imbecis", "first_year": "2024", "last_year": "2024", "type_breakdown": "{\"imbecis\": 1}", "monthly_breakdown": "{\"2024-12\": 1}"}}, {"type": "Feature", "geometry": {"type": "LineString", "coordinates": [[-8.503432, 41.1972468], [-8.5035249, 41.1972605], [-8.5035875, 41.1972818], [-8.5036469, 41.197321200000005], [-8.5037485, 41.19736810000001], [-8.504345, 41.197601999999996], [-8.504592500000001, 41.1977057], [-8.5048681, 41.1978245], [-8.5050734, 41.1979161], [-8.5055603, 41.198153], [-8.5057432, 41.198242300000004], [-8.5058611, 41.198299899999995]]}, "properties": {"street_name": null, "municipio": "Valongo", "count": 1, "top_infraction": "imbecis", "first_year": "2025", "last_year": "2025", "type_breakdown": "{\"imbecis\": 1}", "monthly_breakdown": "{\"2025-03\": 1}"}}, {"type": "Feature", "geometry": {"type": "LineString", "coordinates": [[-8.5826508, 41.1505088], [-8.5831432, 41.15044400000001], [-8.583495, 41.1503973], [-8.5835305, 41.15039169999999], [-8.5835635, 41.150384399999986], [-8.5835954, 41.15037459999999], [-8.5836225, 41.1503614], [-8.5836465, 41.150344999999994]]}, "properties": {"street_name": "Rua do Pinheiro de Campanhã", "municipio": "Porto", "count": 1, "top_infraction": "imbecis", "first_year": "2025", "last_year": "2025", "type_breakdown": "{\"imbecis\": 1}", "monthly_breakdown": "{\"2025-05\": 1}"}}, {"type": "Feature", "geometry": {"type": "LineString", "coordinates": [[-8.5823567, 41.150730499999995], [-8.5825074, 41.14991969999999], [-8.5825606, 41.14970729999999], [-8.5825894, 41.14961529999999], [-8.5826472, 41.1494624], [-8.5826923, 41.149357399999985], [-8.5829138, 41.148819700000004], [-8.5829552, 41.1486856], [-8.5829662, 41.14863499999999], [-8.5829734, 41.1485844], [-8.582974, 41.14853380000001], [-8.5829647, 41.14848310000001], [-8.5829205, 41.1483416], [-8.5828752, 41.1482522], [-8.5828329, 41.148182500000004], [-8.5827539, 41.1480857], [-8.5826948, 41.1480167], [-8.5826059, 41.1479348], [-8.5825177, 41.1478492], [-8.5824552, 41.147775599999996]]}, "properties": {"street_name": "Via Corniche", "municipio": "Porto", "count": 1, "top_infraction": "imbecis", "first_year": "2025", "last_year": "2025", "type_breakdown": "{\"imbecis\": 1}", "monthly_breakdown": "{\"2025-07\": 1}"}}, {"type": "Feature", "geometry": {"type": "LineString", "coordinates": [[-8.505651, 41.19163789999999], [-8.5054634, 41.19157409999998]]}, "properties": {"street_name": null, "municipio": "Valongo", "count": 1, "top_infraction": "imbecis", "first_year": "2024", "last_year": "2024", "type_breakdown": "{\"imbecis\": 1}", "monthly_breakdown": "{\"2024-12\": 1}"}}, {"type": "Feature", "geometry": {"type": "LineString", "coordinates": [[-8.5244906, 41.1382748], [-8.5245869, 41.139028599999996]]}, "properties": {"street_name": "Travessa Quinta Vale Chão", "municipio": "Gondomar", "count": 1, "top_infraction": "imbecis", "first_year": "2025", "last_year": "2025", "type_breakdown": "{\"imbecis\": 1}", "monthly_breakdown": "{\"2025-02\": 1}"}}, {"type": "Feature", "geometry": {"type": "LineString", "coordinates": [[-8.5891485, 41.177401499999995], [-8.5890306, 41.177413599999994]]}, "properties": {"street_name": "Rua Henrique de Sousa Reis", "municipio": "Porto", "count": 1, "top_infraction": "imbecis", "first_year": "2024", "last_year": "2024", "type_breakdown": "{\"imbecis\": 1}", "monthly_breakdown": "{\"2024-04\": 1}"}}, {"type": "Feature", "geometry": {"type": "LineString", "coordinates": [[-8.5535732, 41.171686699999995], [-8.5530133, 41.171132300000004], [-8.5529511, 41.1711657]]}, "properties": {"street_name": null, "municipio": "Gondomar", "count": 1, "top_infraction": "imbecis", "first_year": "2024", "last_year": "2024", "type_breakdown": "{\"imbecis\": 1}", "monthly_breakdown": "{\"2024-06\": 1}"}}, {"type": "Feature", "geometry": {"type": "LineString", "coordinates": [[-8.5381414, 41.1833761], [-8.5383108, 41.1835213]]}, "properties": {"street_name": "Rua Dom António Castro Meireles", "municipio": "Gondomar", "count": 1, "top_infraction": "imbecis", "first_year": "2025", "last_year": "2025", "type_breakdown": "{\"imbecis\": 1}", "monthly_breakdown": "{\"2025-08\": 1}"}}, {"type": "Feature", "geometry": {"type": "LineString", "coordinates": [[-8.5573911, 41.175831], [-8.5573965, 41.1759339], [-8.5573918, 41.1760467]]}, "properties": {"street_name": "Rua Padre António Costa Leite", "municipio": "Gondomar", "count": 1, "top_infraction": "imbecis", "first_year": "2025", "last_year": "2025", "type_breakdown": "{\"imbecis\": 1}", "monthly_breakdown": "{\"2025-08\": 1}"}}, {"type": "Feature", "geometry": {"type": "LineString", "coordinates": [[-8.557522900000002, 41.17568659999999], [-8.5575234, 41.17562830000001], [-8.5575532, 41.1755131], [-8.557561, 41.175490499999995], [-8.5575971, 41.1753865], [-8.5576671, 41.175238499999985], [-8.5577214, 41.17518809999999], [-8.5577947, 41.175160500000004], [-8.5579134, 41.1751596], [-8.5582281, 41.175200200000006], [-8.5582608, 41.1752007]]}, "properties": {"street_name": "Rua Padre António Costa Leite", "municipio": "Gondomar", "count": 1, "top_infraction": "imbecis", "first_year": "2024", "last_year": "2024", "type_breakdown": "{\"imbecis\": 1}", "monthly_breakdown": "{\"2024-10\": 1}"}}, {"type": "Feature", "geometry": {"type": "LineString", "coordinates": [[-8.559315, 41.177256099999994], [-8.5594435, 41.177349299999996], [-8.5596128, 41.1774791], [-8.5597104, 41.177556599999996], [-8.5597742, 41.1776424], [-8.5598054, 41.17771019999999], [-8.5598188, 41.17777269999999], [-8.5598106, 41.177835099999996], [-8.5597969, 41.1778666], [-8.5597832, 41.177898000000006], [-8.5597389, 41.1779423], [-8.5592837, 41.178203999999994], [-8.5592406, 41.1782369], [-8.5592016, 41.1782667], [-8.559148, 41.17833319999999], [-8.5590961, 41.1784406]]}, "properties": {"street_name": "Largo do Mosteiro", "municipio": "Gondomar", "count": 1, "top_infraction": "imbecis", "first_year": "2025", "last_year": "2025", "type_breakdown": "{\"imbecis\": 1}", "monthly_breakdown": "{\"2025-08\": 1}"}}, {"type": "Feature", "geometry": {"type": "LineString", "coordinates": [[-8.594002300000001, 41.16036069999999], [-8.5939717, 41.1604131], [-8.5939641, 41.16044599999999], [-8.5939752, 41.1604808], [-8.5939964, 41.160509699999984], [-8.5940359, 41.1605421], [-8.5941358, 41.1605816]]}, "properties": {"street_name": "Rua Nova de São Crispim", "municipio": "Porto", "count": 1, "top_infraction": "imbecis", "first_year": "2026", "last_year": "2026", "type_breakdown": "{\"imbecis\": 1}", "monthly_breakdown": "{\"2026-02\": 1}"}}, {"type": "Feature", "geometry": {"type": "LineString", "coordinates": [[-8.594002300000001, 41.16036069999999], [-8.5939121, 41.1603793], [-8.5936774, 41.1604547], [-8.5935535, 41.1604954], [-8.5934679, 41.16055059999999]]}, "properties": {"street_name": "Rua Nova de São Crispim", "municipio": "Porto", "count": 1, "top_infraction": "imbecis", "first_year": "2025", "last_year": "2025", "type_breakdown": "{\"imbecis\": 1}", "monthly_breakdown": "{\"2025-03\": 1}"}}, {"type": "Feature", "geometry": {"type": "LineString", "coordinates": [[-8.5940003, 41.16689889999999], [-8.594030800000002, 41.16696029999999], [-8.5940496, 41.16699800000001], [-8.5940627, 41.16703179999999], [-8.5940607, 41.167054799999995], [-8.5940526, 41.16706980000001], [-8.5940209, 41.167108000000006]]}, "properties": {"street_name": "Rua de Silva Tapada", "municipio": "Porto", "count": 1, "top_infraction": "imbecis", "first_year": "2025", "last_year": "2025", "type_breakdown": "{\"imbecis\": 1}", "monthly_breakdown": "{\"2025-10\": 1}"}}, {"type": "Feature", "geometry": {"type": "LineString", "coordinates": [[-8.5977164, 41.16809370000001], [-8.5976343, 41.16829730000001], [-8.5976082, 41.1683422]]}, "properties": {"street_name": "Rua de Aval de Baixo", "municipio": "Porto", "count": 1, "top_infraction": "imbecis", "first_year": "2025", "last_year": "2025", "type_breakdown": "{\"imbecis\": 1}", "monthly_breakdown": "{\"2025-01\": 1}"}}, {"type": "Feature", "geometry": {"type": "LineString", "coordinates": [[-8.545544300000001, 41.1743642], [-8.545581, 41.1742797], [-8.5456588, 41.1742504], [-8.5457379, 41.174207]]}, "properties": {"street_name": "Largo da Venda Nova", "municipio": "Gondomar", "count": 1, "top_infraction": "imbecis", "first_year": "2025", "last_year": "2025", "type_breakdown": "{\"imbecis\": 1}", "monthly_breakdown": "{\"2025-11\": 1}"}}, {"type": "Feature", "geometry": {"type": "LineString", "coordinates": [[-8.4962877, 41.18638339999999], [-8.4962425, 41.18634579999999], [-8.4961114, 41.1862793], [-8.4959363, 41.186201], [-8.4957831, 41.18614349999999], [-8.4957242, 41.18617], [-8.495678700000001, 41.1862469], [-8.4956573, 41.18628069999999]]}, "properties": {"street_name": null, "municipio": "Valongo", "count": 1, "top_infraction": "imbecis", "first_year": "2025", "last_year": "2025", "type_breakdown": "{\"imbecis\": 1}", "monthly_breakdown": "{\"2025-05\": 1}"}}, {"type": "Feature", "geometry": {"type": "LineString", "coordinates": [[-8.3073642, 41.19571930000001], [-8.3075769, 41.19603499999999]]}, "properties": {"street_name": null, "municipio": "Penafiel", "count": 1, "top_infraction": "imbecis", "first_year": "2024", "last_year": "2024", "type_breakdown": "{\"imbecis\": 1}", "monthly_breakdown": "{\"2024-03\": 1}"}}, {"type": "Feature", "geometry": {"type": "LineString", "coordinates": [[-8.3357057, 41.19815289999998], [-8.335566, 41.19853229999999]]}, "properties": {"street_name": null, "municipio": "Paredes", "count": 1, "top_infraction": "imbecis", "first_year": "2025", "last_year": "2025", "type_breakdown": "{\"imbecis\": 1}", "monthly_breakdown": "{\"2025-11\": 1}"}}, {"type": "Feature", "geometry": {"type": "LineString", "coordinates": [[-8.7253501, 41.2429274], [-8.725389, 41.242926], [-8.7261729, 41.24289869999999], [-8.726384, 41.24286059999999], [-8.7264383, 41.24274819999999], [-8.7264193, 41.24269589999999], [-8.7259752, 41.241472], [-8.7256941, 41.24069730000001], [-8.725621700000001, 41.240629600000005], [-8.7255031, 41.24061059999999], [-8.725351100000001, 41.2406213]]}, "properties": {"street_name": "['Rua Verdeiro do Carmo', 'Travessa do Areal', 'Rua das Dunas']", "municipio": "Matosinhos", "count": 8, "top_infraction": "imbecis", "first_year": "2025", "last_year": "2025", "type_breakdown": "{\"imbecis\": 8}", "monthly_breakdown": "{\"2025-08\": 7, \"2025-07\": 1}"}}, {"type": "Feature", "geometry": {"type": "LineString", "coordinates": [[-8.7243631, 41.242945199999994], [-8.7244574, 41.2429426], [-8.7253501, 41.2429274]]}, "properties": {"street_name": "Rua Verdeiro do Carmo", "municipio": "Matosinhos", "count": 1, "top_infraction": "imbecis", "first_year": "2025", "last_year": "2025", "type_breakdown": "{\"imbecis\": 1}", "monthly_breakdown": "{\"2025-08\": 1}"}}, {"type": "Feature", "geometry": {"type": "LineString", "coordinates": [[-8.7027985, 41.2224534], [-8.7026268, 41.222459199999996], [-8.7024585, 41.222472499999995], [-8.7021439, 41.2225063], [-8.7015876, 41.22258710000001], [-8.7014374, 41.22261049999999]]}, "properties": {"street_name": "Rua Armando Vaz", "municipio": "Matosinhos", "count": 1, "top_infraction": "imbecis", "first_year": "2025", "last_year": "2025", "type_breakdown": "{\"imbecis\": 1}", "monthly_breakdown": "{\"2025-01\": 1}"}}, {"type": "Feature", "geometry": {"type": "LineString", "coordinates": [[-8.7246362, 41.2406522], [-8.7253501, 41.2429274]]}, "properties": {"street_name": "Rua do Areal", "municipio": "Matosinhos", "count": 4, "top_infraction": "imbecis", "first_year": "2025", "last_year": "2025", "type_breakdown": "{\"imbecis\": 4}", "monthly_breakdown": "{\"2025-08\": 4}"}}, {"type": "Feature", "geometry": {"type": "LineString", "coordinates": [[-8.7246362, 41.2406522], [-8.7245589, 41.24065629999998], [-8.7237447, 41.2406998], [-8.7236449, 41.24070520000001]]}, "properties": {"street_name": "Travessa do Areal", "municipio": "Matosinhos", "count": 1, "top_infraction": "imbecis", "first_year": "2025", "last_year": "2025", "type_breakdown": "{\"imbecis\": 1}", "monthly_breakdown": "{\"2025-08\": 1}"}}, {"type": "Feature", "geometry": {"type": "LineString", "coordinates": [[-8.723239, 41.2391179], [-8.7233139, 41.23910269999999], [-8.7233805, 41.2390997], [-8.7234418, 41.239125200000004], [-8.7239615, 41.239601199999996], [-8.7242377, 41.2399869], [-8.7245226, 41.2403897], [-8.7246017, 41.240565999999994], [-8.7246192, 41.2406148], [-8.7246362, 41.2406522]]}, "properties": {"street_name": "Rua do Areal", "municipio": "Matosinhos", "count": 1, "top_infraction": "imbecis", "first_year": "2025", "last_year": "2025", "type_breakdown": "{\"imbecis\": 1}", "monthly_breakdown": "{\"2025-08\": 1}"}}, {"type": "Feature", "geometry": {"type": "LineString", "coordinates": [[-8.7008857, 41.222532099999995], [-8.7010033, 41.2225575], [-8.7010718, 41.22267369999999]]}, "properties": {"street_name": null, "municipio": "Matosinhos", "count": 1, "top_infraction": "imbecis", "first_year": "2025", "last_year": "2025", "type_breakdown": "{\"imbecis\": 1}", "monthly_breakdown": "{\"2025-01\": 1}"}}, {"type": "Feature", "geometry": {"type": "LineString", "coordinates": [[-8.7232487, 41.245327], [-8.7232576, 41.24522499999999], [-8.7232666, 41.24517229999999], [-8.7232723, 41.24511470000001], [-8.7232777, 41.2450504], [-8.7233088, 41.2449633], [-8.7233707, 41.2448715], [-8.7234798, 41.2447552], [-8.723604, 41.24463809999999], [-8.7237421, 41.244529099999994], [-8.7243086, 41.2440867], [-8.7244034, 41.243964399999996], [-8.7244379, 41.24388979999999], [-8.7244566, 41.24377090000001], [-8.724440800000002, 41.2431994], [-8.724434, 41.243061899999994], [-8.724434, 41.24303619999999], [-8.724461700000003, 41.243009199999996], [-8.7245154, 41.242997], [-8.7253917, 41.242973000000006], [-8.7262138, 41.24295049999999], [-8.7262805, 41.2429443], [-8.7263603, 41.242922300000004], [-8.7264222, 41.24288310000001], [-8.7264645, 41.2428439], [-8.7264939, 41.2427778], [-8.7264906, 41.242720299999995], [-8.7264785, 41.2426852], [-8.7264763, 41.24267879999999], [-8.7263766, 41.2423909], [-8.726054200000002, 41.24153990000001], [-8.7260251, 41.2414616], [-8.7257383, 41.2406914], [-8.725696, 41.2406302], [-8.7256048, 41.2405886], [-8.7255006, 41.2405788], [-8.7253552, 41.240587899999994], [-8.7253445, 41.240588599999995]]}, "properties": {"street_name": "Ciclovia da Agudela", "municipio": "Matosinhos", "count": 4, "top_infraction": "imbecis", "first_year": "2025", "last_year": "2025", "type_breakdown": "{\"imbecis\": 4}", "monthly_breakdown": "{\"2025-08\": 4}"}}, {"type": "Feature", "geometry": {"type": "LineString", "coordinates": [[-8.7228646, 41.2380549], [-8.722872, 41.23807240000001], [-8.7229435, 41.23816279999999], [-8.722998, 41.23825879999998], [-8.7230868, 41.23830670000001], [-8.7231671, 41.238486099999996], [-8.7232126, 41.23858310000001], [-8.7232787, 41.238776300000005], [-8.723306, 41.2389045], [-8.72334, 41.23902900000001], [-8.7233844, 41.23906679999999], [-8.7234587, 41.2390868], [-8.7239569, 41.2395416], [-8.7240481, 41.239650600000004], [-8.7243933, 41.240115899999985], [-8.7246694, 41.2406058], [-8.7246839, 41.2406288], [-8.7253445, 41.240588599999995]]}, "properties": {"street_name": "Ciclovia da Agudela", "municipio": "Matosinhos", "count": 2, "top_infraction": "imbecis", "first_year": "2025", "last_year": "2025", "type_breakdown": "{\"imbecis\": 2}", "monthly_breakdown": "{\"2025-08\": 2}"}}, {"type": "Feature", "geometry": {"type": "LineString", "coordinates": [[-8.725351100000001, 41.2406213], [-8.7246976, 41.2406519], [-8.7246362, 41.2406522]]}, "properties": {"street_name": "Travessa do Areal", "municipio": "Matosinhos", "count": 4, "top_infraction": "imbecis", "first_year": "2025", "last_year": "2025", "type_breakdown": "{\"imbecis\": 4}", "monthly_breakdown": "{\"2025-08\": 4}"}}, {"type": "Feature", "geometry": {"type": "LineString", "coordinates": [[-8.6964314, 41.2012413], [-8.6964322, 41.2011686], [-8.6964489, 41.20031149999999]]}, "properties": {"street_name": "Avenida Doutor Fernando Aroso", "municipio": "Matosinhos", "count": 1, "top_infraction": "imbecis", "first_year": "2024", "last_year": "2024", "type_breakdown": "{\"imbecis\": 1}", "monthly_breakdown": "{\"2024-05\": 1}"}}, {"type": "Feature", "geometry": {"type": "LineString", "coordinates": [[-8.6931938, 41.20250769999999], [-8.6933405, 41.202238799999996], [-8.6934156, 41.202115], [-8.6934493, 41.20205949999999]]}, "properties": {"street_name": "Rua Veloso Salgado", "municipio": "Matosinhos", "count": 4, "top_infraction": "imbecis", "first_year": "2024", "last_year": "2024", "type_breakdown": "{\"imbecis\": 4}", "monthly_breakdown": "{\"2024-10\": 4}"}}, {"type": "Feature", "geometry": {"type": "LineString", "coordinates": [[-8.6475845, 41.23853009999999], [-8.647244, 41.2385282], [-8.6471813, 41.2385279], [-8.6471133, 41.238557799999995], [-8.6470878, 41.2386153], [-8.6470848, 41.238772999999995], [-8.647070900000001, 41.239513499999994]]}, "properties": {"street_name": "Rua de Adelaide da Silva Pinto Aroso", "municipio": "Maia", "count": 1, "top_infraction": "imbecis", "first_year": "2024", "last_year": "2024", "type_breakdown": "{\"imbecis\": 1}", "monthly_breakdown": "{\"2024-11\": 1}"}}, {"type": "Feature", "geometry": {"type": "LineString", "coordinates": [[-8.6475615, 41.23951590000001], [-8.6475798, 41.2387299]]}, "properties": {"street_name": "Rua António Lopes da Silva", "municipio": "Maia", "count": 2, "top_infraction": "imbecis", "first_year": "2024", "last_year": "2024", "type_breakdown": "{\"imbecis\": 2}", "monthly_breakdown": "{\"2024-09\": 1, \"2024-11\": 1}"}}, {"type": "Feature", "geometry": {"type": "LineString", "coordinates": [[-8.6475615, 41.23951590000001], [-8.6477133, 41.23951689999999]]}, "properties": {"street_name": "Rua António Fernandes Pinto", "municipio": "Maia", "count": 4, "top_infraction": "imbecis", "first_year": "2024", "last_year": "2025", "type_breakdown": "{\"imbecis\": 4}", "monthly_breakdown": "{\"2024-11\": 1, \"2025-06\": 1, \"2024-09\": 2}"}}, {"type": "Feature", "geometry": {"type": "LineString", "coordinates": [[-8.6475615, 41.23951590000001], [-8.6474808, 41.23951549999999], [-8.647070900000001, 41.239513499999994]]}, "properties": {"street_name": "Rua António Fernandes Pinto", "municipio": "Maia", "count": 2, "top_infraction": "imbecis", "first_year": "2024", "last_year": "2025", "type_breakdown": "{\"imbecis\": 2}", "monthly_breakdown": "{\"2025-02\": 1, \"2024-11\": 1}"}}, {"type": "Feature", "geometry": {"type": "LineString", "coordinates": [[-8.6561253, 41.25032229999999], [-8.6560541, 41.2504181], [-8.6560235, 41.2504509], [-8.6559837, 41.25048460000001], [-8.6559348, 41.25051499999999], [-8.6546321, 41.251185099999994], [-8.6531115, 41.25196709999999]]}, "properties": {"street_name": "Rua do Divino Salvador de Moreira", "municipio": "Maia", "count": 1, "top_infraction": "imbecis", "first_year": "2024", "last_year": "2024", "type_breakdown": "{\"imbecis\": 1}", "monthly_breakdown": "{\"2024-09\": 1}"}}, {"type": "Feature", "geometry": {"type": "LineString", "coordinates": [[-8.647070900000001, 41.239513499999994], [-8.6470698, 41.239594999999994], [-8.647048, 41.2396492], [-8.6469854, 41.239665699999996], [-8.6464955, 41.239660199999996]]}, "properties": {"street_name": "Rua de Adelaide da Silva Pinto Aroso", "municipio": "Maia", "count": 1, "top_infraction": "imbecis", "first_year": "2025", "last_year": "2025", "type_breakdown": "{\"imbecis\": 1}", "monthly_breakdown": "{\"2025-07\": 1}"}}, {"type": "Feature", "geometry": {"type": "LineString", "coordinates": [[-8.6481415, 41.2391917], [-8.6490649, 41.23921380000001], [-8.6491132, 41.2392533], [-8.6492018, 41.23954659999999]]}, "properties": {"street_name": "Travessa Ponte de Moreira", "municipio": "Maia", "count": 2, "top_infraction": "imbecis", "first_year": "2024", "last_year": "2025", "type_breakdown": "{\"imbecis\": 2}", "monthly_breakdown": "{\"2025-02\": 1, \"2024-11\": 1}"}}, {"type": "Feature", "geometry": {"type": "LineString", "coordinates": [[-8.6481415, 41.2391917], [-8.6481428, 41.239116300000006], [-8.6481508, 41.2386534], [-8.6481523, 41.238538199999994]]}, "properties": {"street_name": "Rua da Ponte de Moreira", "municipio": "Maia", "count": 7, "top_infraction": "imbecis", "first_year": "2024", "last_year": "2025", "type_breakdown": "{\"imbecis\": 7}", "monthly_breakdown": "{\"2024-09\": 2, \"2024-11\": 1, \"2025-02\": 3, \"2025-07\": 1}"}}, {"type": "Feature", "geometry": {"type": "LineString", "coordinates": [[-8.650474600000003, 41.2413025], [-8.6502709, 41.2405368], [-8.650236, 41.24042099999999]]}, "properties": {"street_name": "Rua de José Maria Pedroto", "municipio": "Maia", "count": 20, "top_infraction": "imbecis", "first_year": "2025", "last_year": "2025", "type_breakdown": "{\"imbecis\": 20}", "monthly_breakdown": "{\"2025-02\": 14, \"2025-01\": 4, \"2025-03\": 1, \"2025-05\": 1}"}}, {"type": "Feature", "geometry": {"type": "LineString", "coordinates": [[-8.6095573, 41.2378047], [-8.6105434, 41.23794409999999], [-8.6105575, 41.23795], [-8.6105654, 41.2379533], [-8.6105743, 41.237957099999996], [-8.6106317, 41.2379811]]}, "properties": {"street_name": "Rua Manuel da Silva Barros", "municipio": "Maia", "count": 6, "top_infraction": "imbecis", "first_year": "2024", "last_year": "2026", "type_breakdown": "{\"imbecis\": 6}", "monthly_breakdown": "{\"2026-01\": 2, \"2024-07\": 1, \"2025-04\": 1, \"2025-03\": 1, \"2024-10\": 1}"}}, {"type": "Feature", "geometry": {"type": "LineString", "coordinates": [[-8.6699742, 41.23427240000001], [-8.6700503, 41.2341695], [-8.6701132, 41.234116000000014], [-8.6702681, 41.2339792], [-8.6704281, 41.2338698], [-8.6730408, 41.2320456]]}, "properties": {"street_name": "Avenida Mário Brito", "municipio": "Matosinhos", "count": 1, "top_infraction": "imbecis", "first_year": "2025", "last_year": "2025", "type_breakdown": "{\"imbecis\": 1}", "monthly_breakdown": "{\"2025-02\": 1}"}}, {"type": "Feature", "geometry": {"type": "LineString", "coordinates": [[-8.6489345, 41.25003799999998], [-8.6488044, 41.249858499999995], [-8.6486596, 41.2496266], [-8.6485737, 41.24944709999999], [-8.6485496, 41.249209099999995], [-8.6485319, 41.2491317], [-8.6482763, 41.24910599999998]]}, "properties": {"street_name": "Rua da Banda de Música de Moreira", "municipio": "Maia", "count": 1, "top_infraction": "imbecis", "first_year": "2024", "last_year": "2024", "type_breakdown": "{\"imbecis\": 1}", "monthly_breakdown": "{\"2024-11\": 1}"}}, {"type": "Feature", "geometry": {"type": "LineString", "coordinates": [[-8.6144633, 41.258934700000005], [-8.6144608, 41.2589851], [-8.6144567, 41.2591648], [-8.6144346, 41.2592213], [-8.6144317, 41.25933070000001]]}, "properties": {"street_name": "Rua Professor Lafayete Rodrigues Vieira de Castro", "municipio": "Maia", "count": 1, "top_infraction": "imbecis", "first_year": "2025", "last_year": "2025", "type_breakdown": "{\"imbecis\": 1}", "monthly_breakdown": "{\"2025-05\": 1}"}}, {"type": "Feature", "geometry": {"type": "LineString", "coordinates": [[-8.6219449, 41.263783899999986], [-8.6227586, 41.26503389999999], [-8.6227708, 41.26510059999998], [-8.6227745, 41.2651584]]}, "properties": {"street_name": "Rua António da Silva Mouta", "municipio": "Maia", "count": 2, "top_infraction": "imbecis", "first_year": "2025", "last_year": "2025", "type_breakdown": "{\"imbecis\": 2}", "monthly_breakdown": "{\"2025-03\": 2}"}}, {"type": "Feature", "geometry": {"type": "LineString", "coordinates": [[-8.6187406, 41.2650672], [-8.6187695, 41.265098899999984], [-8.618806000000001, 41.265139399999995], [-8.6189959, 41.26539899999999], [-8.6190537, 41.2654819], [-8.6190778, 41.265528199999984], [-8.6190963, 41.265575899999995], [-8.619111, 41.2656238], [-8.6191184, 41.26567109999999], [-8.6191204, 41.265748]]}, "properties": {"street_name": "Largo do Soutinho de Maio", "municipio": "Maia", "count": 1, "top_infraction": "imbecis", "first_year": "2025", "last_year": "2025", "type_breakdown": "{\"imbecis\": 1}", "monthly_breakdown": "{\"2025-06\": 1}"}}, {"type": "Feature", "geometry": {"type": "LineString", "coordinates": [[-8.6091937, 41.2253292], [-8.6098338, 41.22550929999999], [-8.6101015, 41.2255847], [-8.6101384, 41.22559789999999], [-8.6101748, 41.2256136], [-8.6102356, 41.2256527], [-8.6102786, 41.225679500000005]]}, "properties": {"street_name": "Rua 5 de Outubro", "municipio": "Maia", "count": 3, "top_infraction": "imbecis", "first_year": "2024", "last_year": "2025", "type_breakdown": "{\"imbecis\": 3}", "monthly_breakdown": "{\"2025-01\": 1, \"2025-02\": 1, \"2024-12\": 1}"}}, {"type": "Feature", "geometry": {"type": "LineString", "coordinates": [[-8.6105042, 41.2254732], [-8.6104633, 41.225477199999986], [-8.6104234, 41.225487599999994], [-8.6103747, 41.225511], [-8.6103345, 41.2255413], [-8.6103098, 41.2255711], [-8.61029, 41.2256055], [-8.6102794, 41.2256421], [-8.6102786, 41.225679500000005]]}, "properties": {"street_name": "Rua 5 de Outubro", "municipio": "Maia", "count": 1, "top_infraction": "imbecis", "first_year": "2025", "last_year": "2025", "type_breakdown": "{\"imbecis\": 1}", "monthly_breakdown": "{\"2025-01\": 1}"}}, {"type": "Feature", "geometry": {"type": "LineString", "coordinates": [[-8.6105042, 41.2254732], [-8.6103308, 41.2254714], [-8.6101917, 41.22547190000001], [-8.610126, 41.22546889999999], [-8.610078, 41.2254619], [-8.6099955, 41.2254414], [-8.6098836, 41.22540980000001], [-8.6095788, 41.225327899999996]]}, "properties": {"street_name": "Rua 5 de Outubro", "municipio": "Maia", "count": 1, "top_infraction": "imbecis", "first_year": "2024", "last_year": "2024", "type_breakdown": "{\"imbecis\": 1}", "monthly_breakdown": "{\"2024-12\": 1}"}}, {"type": "Feature", "geometry": {"type": "LineString", "coordinates": [[-8.612844, 41.2257488], [-8.6127981, 41.225529099999996]]}, "properties": {"street_name": null, "municipio": "Maia", "count": 1, "top_infraction": "imbecis", "first_year": "2025", "last_year": "2025", "type_breakdown": "{\"imbecis\": 1}", "monthly_breakdown": "{\"2025-02\": 1}"}}, {"type": "Feature", "geometry": {"type": "LineString", "coordinates": [[-8.6127458, 41.225366699999995], [-8.6127673, 41.225483000000004], [-8.6127981, 41.225529099999996]]}, "properties": {"street_name": null, "municipio": "Maia", "count": 2, "top_infraction": "imbecis", "first_year": "2024", "last_year": "2025", "type_breakdown": "{\"imbecis\": 2}", "monthly_breakdown": "{\"2024-12\": 1, \"2025-03\": 1}"}}, {"type": "Feature", "geometry": {"type": "LineString", "coordinates": [[-8.612859000000002, 41.2258209], [-8.6127066, 41.2258329], [-8.6124405, 41.2258495], [-8.6123082, 41.2258533], [-8.6122465, 41.225854000000005], [-8.6121034, 41.22585269999999], [-8.6120245, 41.22585069999999], [-8.6119579, 41.22584770000001], [-8.6117251, 41.22583589999999], [-8.6117184, 41.2258362], [-8.6117125, 41.2258383], [-8.6117056, 41.22584160000001], [-8.6116723, 41.225857], [-8.6116486, 41.2258706], [-8.6115921, 41.2259033]]}, "properties": {"street_name": null, "municipio": "Maia", "count": 3, "top_infraction": "imbecis", "first_year": "2024", "last_year": "2025", "type_breakdown": "{\"imbecis\": 3}", "monthly_breakdown": "{\"2025-01\": 1, \"2024-12\": 2}"}}, {"type": "Feature", "geometry": {"type": "LineString", "coordinates": [[-8.6477133, 41.23951689999999], [-8.6479761, 41.23951859999999], [-8.6479761, 41.239460099999995], [-8.6477159, 41.23945599999999], [-8.6477133, 41.23951689999999]]}, "properties": {"street_name": "Rua António Fernandes Pinto", "municipio": "Maia", "count": 1, "top_infraction": "imbecis", "first_year": "2025", "last_year": "2025", "type_breakdown": "{\"imbecis\": 1}", "monthly_breakdown": "{\"2025-07\": 1}"}}, {"type": "Feature", "geometry": {"type": "LineString", "coordinates": [[-8.6845506, 41.216330799999994], [-8.684745300000001, 41.2163268]]}, "properties": {"street_name": null, "municipio": "Matosinhos", "count": 1, "top_infraction": "imbecis", "first_year": "2024", "last_year": "2024", "type_breakdown": "{\"imbecis\": 1}", "monthly_breakdown": "{\"2024-10\": 1}"}}, {"type": "Feature", "geometry": {"type": "LineString", "coordinates": [[-8.6838018, 41.21553349999999], [-8.6840387, 41.2155289], [-8.6857358, 41.2155122], [-8.6858463, 41.21551109999999]]}, "properties": {"street_name": null, "municipio": "Matosinhos", "count": 1, "top_infraction": "imbecis", "first_year": "2024", "last_year": "2024", "type_breakdown": "{\"imbecis\": 1}", "monthly_breakdown": "{\"2024-06\": 1}"}}, {"type": "Feature", "geometry": {"type": "LineString", "coordinates": [[-8.6201783, 41.228926], [-8.6201832, 41.2289591], [-8.6201745, 41.2289944], [-8.6201606, 41.22901739999999], [-8.6201484, 41.2290297], [-8.6201209, 41.22905089999999], [-8.6200638, 41.2290838]]}, "properties": {"street_name": "Rua de Argentat", "municipio": "Maia", "count": 1, "top_infraction": "imbecis", "first_year": "2024", "last_year": "2024", "type_breakdown": "{\"imbecis\": 1}", "monthly_breakdown": "{\"2024-12\": 1}"}}, {"type": "Feature", "geometry": {"type": "LineString", "coordinates": [[-8.6231763, 41.231413599999996], [-8.6229435, 41.231381], [-8.6228869, 41.2313731], [-8.6228435, 41.23136699999999], [-8.6227414, 41.23135510000001], [-8.6227184, 41.2313516], [-8.6226809, 41.231345999999995], [-8.6226483, 41.231341099999995], [-8.6226075, 41.2313335], [-8.6219752, 41.2312078]]}, "properties": {"street_name": "['Rua Doutor Augusto Martins', 'Rua do Viso']", "municipio": "Maia", "count": 1, "top_infraction": "imbecis", "first_year": "2025", "last_year": "2025", "type_breakdown": "{\"imbecis\": 1}", "monthly_breakdown": "{\"2025-03\": 1}"}}, {"type": "Feature", "geometry": {"type": "LineString", "coordinates": [[-8.6166896, 41.2626876], [-8.6166915, 41.2626659], [-8.6167427, 41.2623431], [-8.6167426, 41.262283], [-8.6167332, 41.26222729999999], [-8.6166842, 41.262054299999996], [-8.6164857, 41.261354299999994], [-8.6164683, 41.26132869999999], [-8.6164473, 41.26131029999999], [-8.6164193, 41.2612946], [-8.6163871, 41.26128419999999], [-8.6163427, 41.261276599999995], [-8.616302900000003, 41.261275700000006], [-8.6162312, 41.2612712], [-8.6161957, 41.26126119999999], [-8.6161768, 41.2612408], [-8.616141200000001, 41.2611816]]}, "properties": {"street_name": "Rua da Estação", "municipio": "Maia", "count": 1, "top_infraction": "imbecis", "first_year": "2025", "last_year": "2025", "type_breakdown": "{\"imbecis\": 1}", "monthly_breakdown": "{\"2025-05\": 1}"}}, {"type": "Feature", "geometry": {"type": "LineString", "coordinates": [[-8.620156100000003, 41.25955679999999], [-8.6202102, 41.259549799999995], [-8.6205558, 41.25950609999999], [-8.6206293, 41.25949659999999]]}, "properties": {"street_name": "Via Engenheiro Belmiro de Azevedo", "municipio": "Maia", "count": 1, "top_infraction": "imbecis", "first_year": "2025", "last_year": "2025", "type_breakdown": "{\"imbecis\": 1}", "monthly_breakdown": "{\"2025-05\": 1}"}}, {"type": "Feature", "geometry": {"type": "LineString", "coordinates": [[-8.620156100000003, 41.25955679999999], [-8.6199257, 41.259586500000005], [-8.6193833, 41.259654000000005], [-8.6193415, 41.2596595]]}, "properties": {"street_name": "Via Engenheiro Belmiro de Azevedo", "municipio": "Maia", "count": 1, "top_infraction": "imbecis", "first_year": "2025", "last_year": "2025", "type_breakdown": "{\"imbecis\": 1}", "monthly_breakdown": "{\"2025-05\": 1}"}}, {"type": "Feature", "geometry": {"type": "LineString", "coordinates": [[-8.5700417, 41.20417040000001], [-8.5696397, 41.2044099], [-8.5687036, 41.20499409999999], [-8.5684156, 41.2051738], [-8.5680742, 41.205446599999995], [-8.5680538, 41.2054678]]}, "properties": {"street_name": "Rua Dom Afonso Henriques", "municipio": "Maia", "count": 3, "top_infraction": "imbecis", "first_year": "2025", "last_year": "2025", "type_breakdown": "{\"imbecis\": 3}", "monthly_breakdown": "{\"2025-06\": 3}"}}, {"type": "Feature", "geometry": {"type": "LineString", "coordinates": [[-8.5502321, 41.2048917], [-8.5503453, 41.20495559999999], [-8.5504232, 41.204967799999984], [-8.5504752, 41.2050051], [-8.5504869, 41.20503959999999], [-8.5504957, 41.2050776]]}, "properties": {"street_name": null, "municipio": "Valongo", "count": 1, "top_infraction": "imbecis", "first_year": "2025", "last_year": "2025", "type_breakdown": "{\"imbecis\": 1}", "monthly_breakdown": "{\"2025-08\": 1}"}}, {"type": "Feature", "geometry": {"type": "LineString", "coordinates": [[-8.5832001, 41.2012908], [-8.582077000000002, 41.2014187]]}, "properties": {"street_name": "Rua da Caverneira", "municipio": "Maia", "count": 1, "top_infraction": "imbecis", "first_year": "2025", "last_year": "2025", "type_breakdown": "{\"imbecis\": 1}", "monthly_breakdown": "{\"2025-06\": 1}"}}, {"type": "Feature", "geometry": {"type": "LineString", "coordinates": [[-8.5815683, 41.20145550000001], [-8.582077000000002, 41.2014187]]}, "properties": {"street_name": "Rua da Caverneira", "municipio": "Maia", "count": 1, "top_infraction": "imbecis", "first_year": "2024", "last_year": "2024", "type_breakdown": "{\"imbecis\": 1}", "monthly_breakdown": "{\"2024-06\": 1}"}}, {"type": "Feature", "geometry": {"type": "LineString", "coordinates": [[-8.5804089, 41.20005229999999], [-8.5807731, 41.2004776]]}, "properties": {"street_name": "Rua Doutor António dos Santos", "municipio": "Maia", "count": 1, "top_infraction": "imbecis", "first_year": "2025", "last_year": "2025", "type_breakdown": "{\"imbecis\": 1}", "monthly_breakdown": "{\"2025-02\": 1}"}}, {"type": "Feature", "geometry": {"type": "LineString", "coordinates": [[-8.5804089, 41.20005229999999], [-8.5802815, 41.2001061], [-8.5788551, 41.2007502], [-8.5786774, 41.20082659999999], [-8.5780666, 41.2010943], [-8.5780207, 41.201108399999995], [-8.5779606, 41.201106599999996]]}, "properties": {"street_name": "['Travessa Doutor António dos Santos', 'Rua João XXIII']", "municipio": "Maia", "count": 1, "top_infraction": "imbecis", "first_year": "2024", "last_year": "2024", "type_breakdown": "{\"imbecis\": 1}", "monthly_breakdown": "{\"2024-06\": 1}"}}, {"type": "Feature", "geometry": {"type": "LineString", "coordinates": [[-8.5867378, 41.20362020000001], [-8.5867272, 41.2037887], [-8.5868018, 41.2040053], [-8.5868871, 41.20422189999999], [-8.586972400000002, 41.204518699999994], [-8.587111, 41.20486369999999], [-8.5871963, 41.20508829999999], [-8.5872413, 41.2052421]]}, "properties": {"street_name": "Rua Guerra Junqueiro", "municipio": "Maia", "count": 2, "top_infraction": "imbecis", "first_year": "2025", "last_year": "2025", "type_breakdown": "{\"imbecis\": 2}", "monthly_breakdown": "{\"2025-06\": 2}"}}, {"type": "Feature", "geometry": {"type": "LineString", "coordinates": [[-8.5872413, 41.2052421], [-8.5869046, 41.205255199999996], [-8.5864019, 41.2052899], [-8.5857966, 41.2053749], [-8.5848049, 41.205498899999995]]}, "properties": {"street_name": "Rua do Mosteiro", "municipio": "Maia", "count": 5, "top_infraction": "imbecis", "first_year": "2025", "last_year": "2025", "type_breakdown": "{\"imbecis\": 5}", "monthly_breakdown": "{\"2025-08\": 2, \"2025-11\": 2, \"2025-09\": 1}"}}, {"type": "Feature", "geometry": {"type": "LineString", "coordinates": [[-8.5952188, 41.2006411], [-8.5950895, 41.20060839999999], [-8.5947575, 41.20053519999999], [-8.594673200000003, 41.20052650000001], [-8.594589, 41.2005276], [-8.5944375, 41.20055099999999], [-8.5940857, 41.2005983], [-8.5935941, 41.200659800000004], [-8.5932666, 41.20069840000001], [-8.5931589, 41.20070320000001], [-8.5930472, 41.2006982], [-8.5929687, 41.2006897]]}, "properties": {"street_name": "Rua do Paço", "municipio": "Maia", "count": 19, "top_infraction": "imbecis", "first_year": "2024", "last_year": "2025", "type_breakdown": "{\"imbecis\": 19}", "monthly_breakdown": "{\"2025-02\": 10, \"2024-11\": 7, \"2025-01\": 2}"}}, {"type": "Feature", "geometry": {"type": "LineString", "coordinates": [[-8.591467500000002, 41.201138199999995], [-8.5917404, 41.2012777], [-8.5913059, 41.2017379]]}, "properties": {"street_name": "Rua Arnaldo José de Sousa", "municipio": "Maia", "count": 2, "top_infraction": "imbecis", "first_year": "2024", "last_year": "2024", "type_breakdown": "{\"imbecis\": 2}", "monthly_breakdown": "{\"2024-10\": 2}"}}, {"type": "Feature", "geometry": {"type": "LineString", "coordinates": [[-8.5575004, 41.2157739], [-8.5575332, 41.215682999999984], [-8.55779, 41.21497070000001]]}, "properties": {"street_name": "Rua Índia Portuguesa", "municipio": "Valongo", "count": 1, "top_infraction": "imbecis", "first_year": "2024", "last_year": "2024", "type_breakdown": "{\"imbecis\": 1}", "monthly_breakdown": "{\"2024-04\": 1}"}}, {"type": "Feature", "geometry": {"type": "LineString", "coordinates": [[-8.5565081, 41.214568799999995], [-8.5564757, 41.21462330000001], [-8.5562224, 41.215050599999984], [-8.5561873, 41.21510979999999]]}, "properties": {"street_name": "Rua de Luanda", "municipio": "Valongo", "count": 1, "top_infraction": "imbecis", "first_year": "2025", "last_year": "2025", "type_breakdown": "{\"imbecis\": 1}", "monthly_breakdown": "{\"2025-03\": 1}"}}, {"type": "Feature", "geometry": {"type": "LineString", "coordinates": [[-8.5507646, 41.2072179], [-8.5505054, 41.2071693], [-8.5492816, 41.206724499999986]]}, "properties": {"street_name": "Rua Padre Américo", "municipio": "Valongo", "count": 1, "top_infraction": "imbecis", "first_year": "2025", "last_year": "2025", "type_breakdown": "{\"imbecis\": 1}", "monthly_breakdown": "{\"2025-05\": 1}"}}, {"type": "Feature", "geometry": {"type": "LineString", "coordinates": [[-8.5535646, 41.216409299999995], [-8.5536504, 41.216309700000004], [-8.5537014, 41.21624839999999], [-8.553732700000001, 41.216189199999995], [-8.5537467, 41.2161345], [-8.5538095, 41.21572780000001], [-8.5538274, 41.215591499999995]]}, "properties": {"street_name": "Rua Rodrigues de Freitas", "municipio": "Valongo", "count": 2, "top_infraction": "imbecis", "first_year": "2024", "last_year": "2024", "type_breakdown": "{\"imbecis\": 2}", "monthly_breakdown": "{\"2024-04\": 2}"}}, {"type": "Feature", "geometry": {"type": "LineString", "coordinates": [[-8.5499436, 41.2181821], [-8.5499355, 41.218259799999984], [-8.5499208, 41.2183405], [-8.5496231, 41.21882870000001], [-8.5496164, 41.2188993], [-8.5496117, 41.2190049]]}, "properties": {"street_name": "Rua Comandante Capas Peneda", "municipio": "Valongo", "count": 1, "top_infraction": "imbecis", "first_year": "2025", "last_year": "2025", "type_breakdown": "{\"imbecis\": 1}", "monthly_breakdown": "{\"2025-06\": 1}"}}, {"type": "Feature", "geometry": {"type": "LineString", "coordinates": [[-8.5499436, 41.2181821], [-8.5492663, 41.218179799999994], [-8.548501700000001, 41.218169399999994], [-8.5483959, 41.21816799999999]]}, "properties": {"street_name": "Travessa Comandante Capas Peneda", "municipio": "Valongo", "count": 4, "top_infraction": "imbecis", "first_year": "2025", "last_year": "2025", "type_breakdown": "{\"imbecis\": 4}", "monthly_breakdown": "{\"2025-06\": 3, \"2025-08\": 1}"}}, {"type": "Feature", "geometry": {"type": "LineString", "coordinates": [[-8.5556904, 41.2160007], [-8.5556075, 41.21615779999999], [-8.5555585, 41.2162505]]}, "properties": {"street_name": "Rua de Luanda", "municipio": "Valongo", "count": 1, "top_infraction": "imbecis", "first_year": "2025", "last_year": "2025", "type_breakdown": "{\"imbecis\": 1}", "monthly_breakdown": "{\"2025-03\": 1}"}}, {"type": "Feature", "geometry": {"type": "LineString", "coordinates": [[-8.5569307, 41.215065800000005], [-8.5574176, 41.21567099999999], [-8.5575004, 41.2157739]]}, "properties": {"street_name": "Rua da Gandra", "municipio": "Valongo", "count": 1, "top_infraction": "imbecis", "first_year": "2025", "last_year": "2025", "type_breakdown": "{\"imbecis\": 1}", "monthly_breakdown": "{\"2025-06\": 1}"}}, {"type": "Feature", "geometry": {"type": "LineString", "coordinates": [[-8.5569307, 41.215065800000005], [-8.55691, 41.21516539999999], [-8.5566334, 41.2164933], [-8.5566234, 41.2165415]]}, "properties": {"street_name": "Rua Bento de Jesus Caraça", "municipio": "Valongo", "count": 2, "top_infraction": "imbecis", "first_year": "2025", "last_year": "2025", "type_breakdown": "{\"imbecis\": 2}", "monthly_breakdown": "{\"2025-02\": 2}"}}, {"type": "Feature", "geometry": {"type": "LineString", "coordinates": [[-8.564194900000002, 41.20529250000001], [-8.5645102, 41.2044482], [-8.5645388, 41.204348599999996], [-8.5645418, 41.2042877], [-8.5644994, 41.2042409]]}, "properties": {"street_name": "Alameda da Granja", "municipio": "Maia", "count": 1, "top_infraction": "imbecis", "first_year": "2024", "last_year": "2024", "type_breakdown": "{\"imbecis\": 1}", "monthly_breakdown": "{\"2024-10\": 1}"}}, {"type": "Feature", "geometry": {"type": "LineString", "coordinates": [[-8.582077000000002, 41.2014187], [-8.5818463, 41.20138570000001], [-8.5815949, 41.201308100000006], [-8.5814359, 41.201212699999985], [-8.5812993, 41.2011333]]}, "properties": {"street_name": "Rua da Caverneira", "municipio": "Maia", "count": 1, "top_infraction": "imbecis", "first_year": "2025", "last_year": "2025", "type_breakdown": "{\"imbecis\": 1}", "monthly_breakdown": "{\"2025-02\": 1}"}}, {"type": "Feature", "geometry": {"type": "LineString", "coordinates": [[-8.5820784, 41.202019500000006], [-8.5823254, 41.20189499999999], [-8.5823813, 41.2018707], [-8.5824479, 41.20186259999999], [-8.5834621, 41.2018416]]}, "properties": {"street_name": "Rua do Mourelo", "municipio": "Maia", "count": 1, "top_infraction": "imbecis", "first_year": "2024", "last_year": "2024", "type_breakdown": "{\"imbecis\": 1}", "monthly_breakdown": "{\"2024-06\": 1}"}}, {"type": "Feature", "geometry": {"type": "LineString", "coordinates": [[-8.508717, 41.2002589], [-8.5087083, 41.200297500000005], [-8.5087172, 41.2003361], [-8.5087426, 41.200370199999995], [-8.5087816, 41.20039609999999], [-8.5088273, 41.200410299999994]]}, "properties": {"street_name": "Avenida Doutor Fernando Melo", "municipio": "Valongo", "count": 1, "top_infraction": "imbecis", "first_year": "2024", "last_year": "2024", "type_breakdown": "{\"imbecis\": 1}", "monthly_breakdown": "{\"2024-12\": 1}"}}, {"type": "Feature", "geometry": {"type": "LineString", "coordinates": [[-8.5091044, 41.2001927], [-8.5091526, 41.2001733], [-8.509391, 41.2000777]]}, "properties": {"street_name": "Rua Brigadeiro Aires Martins", "municipio": "Valongo", "count": 1, "top_infraction": "imbecis", "first_year": "2025", "last_year": "2025", "type_breakdown": "{\"imbecis\": 1}", "monthly_breakdown": "{\"2025-02\": 1}"}}, {"type": "Feature", "geometry": {"type": "LineString", "coordinates": [[-8.5105134, 41.2008673], [-8.5103677, 41.200929699999996], [-8.5101604, 41.2010185], [-8.5098524, 41.201150500000004], [-8.5097772, 41.2011827], [-8.5096865, 41.20122150000001], [-8.5096305, 41.2012455]]}, "properties": {"street_name": "Rua das Margaridas", "municipio": "Valongo", "count": 4, "top_infraction": "imbecis", "first_year": "2025", "last_year": "2025", "type_breakdown": "{\"imbecis\": 4}", "monthly_breakdown": "{\"2025-01\": 1, \"2025-02\": 3}"}}, {"type": "Feature", "geometry": {"type": "LineString", "coordinates": [[-8.509391, 41.2000777], [-8.509521600000001, 41.200254799999996]]}, "properties": {"street_name": null, "municipio": "Valongo", "count": 2, "top_infraction": "imbecis", "first_year": "2025", "last_year": "2025", "type_breakdown": "{\"imbecis\": 2}", "monthly_breakdown": "{\"2025-02\": 2}"}}, {"type": "Feature", "geometry": {"type": "LineString", "coordinates": [[-8.5093224, 41.2009859], [-8.5094528, 41.2011645], [-8.5095879, 41.201349699999994]]}, "properties": {"street_name": "Avenida Doutor Fernando Melo", "municipio": "Valongo", "count": 1, "top_infraction": "imbecis", "first_year": "2025", "last_year": "2025", "type_breakdown": "{\"imbecis\": 1}", "monthly_breakdown": "{\"2025-02\": 1}"}}, {"type": "Feature", "geometry": {"type": "LineString", "coordinates": [[-8.5090416, 41.20023719999998], [-8.50905, 41.200250499999996], [-8.5090604, 41.200285799999996], [-8.5090598, 41.20032020000001], [-8.5090454, 41.2003683], [-8.5090408, 41.2004026], [-8.5090513, 41.20043450000001], [-8.5090722, 41.2004738], [-8.50922, 41.2006786], [-8.50929, 41.2007755]]}, "properties": {"street_name": null, "municipio": "Valongo", "count": 1, "top_infraction": "imbecis", "first_year": "2025", "last_year": "2025", "type_breakdown": "{\"imbecis\": 1}", "monthly_breakdown": "{\"2025-01\": 1}"}}, {"type": "Feature", "geometry": {"type": "LineString", "coordinates": [[-8.5096305, 41.2012455], [-8.5097388, 41.2013949], [-8.5097728, 41.2014418], [-8.5097996, 41.201478599999994]]}, "properties": {"street_name": null, "municipio": "Valongo", "count": 3, "top_infraction": "imbecis", "first_year": "2024", "last_year": "2025", "type_breakdown": "{\"imbecis\": 3}", "monthly_breakdown": "{\"2025-01\": 2, \"2024-12\": 1}"}}, {"type": "Feature", "geometry": {"type": "LineString", "coordinates": [[-8.4136729, 41.237503600000004], [-8.4135245, 41.23744109999999], [-8.4134206, 41.237591800000004]]}, "properties": {"street_name": null, "municipio": "Paredes", "count": 1, "top_infraction": "imbecis", "first_year": "2024", "last_year": "2024", "type_breakdown": "{\"imbecis\": 1}", "monthly_breakdown": "{\"2024-10\": 1}"}}, {"type": "Feature", "geometry": {"type": "LineString", "coordinates": [[-8.4140388, 41.23833840000001], [-8.4131884, 41.238005], [-8.413036800000002, 41.237930900000016], [-8.4128659, 41.23779019999999]]}, "properties": {"street_name": "Avenida Adelino Amaro da Costa", "municipio": "Paredes", "count": 7, "top_infraction": "imbecis", "first_year": "2024", "last_year": "2025", "type_breakdown": "{\"imbecis\": 7}", "monthly_breakdown": "{\"2024-12\": 2, \"2025-01\": 1, \"2024-09\": 1, \"2024-08\": 2, \"2024-11\": 1}"}}, {"type": "Feature", "geometry": {"type": "LineString", "coordinates": [[-8.4132429, 41.238228299999996], [-8.4130652, 41.2381567]]}, "properties": {"street_name": null, "municipio": "Paredes", "count": 1, "top_infraction": "imbecis", "first_year": "2024", "last_year": "2024", "type_breakdown": "{\"imbecis\": 1}", "monthly_breakdown": "{\"2024-12\": 1}"}}, {"type": "Feature", "geometry": {"type": "LineString", "coordinates": [[-8.3224408, 41.20561640000001], [-8.3225387, 41.2057018], [-8.3225567, 41.2057609], [-8.3225512, 41.20616569999999], [-8.3226156, 41.20623440000001], [-8.322696, 41.206262599999995], [-8.322766, 41.2062645], [-8.3233632, 41.2062867], [-8.3235331, 41.206289899999994]]}, "properties": {"street_name": "Travessa Conde de Ferreira", "municipio": "Paredes", "count": 20, "top_infraction": "imbecis", "first_year": "2026", "last_year": "2026", "type_breakdown": "{\"imbecis\": 20}", "monthly_breakdown": "{\"2026-03\": 11, \"2026-02\": 6, \"2026-04\": 3}"}}, {"type": "Feature", "geometry": {"type": "LineString", "coordinates": [[-8.3233305, 41.20865419999999], [-8.3232652, 41.2086696], [-8.3231858, 41.208674299999984], [-8.3223694, 41.208621900000004]]}, "properties": {"street_name": "Avenida Francisco Ribeiro da Mota", "municipio": "Paredes", "count": 3, "top_infraction": "imbecis", "first_year": "2024", "last_year": "2025", "type_breakdown": "{\"imbecis\": 3}", "monthly_breakdown": "{\"2024-10\": 1, \"2025-08\": 2}"}}, {"type": "Feature", "geometry": {"type": "LineString", "coordinates": [[-8.3233305, 41.20865419999999], [-8.3233701, 41.20861670000001], [-8.3233902, 41.208565799999995], [-8.3234279, 41.2080748]]}, "properties": {"street_name": "Rua Conde de Ferreira", "municipio": "Paredes", "count": 12, "top_infraction": "imbecis", "first_year": "2024", "last_year": "2026", "type_breakdown": "{\"imbecis\": 12}", "monthly_breakdown": "{\"2026-02\": 3, \"2024-07\": 2, \"2026-03\": 5, \"2024-10\": 1, \"2026-01\": 1}"}}, {"type": "Feature", "geometry": {"type": "LineString", "coordinates": [[-8.3234308, 41.2080355], [-8.3234363, 41.2079105], [-8.3234568, 41.20754850000001], [-8.3234647, 41.2074454]]}, "properties": {"street_name": "Rua Conde de Ferreira", "municipio": "Paredes", "count": 8, "top_infraction": "imbecis", "first_year": "2024", "last_year": "2026", "type_breakdown": "{\"imbecis\": 8}", "monthly_breakdown": "{\"2026-03\": 3, \"2024-07\": 2, \"2025-01\": 2, \"2026-02\": 1}"}}, {"type": "Feature", "geometry": {"type": "LineString", "coordinates": [[-8.3234308, 41.2080355], [-8.3232237, 41.20803199999999], [-8.3229435, 41.20802909999998]]}, "properties": {"street_name": "Rua 1º de Maio", "municipio": "Paredes", "count": 4, "top_infraction": "imbecis", "first_year": "2026", "last_year": "2026", "type_breakdown": "{\"imbecis\": 4}", "monthly_breakdown": "{\"2026-02\": 1, \"2026-03\": 3}"}}, {"type": "Feature", "geometry": {"type": "LineString", "coordinates": [[-8.3223694, 41.208621900000004], [-8.3224101, 41.20811830000001]]}, "properties": {"street_name": "Rua Luís de Camões", "municipio": "Paredes", "count": 2, "top_infraction": "imbecis", "first_year": "2025", "last_year": "2025", "type_breakdown": "{\"imbecis\": 2}", "monthly_breakdown": "{\"2025-09\": 2}"}}, {"type": "Feature", "geometry": {"type": "LineString", "coordinates": [[-8.3234647, 41.2074454], [-8.322952100000002, 41.207432399999995]]}, "properties": {"street_name": "Rua António José de Souza Machado", "municipio": "Paredes", "count": 8, "top_infraction": "imbecis", "first_year": "2026", "last_year": "2026", "type_breakdown": "{\"imbecis\": 8}", "monthly_breakdown": "{\"2026-03\": 4, \"2026-04\": 2, \"2026-02\": 1, \"2026-01\": 1}"}}, {"type": "Feature", "geometry": {"type": "LineString", "coordinates": [[-8.3226602, 41.20469969999999], [-8.3226553, 41.2046652], [-8.3226432, 41.20458039999999], [-8.3226487, 41.204526699999995]]}, "properties": {"street_name": null, "municipio": "Paredes", "count": 2, "top_infraction": "imbecis", "first_year": "2026", "last_year": "2026", "type_breakdown": "{\"imbecis\": 2}", "monthly_breakdown": "{\"2026-03\": 2}"}}, {"type": "Feature", "geometry": {"type": "LineString", "coordinates": [[-8.285688500000001, 41.207662], [-8.284916000000003, 41.2084369]]}, "properties": {"street_name": null, "municipio": "Penafiel", "count": 1, "top_infraction": "imbecis", "first_year": "2024", "last_year": "2024", "type_breakdown": "{\"imbecis\": 1}", "monthly_breakdown": "{\"2024-08\": 1}"}}, {"type": "Feature", "geometry": {"type": "LineString", "coordinates": [[-8.1559568, 41.217309], [-8.1554287, 41.2168823], [-8.1553959, 41.21685840000001], [-8.1553567, 41.2168368], [-8.1553068, 41.216817500000005], [-8.1552478, 41.2168007], [-8.1551902, 41.21679], [-8.1551297, 41.2167853], [-8.1550676, 41.2167841], [-8.1549837, 41.2167818], [-8.154934, 41.216778999999995], [-8.1548877, 41.21676739999999], [-8.1548502, 41.21674709999999], [-8.1548149, 41.2167171], [-8.1547876, 41.21668849999998], [-8.1545141, 41.216337700000004], [-8.1544772, 41.216294], [-8.1544401, 41.2162552], [-8.1543986, 41.216219499999994], [-8.1543538, 41.216188999999986], [-8.1543017, 41.2161652], [-8.1542444, 41.2161569], [-8.1541812, 41.216159399999995], [-8.1541208, 41.21616829999999], [-8.1540521, 41.2161864], [-8.1537735, 41.2163082], [-8.1537191, 41.21633359999999], [-8.1536658, 41.21636179999999], [-8.1536206, 41.2163989], [-8.1535886, 41.216443399999996], [-8.153581000000003, 41.216465799999995]]}, "properties": {"street_name": "Rua da Estação", "municipio": "Marcode Canaveses", "count": 3, "top_infraction": "imbecis", "first_year": "2025", "last_year": "2025", "type_breakdown": "{\"imbecis\": 3}", "monthly_breakdown": "{\"2025-03\": 3}"}}, {"type": "Feature", "geometry": {"type": "LineString", "coordinates": [[-7.748206400000002, 41.298544400000004], [-7.748464599999999, 41.29864119999999], [-7.748627, 41.2986966], [-7.748675799999999, 41.298713299999996], [-7.748727400000001, 41.2987281], [-7.748770700000001, 41.29874019999999], [-7.7489162, 41.29877770000001], [-7.749099000000001, 41.2988318]]}, "properties": {"street_name": "Rua Dom António Valente da Fonseca", "municipio": "Vila Real", "count": 1, "top_infraction": "imbecis", "first_year": "2024", "last_year": "2024", "type_breakdown": "{\"imbecis\": 1}", "monthly_breakdown": "{\"2024-08\": 1}"}}, {"type": "Feature", "geometry": {"type": "LineString", "coordinates": [[-8.7719472, 41.392880799999986], [-8.7728496, 41.39280070000001], [-8.7729259, 41.392768200000006], [-8.7729527, 41.392704599999995], [-8.7729237, 41.392508599999985], [-8.7729293, 41.39245849999999], [-8.7729817, 41.3924237], [-8.7733796, 41.392391399999994]]}, "properties": {"street_name": "Rua do Doutor Lacerda Lobo", "municipio": "Póvoade Varzim", "count": 1, "top_infraction": "imbecis", "first_year": "2024", "last_year": "2024", "type_breakdown": "{\"imbecis\": 1}", "monthly_breakdown": "{\"2024-08\": 1}"}}, {"type": "Feature", "geometry": {"type": "LineString", "coordinates": [[-8.757718, 41.382628699999984], [-8.7583342, 41.382655699999994]]}, "properties": {"street_name": "Largo Senhora das Dores", "municipio": "Póvoade Varzim", "count": 1, "top_infraction": "imbecis", "first_year": "2024", "last_year": "2024", "type_breakdown": "{\"imbecis\": 1}", "monthly_breakdown": "{\"2024-04\": 1}"}}, {"type": "Feature", "geometry": {"type": "LineString", "coordinates": [[-8.7703292, 41.386641600000004], [-8.7697919, 41.3868155]]}, "properties": {"street_name": "Avenida Vasco da Gama", "municipio": "Póvoade Varzim", "count": 2, "top_infraction": "imbecis", "first_year": "2024", "last_year": "2024", "type_breakdown": "{\"imbecis\": 2}", "monthly_breakdown": "{\"2024-06\": 2}"}}, {"type": "Feature", "geometry": {"type": "LineString", "coordinates": [[-8.7685768, 41.3876183], [-8.7685683, 41.38755940000001], [-8.7685951, 41.387518799999995], [-8.7688308, 41.387371999999985], [-8.769163, 41.3871745], [-8.7693292, 41.387077100000006], [-8.7694776, 41.38700089999999], [-8.7698284, 41.3868754]]}, "properties": {"street_name": "Avenida Vasco da Gama", "municipio": "Póvoade Varzim", "count": 1, "top_infraction": "imbecis", "first_year": "2024", "last_year": "2024", "type_breakdown": "{\"imbecis\": 1}", "monthly_breakdown": "{\"2024-06\": 1}"}}, {"type": "Feature", "geometry": {"type": "LineString", "coordinates": [[-8.7715298, 41.3862414], [-8.7714065, 41.3862828], [-8.7709158, 41.3864483], [-8.770771, 41.3864995], [-8.770472600000002, 41.38659549999999], [-8.7704326, 41.38660829999999], [-8.7703292, 41.386641600000004]]}, "properties": {"street_name": "Avenida Vasco da Gama", "municipio": "Póvoade Varzim", "count": 1, "top_infraction": "imbecis", "first_year": "2024", "last_year": "2024", "type_breakdown": "{\"imbecis\": 1}", "monthly_breakdown": "{\"2024-06\": 1}"}}, {"type": "Feature", "geometry": {"type": "LineString", "coordinates": [[-8.7583688, 41.374344400000005], [-8.7577434, 41.3746229], [-8.7567196, 41.375074999999995], [-8.7566541, 41.3751026]]}, "properties": {"street_name": "Rua Pereira Azurar", "municipio": "Póvoade Varzim", "count": 1, "top_infraction": "imbecis", "first_year": "2024", "last_year": "2024", "type_breakdown": "{\"imbecis\": 1}", "monthly_breakdown": "{\"2024-06\": 1}"}}, {"type": "Feature", "geometry": {"type": "LineString", "coordinates": [[-8.7462252, 41.35894139999999], [-8.7461474, 41.3588871], [-8.7460617, 41.35883079999999], [-8.7459596, 41.3587481], [-8.7458751, 41.35866459999999], [-8.7458081, 41.358578], [-8.7455749, 41.358314400000005], [-8.7453787, 41.358091], [-8.7453291, 41.35802970000001]]}, "properties": {"street_name": "Rua dos Benguiados", "municipio": "Vilado Conde", "count": 1, "top_infraction": "imbecis", "first_year": "2024", "last_year": "2024", "type_breakdown": "{\"imbecis\": 1}", "monthly_breakdown": "{\"2024-04\": 1}"}}, {"type": "Feature", "geometry": {"type": "LineString", "coordinates": [[-8.7456654, 41.3570019], [-8.7452544, 41.357036400000005], [-8.7446447, 41.3573213]]}, "properties": {"street_name": "Rua Eça de Queiros", "municipio": "Vilado Conde", "count": 2, "top_infraction": "imbecis", "first_year": "2024", "last_year": "2024", "type_breakdown": "{\"imbecis\": 2}", "monthly_breakdown": "{\"2024-04\": 2}"}}, {"type": "Feature", "geometry": {"type": "LineString", "coordinates": [[-8.7710725, 41.38647749999999], [-8.7714458, 41.3863539]]}, "properties": {"street_name": "Avenida Vasco da Gama", "municipio": "Póvoade Varzim", "count": 1, "top_infraction": "imbecis", "first_year": "2024", "last_year": "2024", "type_breakdown": "{\"imbecis\": 1}", "monthly_breakdown": "{\"2024-06\": 1}"}}, {"type": "Feature", "geometry": {"type": "LineString", "coordinates": [[-8.7701108, 41.38678689999999], [-8.7701631, 41.38674219999999], [-8.770265, 41.38670799999999], [-8.7703213, 41.386689899999986], [-8.7703361, 41.386679799999996], [-8.7703389, 41.386664], [-8.7703292, 41.386641600000004]]}, "properties": {"street_name": "Avenida Vasco da Gama", "municipio": "Póvoade Varzim", "count": 1, "top_infraction": "imbecis", "first_year": "2024", "last_year": "2024", "type_breakdown": "{\"imbecis\": 1}", "monthly_breakdown": "{\"2024-06\": 1}"}}, {"type": "Feature", "geometry": {"type": "LineString", "coordinates": [[-8.523235, 41.3928592], [-8.5230707, 41.3929575], [-8.5229433, 41.3930657], [-8.5228655, 41.393150699999985], [-8.5227816, 41.3932561], [-8.5227353, 41.3933612], [-8.5223962, 41.39422609999999], [-8.5223576, 41.394323299999996], [-8.5220753, 41.3949154], [-8.5219935, 41.39507939999999], [-8.5219573, 41.3951359], [-8.5218604, 41.395279], [-8.5217721, 41.3953776]]}, "properties": {"street_name": "Avenida Dom Afonso Henriques", "municipio": "Vila Novade Famalicão", "count": 2, "top_infraction": "imbecis", "first_year": "2025", "last_year": "2025", "type_breakdown": "{\"imbecis\": 2}", "monthly_breakdown": "{\"2025-12\": 2}"}}, {"type": "Feature", "geometry": {"type": "LineString", "coordinates": [[-8.544711, 41.378146199999996], [-8.543949, 41.3780674], [-8.5437487, 41.37804520000001]]}, "properties": {"street_name": "Rua de Meães", "municipio": "Vila Novade Famalicão", "count": 1, "top_infraction": "imbecis", "first_year": "2026", "last_year": "2026", "type_breakdown": "{\"imbecis\": 1}", "monthly_breakdown": "{\"2026-02\": 1}"}}, {"type": "Feature", "geometry": {"type": "LineString", "coordinates": [[-8.5297196, 41.3510484], [-8.5297028, 41.35111009999999], [-8.5295845, 41.35151840000001], [-8.5295676, 41.3515768], [-8.5294996, 41.3518495]]}, "properties": {"street_name": "Rua Carlos Moreira", "municipio": "Vila Novade Famalicão", "count": 1, "top_infraction": "imbecis", "first_year": "2024", "last_year": "2024", "type_breakdown": "{\"imbecis\": 1}", "monthly_breakdown": "{\"2024-04\": 1}"}}, {"type": "Feature", "geometry": {"type": "LineString", "coordinates": [[-8.5542213, 41.3580867], [-8.5541707, 41.358074900000005], [-8.5541211, 41.3580548], [-8.5540836, 41.358024099999994], [-8.553938800000001, 41.35782729999999], [-8.553869, 41.35774069999999], [-8.5538066, 41.35765260000001], [-8.5537248, 41.357534900000005], [-8.553692, 41.35750149999999]]}, "properties": {"street_name": "Rua Nossa Senhora de Fátima", "municipio": "Vila Novade Famalicão", "count": 1, "top_infraction": "imbecis", "first_year": "2026", "last_year": "2026", "type_breakdown": "{\"imbecis\": 1}", "monthly_breakdown": "{\"2026-03\": 1}"}}, {"type": "Feature", "geometry": {"type": "LineString", "coordinates": [[-8.5666547, 41.364803499999994], [-8.5666343, 41.36467309999998], [-8.56659, 41.36453219999999], [-8.5665643, 41.36445789999999], [-8.566544, 41.364411399999995], [-8.5664736, 41.3643325], [-8.566144, 41.3639554], [-8.5660822, 41.36388680000001], [-8.5660401, 41.3638201], [-8.5659324, 41.363652099999996], [-8.5658293, 41.363513499999996], [-8.5657566, 41.363437399999995], [-8.5657162, 41.36340560000001], [-8.5656637, 41.36337960000001], [-8.5655623, 41.3633336], [-8.5654868, 41.363308700000005], [-8.5654125, 41.3632898], [-8.5652999, 41.3632634], [-8.5651163, 41.36323079999999], [-8.5650547, 41.363219799999996], [-8.5649506, 41.3631887], [-8.5649005, 41.363162499999994], [-8.5648732, 41.36314049999999]]}, "properties": {"street_name": "Rua das Boucinhas", "municipio": "Vila Novade Famalicão", "count": 1, "top_infraction": "imbecis", "first_year": "2025", "last_year": "2025", "type_breakdown": "{\"imbecis\": 1}", "monthly_breakdown": "{\"2025-12\": 1}"}}, {"type": "Feature", "geometry": {"type": "LineString", "coordinates": [[-8.5532776, 41.3589917], [-8.5532279, 41.3590785], [-8.5531383, 41.3592484], [-8.5530791, 41.35934969999999], [-8.5530431, 41.35939040000001]]}, "properties": {"street_name": "Rua Central da Candeeira", "municipio": "Vila Novade Famalicão", "count": 1, "top_infraction": "imbecis", "first_year": "2025", "last_year": "2025", "type_breakdown": "{\"imbecis\": 1}", "monthly_breakdown": "{\"2025-12\": 1}"}}, {"type": "Feature", "geometry": {"type": "LineString", "coordinates": [[-8.5547364, 41.3874578], [-8.5547461, 41.38734429999999], [-8.5544687, 41.386313]]}, "properties": {"street_name": "Rua António José Barros Faria", "municipio": "Vila Novade Famalicão", "count": 5, "top_infraction": "imbecis", "first_year": "2025", "last_year": "2025", "type_breakdown": "{\"imbecis\": 5}", "monthly_breakdown": "{\"2025-09\": 3, \"2025-11\": 2}"}}, {"type": "Feature", "geometry": {"type": "LineString", "coordinates": [[-8.5595542, 41.3377377], [-8.5594584, 41.3379099], [-8.5593767, 41.3380708], [-8.5591789, 41.3384552], [-8.5591483, 41.338515099999995]]}, "properties": {"street_name": "Rua Dom Pedro V", "municipio": "Trofa", "count": 1, "top_infraction": "imbecis", "first_year": "2024", "last_year": "2024", "type_breakdown": "{\"imbecis\": 1}", "monthly_breakdown": "{\"2024-06\": 1}"}}, {"type": "Feature", "geometry": {"type": "LineString", "coordinates": [[-8.5629473, 41.336952299999986], [-8.562906, 41.336901999999995], [-8.5629001, 41.336894799999996], [-8.5628063, 41.336689199999995], [-8.5628066, 41.3364834], [-8.5630442, 41.3361116]]}, "properties": {"street_name": "Rua de Pedro Álvares Pereira", "municipio": "Trofa", "count": 1, "top_infraction": "imbecis", "first_year": "2024", "last_year": "2024", "type_breakdown": "{\"imbecis\": 1}", "monthly_breakdown": "{\"2024-04\": 1}"}}, {"type": "Feature", "geometry": {"type": "LineString", "coordinates": [[-8.538070800000002, 41.381826200000006], [-8.5380573, 41.381590200000005]]}, "properties": {"street_name": "Rua Rodrigues Sampaio", "municipio": "Vila Novade Famalicão", "count": 1, "top_infraction": "imbecis", "first_year": "2026", "last_year": "2026", "type_breakdown": "{\"imbecis\": 1}", "monthly_breakdown": "{\"2026-04\": 1}"}}, {"type": "Feature", "geometry": {"type": "LineString", "coordinates": [[-8.5599098, 41.3369393], [-8.5601284, 41.3365073], [-8.5604571, 41.3358153], [-8.560486, 41.33577489999999], [-8.5605984, 41.335618], [-8.5606604, 41.3355298]]}, "properties": {"street_name": "Rua Dom Pedro V", "municipio": "Trofa", "count": 3, "top_infraction": "imbecis", "first_year": "2024", "last_year": "2024", "type_breakdown": "{\"imbecis\": 3}", "monthly_breakdown": "{\"2024-06\": 3}"}}, {"type": "Feature", "geometry": {"type": "LineString", "coordinates": [[-8.5603191, 41.337874499999984], [-8.5603587, 41.3377855], [-8.5603832, 41.33773029999999], [-8.5604399, 41.3376832], [-8.5615338, 41.337602], [-8.5615974, 41.337572900000005]]}, "properties": {"street_name": "Rua de Júlio Dinis", "municipio": "Trofa", "count": 1, "top_infraction": "imbecis", "first_year": "2024", "last_year": "2024", "type_breakdown": "{\"imbecis\": 1}", "monthly_breakdown": "{\"2024-04\": 1}"}}, {"type": "Feature", "geometry": {"type": "LineString", "coordinates": [[-8.5626257, 41.357478799999996], [-8.562386300000002, 41.3572623], [-8.56228, 41.35716719999999]]}, "properties": {"street_name": "Rua Adelino Costa Campos", "municipio": "Vila Novade Famalicão", "count": 1, "top_infraction": "imbecis", "first_year": "2026", "last_year": "2026", "type_breakdown": "{\"imbecis\": 1}", "monthly_breakdown": "{\"2026-02\": 1}"}}, {"type": "Feature", "geometry": {"type": "LineString", "coordinates": [[-8.56228, 41.35716719999999], [-8.5622151, 41.357116500000004]]}, "properties": {"street_name": "Rua Adelino Costa Campos", "municipio": "Vila Novade Famalicão", "count": 1, "top_infraction": "imbecis", "first_year": "2026", "last_year": "2026", "type_breakdown": "{\"imbecis\": 1}", "monthly_breakdown": "{\"2026-03\": 1}"}}, {"type": "Feature", "geometry": {"type": "LineString", "coordinates": [[-8.56228, 41.35716719999999], [-8.5623387, 41.3571483], [-8.5624262, 41.357126300000004], [-8.562516400000002, 41.357105000000004], [-8.5625672, 41.35709039999999]]}, "properties": {"street_name": "Rua de São Mamede", "municipio": "Vila Novade Famalicão", "count": 1, "top_infraction": "imbecis", "first_year": "2026", "last_year": "2026", "type_breakdown": "{\"imbecis\": 1}", "monthly_breakdown": "{\"2026-04\": 1}"}}, {"type": "Feature", "geometry": {"type": "LineString", "coordinates": [[-8.5465568, 41.3781987], [-8.5482955, 41.378119], [-8.5484495, 41.3781316], [-8.5485895, 41.378165200000005], [-8.5499755, 41.3786965]]}, "properties": {"street_name": "Rua das Paradas", "municipio": "Vila Novade Famalicão", "count": 1, "top_infraction": "imbecis", "first_year": "2026", "last_year": "2026", "type_breakdown": "{\"imbecis\": 1}", "monthly_breakdown": "{\"2026-02\": 1}"}}, {"type": "Feature", "geometry": {"type": "LineString", "coordinates": [[-8.5427822, 41.3798392], [-8.5430478, 41.3795993]]}, "properties": {"street_name": "Rua Roederstein", "municipio": "Vila Novade Famalicão", "count": 1, "top_infraction": "imbecis", "first_year": "2026", "last_year": "2026", "type_breakdown": "{\"imbecis\": 1}", "monthly_breakdown": "{\"2026-03\": 1}"}}, {"type": "Feature", "geometry": {"type": "LineString", "coordinates": [[-8.5342369, 41.398775], [-8.5342527, 41.398688899999996], [-8.534799, 41.395892499999995]]}, "properties": {"street_name": "Avenida Centenário da República", "municipio": "Vila Novade Famalicão", "count": 1, "top_infraction": "imbecis", "first_year": "2024", "last_year": "2024", "type_breakdown": "{\"imbecis\": 1}", "monthly_breakdown": "{\"2024-09\": 1}"}}, {"type": "Feature", "geometry": {"type": "LineString", "coordinates": [[-8.5228806, 41.3877396], [-8.5229987, 41.38772540000001], [-8.52318, 41.3877], [-8.5244307, 41.38752350000001], [-8.5244925, 41.3875141], [-8.5247571, 41.38749219999999], [-8.5259702, 41.387482], [-8.5265222, 41.387470900000004], [-8.526974, 41.3874549], [-8.5270651, 41.387417799999994], [-8.5271149, 41.38738210000001], [-8.5271394, 41.387351800000005]]}, "properties": {"street_name": "Rua Alfredo Correia", "municipio": "Vila Novade Famalicão", "count": 1, "top_infraction": "imbecis", "first_year": "2024", "last_year": "2024", "type_breakdown": "{\"imbecis\": 1}", "monthly_breakdown": "{\"2024-07\": 1}"}}, {"type": "Feature", "geometry": {"type": "LineString", "coordinates": [[-8.5318245, 41.3889166], [-8.5316227, 41.3890853]]}, "properties": {"street_name": "Largo de São Miguel-o-Anjo", "municipio": "Vila Novade Famalicão", "count": 1, "top_infraction": "imbecis", "first_year": "2025", "last_year": "2025", "type_breakdown": "{\"imbecis\": 1}", "monthly_breakdown": "{\"2025-12\": 1}"}}, {"type": "Feature", "geometry": {"type": "LineString", "coordinates": [[-8.530631, 41.389228700000004], [-8.5301675, 41.38942949999999], [-8.5300479, 41.389468099999995], [-8.5297462, 41.389571800000006]]}, "properties": {"street_name": "Rua de São Miguel-o-Anjo", "municipio": "Vila Novade Famalicão", "count": 6, "top_infraction": "imbecis", "first_year": "2025", "last_year": "2026", "type_breakdown": "{\"imbecis\": 6}", "monthly_breakdown": "{\"2026-01\": 5, \"2025-12\": 1}"}}, {"type": "Feature", "geometry": {"type": "LineString", "coordinates": [[-8.5279582, 41.39013229999999], [-8.5277695, 41.390198500000004], [-8.5277161, 41.39021499999999], [-8.5276668, 41.390229999999995], [-8.5275133, 41.3902658], [-8.527417, 41.3902727]]}, "properties": {"street_name": "Rua de São Miguel-o-Anjo", "municipio": "Vila Novade Famalicão", "count": 1, "top_infraction": "imbecis", "first_year": "2026", "last_year": "2026", "type_breakdown": "{\"imbecis\": 1}", "monthly_breakdown": "{\"2026-01\": 1}"}}, {"type": "Feature", "geometry": {"type": "LineString", "coordinates": [[-8.5407964, 41.3913196], [-8.5403753, 41.390765200000004]]}, "properties": {"street_name": "Rua da Seara", "municipio": "Vila Novade Famalicão", "count": 1, "top_infraction": "imbecis", "first_year": "2025", "last_year": "2025", "type_breakdown": "{\"imbecis\": 1}", "monthly_breakdown": "{\"2025-12\": 1}"}}, {"type": "Feature", "geometry": {"type": "LineString", "coordinates": [[-8.5407964, 41.3913196], [-8.5412068, 41.39187199999999]]}, "properties": {"street_name": "Rua da Seara", "municipio": "Vila Novade Famalicão", "count": 2, "top_infraction": "imbecis", "first_year": "2026", "last_year": "2026", "type_breakdown": "{\"imbecis\": 2}", "monthly_breakdown": "{\"2026-01\": 2}"}}, {"type": "Feature", "geometry": {"type": "LineString", "coordinates": [[-8.554367, 41.3857009], [-8.554384, 41.3856084], [-8.5544232, 41.3855043], [-8.5544825, 41.3853478], [-8.5545392, 41.385166399999996], [-8.5545917, 41.3849494], [-8.5546357, 41.3848443]]}, "properties": {"street_name": "Rua António José Barros Faria", "municipio": "Vila Novade Famalicão", "count": 1, "top_infraction": "imbecis", "first_year": "2025", "last_year": "2025", "type_breakdown": "{\"imbecis\": 1}", "monthly_breakdown": "{\"2025-10\": 1}"}}, {"type": "Feature", "geometry": {"type": "LineString", "coordinates": [[-8.5272276, 41.390942100000004], [-8.5272775, 41.390841699999996], [-8.5273223, 41.39071189999999]]}, "properties": {"street_name": "Avenida Dom Afonso Henriques", "municipio": "Vila Novade Famalicão", "count": 1, "top_infraction": "imbecis", "first_year": "2025", "last_year": "2025", "type_breakdown": "{\"imbecis\": 1}", "monthly_breakdown": "{\"2025-01\": 1}"}}, {"type": "Feature", "geometry": {"type": "LineString", "coordinates": [[-8.527429, 41.39126989999999], [-8.5274079, 41.3910548]]}, "properties": {"street_name": "Rua Marquês Sá da Bandeira", "municipio": "Vila Novade Famalicão", "count": 1, "top_infraction": "imbecis", "first_year": "2024", "last_year": "2024", "type_breakdown": "{\"imbecis\": 1}", "monthly_breakdown": "{\"2024-12\": 1}"}}, {"type": "Feature", "geometry": {"type": "LineString", "coordinates": [[-8.5273223, 41.39071189999999], [-8.5273315, 41.39066840000001], [-8.5273672, 41.3905007], [-8.527417, 41.3902727]]}, "properties": {"street_name": "Avenida Dom Afonso Henriques", "municipio": "Vila Novade Famalicão", "count": 3, "top_infraction": "imbecis", "first_year": "2025", "last_year": "2026", "type_breakdown": "{\"imbecis\": 3}", "monthly_breakdown": "{\"2026-01\": 1, \"2025-01\": 2}"}}, {"type": "Feature", "geometry": {"type": "LineString", "coordinates": [[-8.523182700000001, 41.399759799999984], [-8.5226469, 41.3997252]]}, "properties": {"street_name": "Rua Amélia Rei Colaço", "municipio": "Vila Novade Famalicão", "count": 1, "top_infraction": "imbecis", "first_year": "2024", "last_year": "2024", "type_breakdown": "{\"imbecis\": 1}", "monthly_breakdown": "{\"2024-04\": 1}"}}, {"type": "Feature", "geometry": {"type": "LineString", "coordinates": [[-8.5403753, 41.390765200000004], [-8.5400025, 41.3902753], [-8.539977, 41.390255], [-8.5399454, 41.3902399], [-8.5399116, 41.39023710000001], [-8.5398751, 41.3902431], [-8.5396082, 41.39035749999999]]}, "properties": {"street_name": "Rua da Seara", "municipio": "Vila Novade Famalicão", "count": 1, "top_infraction": "imbecis", "first_year": "2024", "last_year": "2024", "type_breakdown": "{\"imbecis\": 1}", "monthly_breakdown": "{\"2024-09\": 1}"}}, {"type": "Feature", "geometry": {"type": "LineString", "coordinates": [[-8.5396941, 41.39105700000001], [-8.5392958, 41.39054790000001], [-8.5392853, 41.39053179999999], [-8.5392823, 41.3905137], [-8.5392923, 41.3904988], [-8.5393161, 41.39048259999999], [-8.5396082, 41.39035749999999]]}, "properties": {"street_name": "Rua da Seara", "municipio": "Vila Novade Famalicão", "count": 1, "top_infraction": "imbecis", "first_year": "2025", "last_year": "2025", "type_breakdown": "{\"imbecis\": 1}", "monthly_breakdown": "{\"2025-04\": 1}"}}, {"type": "Feature", "geometry": {"type": "LineString", "coordinates": [[-8.5336544, 41.3998463], [-8.533446300000001, 41.3995894]]}, "properties": {"street_name": "Rua do Outeiro", "municipio": "Vila Novade Famalicão", "count": 1, "top_infraction": "imbecis", "first_year": "2025", "last_year": "2025", "type_breakdown": "{\"imbecis\": 1}", "monthly_breakdown": "{\"2025-12\": 1}"}}, {"type": "Feature", "geometry": {"type": "LineString", "coordinates": [[-8.5311132, 41.3882474], [-8.5307962, 41.38824889999999], [-8.5302673, 41.388251600000004]]}, "properties": {"street_name": "Rua Padre Avis de Brito", "municipio": "Vila Novade Famalicão", "count": 3, "top_infraction": "imbecis", "first_year": "2026", "last_year": "2026", "type_breakdown": "{\"imbecis\": 3}", "monthly_breakdown": "{\"2026-04\": 3}"}}, {"type": "Feature", "geometry": {"type": "LineString", "coordinates": [[-8.530818, 41.389173099999994], [-8.5311198, 41.389093], [-8.5315016, 41.388996399999996]]}, "properties": {"street_name": "Rua de São Miguel-o-Anjo", "municipio": "Vila Novade Famalicão", "count": 1, "top_infraction": "imbecis", "first_year": "2025", "last_year": "2025", "type_breakdown": "{\"imbecis\": 1}", "monthly_breakdown": "{\"2025-12\": 1}"}}, {"type": "Feature", "geometry": {"type": "LineString", "coordinates": [[-8.5173342, 41.399558099999986], [-8.5173936, 41.399519399999996], [-8.5174354, 41.399398599999984], [-8.5174211, 41.399379100000004], [-8.517202, 41.3993372]]}, "properties": {"street_name": null, "municipio": "Vila Novade Famalicão", "count": 1, "top_infraction": "imbecis", "first_year": "2025", "last_year": "2025", "type_breakdown": "{\"imbecis\": 1}", "monthly_breakdown": "{\"2025-01\": 1}"}}, {"type": "Feature", "geometry": {"type": "LineString", "coordinates": [[-8.5168584, 41.39972889999999], [-8.5173214, 41.399821], [-8.5173872, 41.3998386], [-8.5174201, 41.39987209999999], [-8.5174272, 41.399918], [-8.5174209, 41.39995819999999]]}, "properties": {"street_name": null, "municipio": "Vila Novade Famalicão", "count": 1, "top_infraction": "imbecis", "first_year": "2026", "last_year": "2026", "type_breakdown": "{\"imbecis\": 1}", "monthly_breakdown": "{\"2026-03\": 1}"}}, {"type": "Feature", "geometry": {"type": "LineString", "coordinates": [[-8.4727172, 41.3413257], [-8.472839300000002, 41.341167299999995], [-8.4730465, 41.3408974], [-8.473155, 41.34075539999999], [-8.4731683, 41.340737], [-8.47328, 41.34059200000001], [-8.473539800000001, 41.34025609999999]]}, "properties": {"street_name": "Rua de Ângelo de Andrade ", "municipio": "Santo Tirso", "count": 1, "top_infraction": "imbecis", "first_year": "2024", "last_year": "2024", "type_breakdown": "{\"imbecis\": 1}", "monthly_breakdown": "{\"2024-06\": 1}"}}, {"type": "Feature", "geometry": {"type": "LineString", "coordinates": [[-8.4794327, 41.3418964], [-8.4793052, 41.34184119999998], [-8.4780152, 41.3412944], [-8.4779111, 41.3412478], [-8.4779016, 41.34120799999999], [-8.4779392, 41.3411567], [-8.4780438, 41.34101569999999]]}, "properties": {"street_name": "['Avenida de São Rosendo', 'Praceta Palácio da Justiça']", "municipio": "Santo Tirso", "count": 2, "top_infraction": "imbecis", "first_year": "2024", "last_year": "2024", "type_breakdown": "{\"imbecis\": 2}", "monthly_breakdown": "{\"2024-04\": 2}"}}, {"type": "Feature", "geometry": {"type": "LineString", "coordinates": [[-8.2219009, 41.367930900000005], [-8.2213484, 41.368122499999984], [-8.2212531, 41.36816489999999]]}, "properties": {"street_name": null, "municipio": "Felgueiras", "count": 1, "top_infraction": "imbecis", "first_year": "2024", "last_year": "2024", "type_breakdown": "{\"imbecis\": 1}", "monthly_breakdown": "{\"2024-12\": 1}"}}, {"type": "Feature", "geometry": {"type": "LineString", "coordinates": [[-8.519604, 41.40320379999999], [-8.5200679, 41.4031994]]}, "properties": {"street_name": "Avenida de França", "municipio": "Vila Novade Famalicão", "count": 2, "top_infraction": "imbecis", "first_year": "2024", "last_year": "2024", "type_breakdown": "{\"imbecis\": 2}", "monthly_breakdown": "{\"2024-06\": 2}"}}, {"type": "Feature", "geometry": {"type": "LineString", "coordinates": [[-8.533120900000002, 41.400425600000005], [-8.5335066, 41.400353599999995]]}, "properties": {"street_name": "Rua Alberto Sampaio", "municipio": "Vila Novade Famalicão", "count": 3, "top_infraction": "imbecis", "first_year": "2025", "last_year": "2025", "type_breakdown": "{\"imbecis\": 3}", "monthly_breakdown": "{\"2025-12\": 3}"}}, {"type": "Feature", "geometry": {"type": "LineString", "coordinates": [[-8.533120900000002, 41.400425600000005], [-8.5327738, 41.4004895], [-8.5323252, 41.400570099999996], [-8.5322036, 41.4005917]]}, "properties": {"street_name": "Rua Alberto Sampaio", "municipio": "Vila Novade Famalicão", "count": 6, "top_infraction": "imbecis", "first_year": "2025", "last_year": "2025", "type_breakdown": "{\"imbecis\": 6}", "monthly_breakdown": "{\"2025-12\": 6}"}}, {"type": "Feature", "geometry": {"type": "LineString", "coordinates": [[-8.519213300000002, 41.4032932], [-8.5192531, 41.4033049], [-8.5192956, 41.4033078], [-8.5193376, 41.4033017], [-8.5193756, 41.403287]]}, "properties": {"street_name": "Rotunda Dom Sancho I", "municipio": "Vila Novade Famalicão", "count": 1, "top_infraction": "imbecis", "first_year": "2026", "last_year": "2026", "type_breakdown": "{\"imbecis\": 1}", "monthly_breakdown": "{\"2026-02\": 1}"}}, {"type": "Feature", "geometry": {"type": "LineString", "coordinates": [[-8.5193073, 41.403461899999996], [-8.5192475, 41.4036993], [-8.519225200000001, 41.40378780000001]]}, "properties": {"street_name": "Rua José Gomes de Matos", "municipio": "Vila Novade Famalicão", "count": 2, "top_infraction": "imbecis", "first_year": "2025", "last_year": "2026", "type_breakdown": "{\"imbecis\": 2}", "monthly_breakdown": "{\"2025-02\": 1, \"2026-03\": 1}"}}, {"type": "Feature", "geometry": {"type": "LineString", "coordinates": [[-8.5180103, 41.4092472], [-8.5180575, 41.4092151], [-8.5181074, 41.409191], [-8.5182191, 41.40914599999999], [-8.5186548, 41.408969899999995]]}, "properties": {"street_name": "Avenida Narciso Ferreira", "municipio": "Vila Novade Famalicão", "count": 1, "top_infraction": "imbecis", "first_year": "2024", "last_year": "2024", "type_breakdown": "{\"imbecis\": 1}", "monthly_breakdown": "{\"2024-06\": 1}"}}, {"type": "Feature", "geometry": {"type": "LineString", "coordinates": [[-8.5205922, 41.4041777], [-8.5208067, 41.404072500000005]]}, "properties": {"street_name": "Rua Luís Barroso", "municipio": "Vila Novade Famalicão", "count": 1, "top_infraction": "imbecis", "first_year": "2025", "last_year": "2025", "type_breakdown": "{\"imbecis\": 1}", "monthly_breakdown": "{\"2025-12\": 1}"}}, {"type": "Feature", "geometry": {"type": "LineString", "coordinates": [[-8.5205837, 41.4059076], [-8.5204998, 41.4058918], [-8.520168100000001, 41.4058243], [-8.5201051, 41.4058075], [-8.5200777, 41.405788399999985], [-8.5200604, 41.40576250000001], [-8.5200502, 41.405716], [-8.5200271, 41.40533859999999], [-8.5200077, 41.40507290000001], [-8.5199957, 41.4049037]]}, "properties": {"street_name": "Rua Dom Fernando II", "municipio": "Vila Novade Famalicão", "count": 4, "top_infraction": "imbecis", "first_year": "2025", "last_year": "2026", "type_breakdown": "{\"imbecis\": 4}", "monthly_breakdown": "{\"2026-01\": 3, \"2025-12\": 1}"}}, {"type": "Feature", "geometry": {"type": "LineString", "coordinates": [[-8.5227392, 41.4051802], [-8.5227205, 41.4051557], [-8.5226947, 41.4051277], [-8.5226564, 41.405093599999994], [-8.5226004, 41.4050434], [-8.5225625, 41.4050122], [-8.5223525, 41.4048384], [-8.5222753, 41.4047751], [-8.5215703, 41.404222499999996], [-8.5215167, 41.4041787]]}, "properties": {"street_name": "Rua Padre Benjamim Salgado", "municipio": "Vila Novade Famalicão", "count": 6, "top_infraction": "imbecis", "first_year": "2024", "last_year": "2024", "type_breakdown": "{\"imbecis\": 6}", "monthly_breakdown": "{\"2024-06\": 6}"}}, {"type": "Feature", "geometry": {"type": "LineString", "coordinates": [[-8.5208163, 41.40328410000001], [-8.5208437, 41.403342300000006], [-8.5208695, 41.403396699999995], [-8.5209107, 41.4034931]]}, "properties": {"street_name": "Rua Padre Benjamim Salgado", "municipio": "Vila Novade Famalicão", "count": 1, "top_infraction": "imbecis", "first_year": "2025", "last_year": "2025", "type_breakdown": "{\"imbecis\": 1}", "monthly_breakdown": "{\"2025-01\": 1}"}}, {"type": "Feature", "geometry": {"type": "LineString", "coordinates": [[-8.5199086, 41.400910599999996], [-8.5196887, 41.40188359999999]]}, "properties": {"street_name": "Rua Dom Sancho I", "municipio": "Vila Novade Famalicão", "count": 1, "top_infraction": "imbecis", "first_year": "2025", "last_year": "2025", "type_breakdown": "{\"imbecis\": 1}", "monthly_breakdown": "{\"2025-02\": 1}"}}, {"type": "Feature", "geometry": {"type": "LineString", "coordinates": [[-8.5225562, 41.41163159999999], [-8.5225652, 41.4116094], [-8.522565, 41.41158579999999], [-8.5225562, 41.411524699999994], [-8.5225431, 41.41147999999999], [-8.5225261, 41.411451799999995], [-8.5225069, 41.4114396], [-8.522485000000001, 41.4114341]]}, "properties": {"street_name": "Largo da Cruz Velha", "municipio": "Vila Novade Famalicão", "count": 1, "top_infraction": "imbecis", "first_year": "2026", "last_year": "2026", "type_breakdown": "{\"imbecis\": 1}", "monthly_breakdown": "{\"2026-02\": 1}"}}, {"type": "Feature", "geometry": {"type": "LineString", "coordinates": [[-8.519066700000002, 41.40458319999999], [-8.5190624, 41.4044564], [-8.5190858, 41.40433879999999], [-8.5191427, 41.404075399999996], [-8.519225200000001, 41.40378780000001]]}, "properties": {"street_name": "Rua José Gomes de Matos", "municipio": "Vila Novade Famalicão", "count": 3, "top_infraction": "imbecis", "first_year": "2024", "last_year": "2026", "type_breakdown": "{\"imbecis\": 3}", "monthly_breakdown": "{\"2026-03\": 1, \"2026-02\": 1, \"2024-12\": 1}"}}, {"type": "Feature", "geometry": {"type": "LineString", "coordinates": [[-8.5209068, 41.404194000000004], [-8.5208067, 41.404072500000005]]}, "properties": {"street_name": null, "municipio": "Vila Novade Famalicão", "count": 1, "top_infraction": "imbecis", "first_year": "2024", "last_year": "2024", "type_breakdown": "{\"imbecis\": 1}", "monthly_breakdown": "{\"2024-06\": 1}"}}, {"type": "Feature", "geometry": {"type": "LineString", "coordinates": [[-8.5284301, 41.40232710000001], [-8.5282908, 41.4024314], [-8.5279078, 41.40269670000001], [-8.5276171, 41.402906699999996], [-8.5274934, 41.402991799999995]]}, "properties": {"street_name": "Rua Alberto Sampaio", "municipio": "Vila Novade Famalicão", "count": 1, "top_infraction": "imbecis", "first_year": "2025", "last_year": "2025", "type_breakdown": "{\"imbecis\": 1}", "monthly_breakdown": "{\"2025-12\": 1}"}}, {"type": "Feature", "geometry": {"type": "LineString", "coordinates": [[-8.5360662, 41.4034195], [-8.5360222, 41.4034604], [-8.5360014, 41.4034841], [-8.5359827, 41.4035952], [-8.536012800000002, 41.403723], [-8.5360886, 41.403840699999996], [-8.536102, 41.40398199999999], [-8.5358942, 41.4040142], [-8.5356809, 41.404025299999994]]}, "properties": {"street_name": null, "municipio": "Vila Novade Famalicão", "count": 1, "top_infraction": "imbecis", "first_year": "2025", "last_year": "2025", "type_breakdown": "{\"imbecis\": 1}", "monthly_breakdown": "{\"2025-01\": 1}"}}, {"type": "Feature", "geometry": {"type": "LineString", "coordinates": [[-8.5180631, 41.412402199999995], [-8.5181352, 41.4123961], [-8.5182246, 41.4123913], [-8.5188749, 41.41238380000001]]}, "properties": {"street_name": "Rua Ana Plácido", "municipio": "Vila Novade Famalicão", "count": 1, "top_infraction": "imbecis", "first_year": "2024", "last_year": "2024", "type_breakdown": "{\"imbecis\": 1}", "monthly_breakdown": "{\"2024-10\": 1}"}}, {"type": "Feature", "geometry": {"type": "LineString", "coordinates": [[-8.5180631, 41.412402199999995], [-8.518071, 41.41245959999999], [-8.5180774, 41.41252819999998], [-8.5180755, 41.4125831], [-8.5180726, 41.41261759999999], [-8.5180698, 41.412655099999995], [-8.5180755, 41.412688], [-8.5181155, 41.4127353]]}, "properties": {"street_name": "Travessa Ana Plácido", "municipio": "Vila Novade Famalicão", "count": 1, "top_infraction": "imbecis", "first_year": "2026", "last_year": "2026", "type_breakdown": "{\"imbecis\": 1}", "monthly_breakdown": "{\"2026-03\": 1}"}}, {"type": "Feature", "geometry": {"type": "LineString", "coordinates": [[-8.516583, 41.407803699999995], [-8.5165662, 41.4080232], [-8.5165593, 41.408246399999996], [-8.5166325, 41.4091672], [-8.5166363, 41.4092597], [-8.5166272, 41.40933710000001], [-8.5166147, 41.409402199999995], [-8.516599, 41.409452999999985], [-8.5165662, 41.40953179999999]]}, "properties": {"street_name": "Avenida Marechal Humberto Delgado", "municipio": "Vila Novade Famalicão", "count": 1, "top_infraction": "imbecis", "first_year": "2024", "last_year": "2024", "type_breakdown": "{\"imbecis\": 1}", "monthly_breakdown": "{\"2024-05\": 1}"}}, {"type": "Feature", "geometry": {"type": "LineString", "coordinates": [[-8.5272053, 41.40615149999999], [-8.5275899, 41.40602659999999], [-8.5276413, 41.4060101]]}, "properties": {"street_name": "Avenida 25 de Abril", "municipio": "Vila Novade Famalicão", "count": 1, "top_infraction": "imbecis", "first_year": "2025", "last_year": "2025", "type_breakdown": "{\"imbecis\": 1}", "monthly_breakdown": "{\"2025-03\": 1}"}}, {"type": "Feature", "geometry": {"type": "LineString", "coordinates": [[-8.5289747, 41.4055506], [-8.5290241, 41.4054285]]}, "properties": {"street_name": "Largo Heróis de Monsanto", "municipio": "Vila Novade Famalicão", "count": 1, "top_infraction": "imbecis", "first_year": "2024", "last_year": "2024", "type_breakdown": "{\"imbecis\": 1}", "monthly_breakdown": "{\"2024-09\": 1}"}}, {"type": "Feature", "geometry": {"type": "LineString", "coordinates": [[-8.526221500000002, 41.4037181], [-8.5260006, 41.40364699999999], [-8.5256567, 41.4035443], [-8.5256025, 41.40352759999999]]}, "properties": {"street_name": "Avenida de França", "municipio": "Vila Novade Famalicão", "count": 1, "top_infraction": "imbecis", "first_year": "2025", "last_year": "2025", "type_breakdown": "{\"imbecis\": 1}", "monthly_breakdown": "{\"2025-01\": 1}"}}, {"type": "Feature", "geometry": {"type": "LineString", "coordinates": [[-8.5201326, 41.408428], [-8.5202837, 41.40837899999998], [-8.5209808, 41.408152699999995], [-8.5210633, 41.408125999999996]]}, "properties": {"street_name": "Avenida 25 de Abril", "municipio": "Vila Novade Famalicão", "count": 1, "top_infraction": "imbecis", "first_year": "2024", "last_year": "2024", "type_breakdown": "{\"imbecis\": 1}", "monthly_breakdown": "{\"2024-06\": 1}"}}, {"type": "Feature", "geometry": {"type": "LineString", "coordinates": [[-8.5209062, 41.40403809999999], [-8.5210862, 41.4039912], [-8.5211599, 41.4039645], [-8.5211899, 41.403951199999995], [-8.5212108, 41.403935499999996]]}, "properties": {"street_name": "Rua Luís Barroso", "municipio": "Vila Novade Famalicão", "count": 2, "top_infraction": "imbecis", "first_year": "2024", "last_year": "2024", "type_breakdown": "{\"imbecis\": 2}", "monthly_breakdown": "{\"2024-06\": 2}"}}, {"type": "Feature", "geometry": {"type": "LineString", "coordinates": [[-8.517910100000002, 41.4093529], [-8.5179447, 41.40934210000002], [-8.517974, 41.40932459999999], [-8.5179957, 41.40930169999999], [-8.5180082, 41.4092752], [-8.5180103, 41.4092472]]}, "properties": {"street_name": "Rotunda da Fonte", "municipio": "Vila Novade Famalicão", "count": 1, "top_infraction": "imbecis", "first_year": "2024", "last_year": "2024", "type_breakdown": "{\"imbecis\": 1}", "monthly_breakdown": "{\"2024-06\": 1}"}}, {"type": "Feature", "geometry": {"type": "LineString", "coordinates": [[-8.5202906, 41.4042701], [-8.5203371, 41.4042753], [-8.5203738, 41.4042829], [-8.5204347, 41.4042966], [-8.5204858, 41.404314199999995]]}, "properties": {"street_name": "Rua Luís Barroso", "municipio": "Vila Novade Famalicão", "count": 1, "top_infraction": "imbecis", "first_year": "2026", "last_year": "2026", "type_breakdown": "{\"imbecis\": 1}", "monthly_breakdown": "{\"2026-01\": 1}"}}, {"type": "Feature", "geometry": {"type": "LineString", "coordinates": [[-8.5193827, 41.41019559999999], [-8.51938, 41.41015889999999], [-8.5193754, 41.41004650000001]]}, "properties": {"street_name": "Rua Adriano Pinto Basto", "municipio": "Vila Novade Famalicão", "count": 1, "top_infraction": "imbecis", "first_year": "2025", "last_year": "2025", "type_breakdown": "{\"imbecis\": 1}", "monthly_breakdown": "{\"2025-02\": 1}"}}, {"type": "Feature", "geometry": {"type": "LineString", "coordinates": [[-8.5205579, 41.403195], [-8.5202393, 41.403197]]}, "properties": {"street_name": "Avenida de França", "municipio": "Vila Novade Famalicão", "count": 2, "top_infraction": "imbecis", "first_year": "2024", "last_year": "2025", "type_breakdown": "{\"imbecis\": 2}", "monthly_breakdown": "{\"2025-01\": 1, \"2024-06\": 1}"}}, {"type": "Feature", "geometry": {"type": "LineString", "coordinates": [[-8.5331519, 41.40013710000001], [-8.5334039, 41.400091100000004]]}, "properties": {"street_name": null, "municipio": "Vila Novade Famalicão", "count": 1, "top_infraction": "imbecis", "first_year": "2025", "last_year": "2025", "type_breakdown": "{\"imbecis\": 1}", "monthly_breakdown": "{\"2025-01\": 1}"}}, {"type": "Feature", "geometry": {"type": "LineString", "coordinates": [[-8.5331519, 41.40013710000001], [-8.5322757, 41.4002969]]}, "properties": {"street_name": null, "municipio": "Vila Novade Famalicão", "count": 2, "top_infraction": "imbecis", "first_year": "2025", "last_year": "2025", "type_breakdown": "{\"imbecis\": 2}", "monthly_breakdown": "{\"2025-01\": 2}"}}, {"type": "Feature", "geometry": {"type": "LineString", "coordinates": [[-8.5189141, 41.40886499999999], [-8.519192000000002, 41.40875110000001], [-8.519320200000001, 41.408702]]}, "properties": {"street_name": "Avenida Narciso Ferreira", "municipio": "Vila Novade Famalicão", "count": 1, "top_infraction": "imbecis", "first_year": "2024", "last_year": "2024", "type_breakdown": "{\"imbecis\": 1}", "monthly_breakdown": "{\"2024-06\": 1}"}}, {"type": "Feature", "geometry": {"type": "LineString", "coordinates": [[-8.5186548, 41.408969899999995], [-8.5186881, 41.409015700000005], [-8.5186969, 41.40902710000001]]}, "properties": {"street_name": null, "municipio": "Vila Novade Famalicão", "count": 1, "top_infraction": "imbecis", "first_year": "2024", "last_year": "2024", "type_breakdown": "{\"imbecis\": 1}", "monthly_breakdown": "{\"2024-06\": 1}"}}, {"type": "Feature", "geometry": {"type": "LineString", "coordinates": [[-8.5239986, 41.4009327], [-8.5238095, 41.4003757], [-8.5236356, 41.400406700000005]]}, "properties": {"street_name": null, "municipio": "Vila Novade Famalicão", "count": 1, "top_infraction": "imbecis", "first_year": "2024", "last_year": "2024", "type_breakdown": "{\"imbecis\": 1}", "monthly_breakdown": "{\"2024-08\": 1}"}}, {"type": "Feature", "geometry": {"type": "LineString", "coordinates": [[-8.5195134, 41.400504299999994], [-8.5198356, 41.40033820000001], [-8.5199756, 41.40021229999999], [-8.5200722, 41.40022389999999]]}, "properties": {"street_name": null, "municipio": "Vila Novade Famalicão", "count": 1, "top_infraction": "imbecis", "first_year": "2025", "last_year": "2025", "type_breakdown": "{\"imbecis\": 1}", "monthly_breakdown": "{\"2025-01\": 1}"}}, {"type": "Feature", "geometry": {"type": "LineString", "coordinates": [[-8.5175945, 41.405418499999996], [-8.517508, 41.4054269], [-8.5174347, 41.405429199999986]]}, "properties": {"street_name": null, "municipio": "Vila Novade Famalicão", "count": 1, "top_infraction": "imbecis", "first_year": "2024", "last_year": "2024", "type_breakdown": "{\"imbecis\": 1}", "monthly_breakdown": "{\"2024-09\": 1}"}}, {"type": "Feature", "geometry": {"type": "LineString", "coordinates": [[-8.5167426, 41.42081929999999], [-8.516692, 41.4210717], [-8.5166654, 41.42119660000001], [-8.516602, 41.42149359999999], [-8.5164862, 41.42203130000001]]}, "properties": {"street_name": "Avenida Engenheiro Pinheiro Braga", "municipio": "Vila Novade Famalicão", "count": 1, "top_infraction": "imbecis", "first_year": "2026", "last_year": "2026", "type_breakdown": "{\"imbecis\": 1}", "monthly_breakdown": "{\"2026-01\": 1}"}}, {"type": "Feature", "geometry": {"type": "LineString", "coordinates": [[-8.5192928, 41.4079074], [-8.5192772, 41.407529699999984]]}, "properties": {"street_name": "Rua Adriano Pinto Basto", "municipio": "Vila Novade Famalicão", "count": 1, "top_infraction": "imbecis", "first_year": "2024", "last_year": "2024", "type_breakdown": "{\"imbecis\": 1}", "monthly_breakdown": "{\"2024-12\": 1}"}}, {"type": "Feature", "geometry": {"type": "LineString", "coordinates": [[-8.5193087, 41.4083518], [-8.5193061, 41.40826179999999], [-8.5193047, 41.4081954]]}, "properties": {"street_name": "Rua Adriano Pinto Basto", "municipio": "Vila Novade Famalicão", "count": 1, "top_infraction": "imbecis", "first_year": "2025", "last_year": "2025", "type_breakdown": "{\"imbecis\": 1}", "monthly_breakdown": "{\"2025-11\": 1}"}}, {"type": "Feature", "geometry": {"type": "LineString", "coordinates": [[-8.5164167, 41.4058088], [-8.5164454, 41.40617739999999], [-8.516484, 41.4066693], [-8.516508, 41.406887399999995], [-8.5165073, 41.406956], [-8.516491, 41.407009300000006], [-8.5164471, 41.4070636]]}, "properties": {"street_name": "Avenida Marechal Humberto Delgado", "municipio": "Vila Novade Famalicão", "count": 2, "top_infraction": "imbecis", "first_year": "2024", "last_year": "2024", "type_breakdown": "{\"imbecis\": 2}", "monthly_breakdown": "{\"2024-06\": 1, \"2024-07\": 1}"}}, {"type": "Feature", "geometry": {"type": "LineString", "coordinates": [[-8.5242008, 41.40319399999999], [-8.5243515, 41.403214899999995], [-8.5245138, 41.4032496], [-8.524631, 41.40328259999999], [-8.5250661, 41.4034217], [-8.5251605, 41.40345279999999], [-8.5253215, 41.40350569999999]]}, "properties": {"street_name": "Avenida de França", "municipio": "Vila Novade Famalicão", "count": 1, "top_infraction": "imbecis", "first_year": "2025", "last_year": "2025", "type_breakdown": "{\"imbecis\": 1}", "monthly_breakdown": "{\"2025-12\": 1}"}}, {"type": "Feature", "geometry": {"type": "LineString", "coordinates": [[-8.5272749, 41.405274600000006], [-8.5272977, 41.40531090000001], [-8.5274431, 41.4055502], [-8.527628, 41.4058323], [-8.5276434, 41.40585769999999]]}, "properties": {"street_name": "Rua António Sérgio", "municipio": "Vila Novade Famalicão", "count": 1, "top_infraction": "imbecis", "first_year": "2024", "last_year": "2024", "type_breakdown": "{\"imbecis\": 1}", "monthly_breakdown": "{\"2024-04\": 1}"}}, {"type": "Feature", "geometry": {"type": "LineString", "coordinates": [[-8.5277161, 41.40583639999999], [-8.5273727, 41.4052842], [-8.52722, 41.40504969999999]]}, "properties": {"street_name": "Avenida de França", "municipio": "Vila Novade Famalicão", "count": 1, "top_infraction": "imbecis", "first_year": "2024", "last_year": "2024", "type_breakdown": "{\"imbecis\": 1}", "monthly_breakdown": "{\"2024-07\": 1}"}}, {"type": "Feature", "geometry": {"type": "LineString", "coordinates": [[-8.2907957, 41.44146719999999], [-8.2906903, 41.441404000000006], [-8.2902853, 41.4411365], [-8.2901569, 41.441051699999996]]}, "properties": {"street_name": "Largo República do Brasil", "municipio": "Guimarães", "count": 3, "top_infraction": "imbecis", "first_year": "2024", "last_year": "2024", "type_breakdown": "{\"imbecis\": 3}", "monthly_breakdown": "{\"2024-06\": 3}"}}, {"type": "Feature", "geometry": {"type": "LineString", "coordinates": [[-8.2899456, 41.441244299999994], [-8.2900324, 41.441302], [-8.2903421, 41.44150769999999], [-8.2905616, 41.441673]]}, "properties": {"street_name": "Largo República do Brasil", "municipio": "Guimarães", "count": 1, "top_infraction": "imbecis", "first_year": "2024", "last_year": "2024", "type_breakdown": "{\"imbecis\": 1}", "monthly_breakdown": "{\"2024-06\": 1}"}}, {"type": "Feature", "geometry": {"type": "LineString", "coordinates": [[-8.287407900000002, 41.4499872], [-8.287299000000003, 41.45004269999999], [-8.2865695, 41.4507885], [-8.2864515, 41.450887], [-8.286371, 41.4509172], [-8.2862932, 41.45092919999999], [-8.286151100000001, 41.450931199999985], [-8.285794300000001, 41.45092319999999], [-8.285544900000001, 41.450907099999995], [-8.2854135, 41.450893099999995], [-8.285338400000002, 41.4509071], [-8.2852257, 41.45095140000001], [-8.2851632, 41.4509877], [-8.2849628, 41.451104099999995], [-8.2847295, 41.4512831], [-8.284582, 41.4513816], [-8.2844318, 41.451431799999995], [-8.2841823, 41.45150219999999], [-8.2840563, 41.4515545], [-8.2839463, 41.451628799999995], [-8.2837693, 41.45170929999999], [-8.2836217, 41.4517454], [-8.283428600000002, 41.4517676], [-8.2833262, 41.451784599999996], [-8.2832248, 41.4518017], [-8.2830799, 41.45184799999999], [-8.2825489, 41.4521013], [-8.2824174, 41.4521596], [-8.2821653, 41.452215900000006], [-8.2819656, 41.45227679999999]]}, "properties": {"street_name": "Rua da Arcela", "municipio": "Guimarães", "count": 1, "top_infraction": "imbecis", "first_year": "2025", "last_year": "2025", "type_breakdown": "{\"imbecis\": 1}", "monthly_breakdown": "{\"2025-11\": 1}"}}, {"type": "Feature", "geometry": {"type": "LineString", "coordinates": [[-8.7786887, 41.53234400000001], [-8.7790481, 41.532743599999996]]}, "properties": {"street_name": "Avenida Engenheiro Losa Faria", "municipio": "Esposende", "count": 1, "top_infraction": "imbecis", "first_year": "2026", "last_year": "2026", "type_breakdown": "{\"imbecis\": 1}", "monthly_breakdown": "{\"2026-02\": 1}"}}, {"type": "Feature", "geometry": {"type": "LineString", "coordinates": [[-8.7786887, 41.53234400000001], [-8.7784067, 41.5317174]]}, "properties": {"street_name": "Rua Engenheiro Custódio José Villas Boas", "municipio": "Esposende", "count": 2, "top_infraction": "imbecis", "first_year": "2024", "last_year": "2024", "type_breakdown": "{\"imbecis\": 2}", "monthly_breakdown": "{\"2024-06\": 2}"}}, {"type": "Feature", "geometry": {"type": "LineString", "coordinates": [[-8.7782219, 41.531267299999996], [-8.778259, 41.530467099999996]]}, "properties": {"street_name": "Rua Engenheiro Custódio José Villas Boas", "municipio": "Esposende", "count": 1, "top_infraction": "imbecis", "first_year": "2026", "last_year": "2026", "type_breakdown": "{\"imbecis\": 1}", "monthly_breakdown": "{\"2026-03\": 1}"}}, {"type": "Feature", "geometry": {"type": "LineString", "coordinates": [[-8.7790578, 41.5289497], [-8.7787549, 41.52852909999999]]}, "properties": {"street_name": "Rua Narciso Ferreira", "municipio": "Esposende", "count": 1, "top_infraction": "imbecis", "first_year": "2024", "last_year": "2024", "type_breakdown": "{\"imbecis\": 1}", "monthly_breakdown": "{\"2024-09\": 1}"}}, {"type": "Feature", "geometry": {"type": "LineString", "coordinates": [[-8.779581, 41.52960959999999], [-8.7796419, 41.52959589999999], [-8.7796983, 41.52958379999999], [-8.7797627, 41.52957479999999], [-8.7798191, 41.529582299999994], [-8.7799016, 41.5296049], [-8.7800748, 41.5296878], [-8.7801826, 41.5297302]]}, "properties": {"street_name": "['Largo Marquês de Pombal', 'Largo do Pelourinho']", "municipio": "Esposende", "count": 1, "top_infraction": "imbecis", "first_year": "2024", "last_year": "2024", "type_breakdown": "{\"imbecis\": 1}", "monthly_breakdown": "{\"2024-09\": 1}"}}, {"type": "Feature", "geometry": {"type": "LineString", "coordinates": [[-8.7788918, 41.530273], [-8.7787359, 41.52960939999999]]}, "properties": {"street_name": "Rua Professor Doutor Manuel de Barros", "municipio": "Esposende", "count": 1, "top_infraction": "imbecis", "first_year": "2024", "last_year": "2024", "type_breakdown": "{\"imbecis\": 1}", "monthly_breakdown": "{\"2024-09\": 1}"}}, {"type": "Feature", "geometry": {"type": "LineString", "coordinates": [[-8.7794747, 41.530600099999994], [-8.7794591, 41.5306318], [-8.7793802, 41.5306622], [-8.7792934, 41.5307058], [-8.7792483, 41.530745599999996]]}, "properties": {"street_name": "Viela do Grémio", "municipio": "Esposende", "count": 1, "top_infraction": "imbecis", "first_year": "2024", "last_year": "2024", "type_breakdown": "{\"imbecis\": 1}", "monthly_breakdown": "{\"2024-09\": 1}"}}, {"type": "Feature", "geometry": {"type": "LineString", "coordinates": [[-8.7797116, 41.5300131], [-8.7802724, 41.529861]]}, "properties": {"street_name": "Rua Luís de Camões", "municipio": "Esposende", "count": 2, "top_infraction": "imbecis", "first_year": "2024", "last_year": "2024", "type_breakdown": "{\"imbecis\": 2}", "monthly_breakdown": "{\"2024-09\": 2}"}}, {"type": "Feature", "geometry": {"type": "LineString", "coordinates": [[-8.7794464, 41.531143199999995], [-8.7789108, 41.53118009999999], [-8.778282, 41.53126069999999], [-8.7782219, 41.531267299999996]]}, "properties": {"street_name": "Rua da Senhora da Saúde", "municipio": "Esposende", "count": 1, "top_infraction": "imbecis", "first_year": "2024", "last_year": "2024", "type_breakdown": "{\"imbecis\": 1}", "monthly_breakdown": "{\"2024-04\": 1}"}}, {"type": "Feature", "geometry": {"type": "LineString", "coordinates": [[-8.7817238, 41.53262459999999], [-8.7813778, 41.53271170000001]]}, "properties": {"street_name": "Rua Santa Maria dos Anjos", "municipio": "Esposende", "count": 1, "top_infraction": "imbecis", "first_year": "2024", "last_year": "2024", "type_breakdown": "{\"imbecis\": 1}", "monthly_breakdown": "{\"2024-04\": 1}"}}, {"type": "Feature", "geometry": {"type": "LineString", "coordinates": [[-8.7799889, 41.52933399999999], [-8.780545300000002, 41.529123]]}, "properties": {"street_name": "Rua Doutor Fernando de Barros", "municipio": "Esposende", "count": 1, "top_infraction": "imbecis", "first_year": "2024", "last_year": "2024", "type_breakdown": "{\"imbecis\": 1}", "monthly_breakdown": "{\"2024-09\": 1}"}}, {"type": "Feature", "geometry": {"type": "LineString", "coordinates": [[-8.7799889, 41.52933399999999], [-8.7798721, 41.5290925], [-8.7798372, 41.5290292], [-8.7797084, 41.52889199999999], [-8.7795274, 41.528696200000006]]}, "properties": {"street_name": "Rua 31 de Janeiro", "municipio": "Esposende", "count": 2, "top_infraction": "imbecis", "first_year": "2024", "last_year": "2024", "type_breakdown": "{\"imbecis\": 2}", "monthly_breakdown": "{\"2024-10\": 1, \"2024-09\": 1}"}}, {"type": "Feature", "geometry": {"type": "LineString", "coordinates": [[-8.780545300000002, 41.529123], [-8.7804558, 41.528979099999994], [-8.7800162, 41.5284014]]}, "properties": {"street_name": "Rua António Abreu", "municipio": "Esposende", "count": 2, "top_infraction": "imbecis", "first_year": "2024", "last_year": "2024", "type_breakdown": "{\"imbecis\": 2}", "monthly_breakdown": "{\"2024-09\": 2}"}}, {"type": "Feature", "geometry": {"type": "LineString", "coordinates": [[-8.7813392, 41.53002189999999], [-8.7815686, 41.5298702], [-8.7818102, 41.5297436], [-8.7819608, 41.5296605]]}, "properties": {"street_name": "Rua João de Freitas", "municipio": "Esposende", "count": 1, "top_infraction": "imbecis", "first_year": "2024", "last_year": "2024", "type_breakdown": "{\"imbecis\": 1}", "monthly_breakdown": "{\"2024-09\": 1}"}}, {"type": "Feature", "geometry": {"type": "LineString", "coordinates": [[-8.7763442, 41.5124345], [-8.7757503, 41.5126659], [-8.7759368, 41.51354249999999]]}, "properties": {"street_name": "Travessa Joaquim Mariz", "municipio": "Esposende", "count": 1, "top_infraction": "imbecis", "first_year": "2026", "last_year": "2026", "type_breakdown": "{\"imbecis\": 1}", "monthly_breakdown": "{\"2026-02\": 1}"}}, {"type": "Feature", "geometry": {"type": "LineString", "coordinates": [[-8.7823593, 41.5305396], [-8.7823881, 41.530605599999994], [-8.7827142, 41.531347600000004], [-8.7829494, 41.5318653]]}, "properties": {"street_name": "Avenida Engenheiro Eduardo Arantes e Oliveira", "municipio": "Esposende", "count": 1, "top_infraction": "imbecis", "first_year": "2024", "last_year": "2024", "type_breakdown": "{\"imbecis\": 1}", "monthly_breakdown": "{\"2024-04\": 1}"}}, {"type": "Feature", "geometry": {"type": "LineString", "coordinates": [[-8.7790481, 41.532743599999996], [-8.7792842, 41.53300809999999], [-8.7794978, 41.53324359999999]]}, "properties": {"street_name": "Avenida Engenheiro Losa Faria", "municipio": "Esposende", "count": 1, "top_infraction": "imbecis", "first_year": "2024", "last_year": "2024", "type_breakdown": "{\"imbecis\": 1}", "monthly_breakdown": "{\"2024-04\": 1}"}}, {"type": "Feature", "geometry": {"type": "LineString", "coordinates": [[-8.7756255, 41.5310742], [-8.7756679, 41.5313028]]}, "properties": {"street_name": null, "municipio": "Esposende", "count": 1, "top_infraction": "imbecis", "first_year": "2026", "last_year": "2026", "type_breakdown": "{\"imbecis\": 1}", "monthly_breakdown": "{\"2026-02\": 1}"}}, {"type": "Feature", "geometry": {"type": "LineString", "coordinates": [[-8.7811615, 41.531123099999995], [-8.7818351, 41.5308164]]}, "properties": {"street_name": "Rua Manuel Rodrigues Viana", "municipio": "Esposende", "count": 3, "top_infraction": "imbecis", "first_year": "2024", "last_year": "2024", "type_breakdown": "{\"imbecis\": 3}", "monthly_breakdown": "{\"2024-09\": 3}"}}, {"type": "Feature", "geometry": {"type": "LineString", "coordinates": [[-8.7805378, 41.53100020000001], [-8.7804294, 41.5310324], [-8.7802712, 41.5310829]]}, "properties": {"street_name": "Rua Rodrigues de Faria", "municipio": "Esposende", "count": 1, "top_infraction": "imbecis", "first_year": "2024", "last_year": "2024", "type_breakdown": "{\"imbecis\": 1}", "monthly_breakdown": "{\"2024-04\": 1}"}}, {"type": "Feature", "geometry": {"type": "LineString", "coordinates": [[-8.7826105, 41.548156], [-8.7825038, 41.5467822]]}, "properties": {"street_name": "Avenida 19 de Agosto", "municipio": "Esposende", "count": 1, "top_infraction": "imbecis", "first_year": "2024", "last_year": "2024", "type_breakdown": "{\"imbecis\": 1}", "monthly_breakdown": "{\"2024-06\": 1}"}}, {"type": "Feature", "geometry": {"type": "LineString", "coordinates": [[-8.6192749, 41.53355539999999], [-8.6192937, 41.53363499999999], [-8.6193064, 41.53369570000001], [-8.6194081, 41.5342275], [-8.619448, 41.5344173], [-8.6194514, 41.53448850000001], [-8.6194507, 41.534531199999996]]}, "properties": {"street_name": "Campo 5 de Outubro", "municipio": "Barcelos", "count": 10, "top_infraction": "imbecis", "first_year": "2024", "last_year": "2025", "type_breakdown": "{\"imbecis\": 10}", "monthly_breakdown": "{\"2024-04\": 2, \"2024-09\": 1, \"2025-01\": 1, \"2024-11\": 1, \"2024-08\": 1, \"2024-03\": 2, \"2024-05\": 2}"}}, {"type": "Feature", "geometry": {"type": "LineString", "coordinates": [[-8.6192749, 41.53355539999999], [-8.6193593, 41.53355839999999], [-8.6194424, 41.53356330000001], [-8.619498600000002, 41.5335595], [-8.6196556, 41.533521799999995], [-8.62062, 41.5331578], [-8.6208275, 41.533079400000005], [-8.6209326, 41.533039699999996]]}, "properties": {"street_name": "['Avenida da Liberdade', 'Rua Cândido dos Reis']", "municipio": "Barcelos", "count": 4, "top_infraction": "imbecis", "first_year": "2024", "last_year": "2024", "type_breakdown": "{\"imbecis\": 4}", "monthly_breakdown": "{\"2024-09\": 1, \"2024-04\": 3}"}}, {"type": "Feature", "geometry": {"type": "LineString", "coordinates": [[-8.6234871, 41.5296866], [-8.6235666, 41.52965950000001], [-8.623613900000002, 41.52963419999999], [-8.6241283, 41.5294219], [-8.6242059, 41.529376899999995], [-8.6242628, 41.5293065], [-8.6243043, 41.5290258]]}, "properties": {"street_name": "Rua do Senhor dos Aflitos", "municipio": "Barcelos", "count": 5, "top_infraction": "imbecis", "first_year": "2024", "last_year": "2024", "type_breakdown": "{\"imbecis\": 5}", "monthly_breakdown": "{\"2024-04\": 2, \"2024-03\": 3}"}}, {"type": "Feature", "geometry": {"type": "LineString", "coordinates": [[-8.6169709, 41.5340162], [-8.6171688, 41.53396059999999], [-8.6177182, 41.533818499999995], [-8.6183132, 41.53366470000001]]}, "properties": {"street_name": "Avenida dos Combatentes da Grande Guerra", "municipio": "Barcelos", "count": 2, "top_infraction": "imbecis", "first_year": "2024", "last_year": "2024", "type_breakdown": "{\"imbecis\": 2}", "monthly_breakdown": "{\"2024-04\": 1, \"2024-09\": 1}"}}, {"type": "Feature", "geometry": {"type": "LineString", "coordinates": [[-8.6169709, 41.5340162], [-8.6170056, 41.5340866], [-8.6172211, 41.53456359999999]]}, "properties": {"street_name": "Avenida Dom Nuno Álvares Pereira", "municipio": "Barcelos", "count": 63, "top_infraction": "imbecis", "first_year": "2024", "last_year": "2025", "type_breakdown": "{\"imbecis\": 63}", "monthly_breakdown": "{\"2024-08\": 12, \"2024-07\": 3, \"2025-02\": 5, \"2024-06\": 14, \"2024-04\": 2, \"2024-09\": 3, \"2024-05\": 6, \"2024-10\": 3, \"2025-01\": 2, \"2024-03\": 10, \"2025-03\": 1, \"2025-06\": 2}"}}, {"type": "Feature", "geometry": {"type": "LineString", "coordinates": [[-8.6150221, 41.534532999999996], [-8.6149511, 41.534423499999995], [-8.6146131, 41.5339019], [-8.6143165, 41.53344440000001]]}, "properties": {"street_name": "Rua Cândido da Cunha", "municipio": "Barcelos", "count": 6, "top_infraction": "imbecis", "first_year": "2024", "last_year": "2024", "type_breakdown": "{\"imbecis\": 6}", "monthly_breakdown": "{\"2024-07\": 1, \"2024-03\": 4, \"2024-09\": 1}"}}, {"type": "Feature", "geometry": {"type": "LineString", "coordinates": [[-8.6150221, 41.534532999999996], [-8.6147885, 41.5346172], [-8.6134798, 41.53510119999999]]}, "properties": {"street_name": "Avenida Alcaides de Faria", "municipio": "Barcelos", "count": 12, "top_infraction": "imbecis", "first_year": "2024", "last_year": "2024", "type_breakdown": "{\"imbecis\": 12}", "monthly_breakdown": "{\"2024-04\": 5, \"2024-08\": 2, \"2024-03\": 4, \"2024-06\": 1}"}}, {"type": "Feature", "geometry": {"type": "LineString", "coordinates": [[-8.6095156, 41.5365866], [-8.6096536, 41.5366727], [-8.6107699, 41.53751749999999], [-8.6112591, 41.5379007], [-8.6117224, 41.53825500000001], [-8.6118232, 41.5383909], [-8.6118392, 41.5384893]]}, "properties": {"street_name": "Rua de Olivença", "municipio": "Barcelos", "count": 25, "top_infraction": "imbecis", "first_year": "2024", "last_year": "2025", "type_breakdown": "{\"imbecis\": 25}", "monthly_breakdown": "{\"2024-03\": 8, \"2024-09\": 2, \"2025-03\": 1, \"2025-06\": 2, \"2024-06\": 4, \"2025-02\": 1, \"2024-04\": 5, \"2024-11\": 1, \"2025-12\": 1}"}}, {"type": "Feature", "geometry": {"type": "LineString", "coordinates": [[-8.612048, 41.5384367], [-8.6119485, 41.538346999999995], [-8.610919600000003, 41.53754279999999]]}, "properties": {"street_name": "Rua de Olivença", "municipio": "Barcelos", "count": 14, "top_infraction": "imbecis", "first_year": "2024", "last_year": "2025", "type_breakdown": "{\"imbecis\": 14}", "monthly_breakdown": "{\"2025-12\": 1, \"2024-03\": 3, \"2024-05\": 4, \"2025-04\": 1, \"2024-06\": 1, \"2024-04\": 3, \"2024-07\": 1}"}}, {"type": "Feature", "geometry": {"type": "LineString", "coordinates": [[-8.6127738, 41.542255499999996], [-8.6128161, 41.5422679], [-8.6129707, 41.5423217], [-8.6133216, 41.5424241]]}, "properties": {"street_name": "Avenida Nossa Senhora de Fátima", "municipio": "Barcelos", "count": 1, "top_infraction": "imbecis", "first_year": "2024", "last_year": "2024", "type_breakdown": "{\"imbecis\": 1}", "monthly_breakdown": "{\"2024-06\": 1}"}}, {"type": "Feature", "geometry": {"type": "LineString", "coordinates": [[-8.6110783, 41.53249249999999], [-8.6110123, 41.532744599999994], [-8.6107843, 41.53293599999999], [-8.6099505, 41.5332164], [-8.609695, 41.5334758], [-8.6095799, 41.53354660000001], [-8.6094529, 41.5336134]]}, "properties": {"street_name": "Avenida de Santa Marta", "municipio": "Barcelos", "count": 1, "top_infraction": "imbecis", "first_year": "2024", "last_year": "2024", "type_breakdown": "{\"imbecis\": 1}", "monthly_breakdown": "{\"2024-10\": 1}"}}, {"type": "Feature", "geometry": {"type": "LineString", "coordinates": [[-8.6161874, 41.531737899999996], [-8.6163191, 41.5317264], [-8.6164785, 41.53172479999999], [-8.6172412, 41.531751199999995], [-8.6174982, 41.53173539999999], [-8.6176911, 41.53170469999999]]}, "properties": {"street_name": "Avenida Doutor Sidónio Pais", "municipio": "Barcelos", "count": 8, "top_infraction": "imbecis", "first_year": "2024", "last_year": "2024", "type_breakdown": "{\"imbecis\": 8}", "monthly_breakdown": "{\"2024-03\": 3, \"2024-06\": 3, \"2024-04\": 2}"}}, {"type": "Feature", "geometry": {"type": "LineString", "coordinates": [[-8.6191585, 41.52976480000001], [-8.6191843, 41.52981030000001], [-8.6192068, 41.5298526], [-8.6191594, 41.530000599999994], [-8.619056, 41.530291500000004], [-8.61886, 41.530706699999996]]}, "properties": {"street_name": null, "municipio": "Barcelos", "count": 1, "top_infraction": "imbecis", "first_year": "2024", "last_year": "2024", "type_breakdown": "{\"imbecis\": 1}", "monthly_breakdown": "{\"2024-04\": 1}"}}, {"type": "Feature", "geometry": {"type": "LineString", "coordinates": [[-8.6178175, 41.5299608], [-8.6175661, 41.529970299999995], [-8.6170974, 41.5299994], [-8.6169413, 41.53003759999999]]}, "properties": {"street_name": "Rua Doutor José António Peixoto Pereiro Machado", "municipio": "Barcelos", "count": 2, "top_infraction": "imbecis", "first_year": "2024", "last_year": "2024", "type_breakdown": "{\"imbecis\": 2}", "monthly_breakdown": "{\"2024-08\": 2}"}}, {"type": "Feature", "geometry": {"type": "LineString", "coordinates": [[-8.615664800000001, 41.5361533], [-8.6156323, 41.5360687], [-8.6155232, 41.5357844]]}, "properties": {"street_name": "Largo Campo 25 de Abril", "municipio": "Barcelos", "count": 2, "top_infraction": "imbecis", "first_year": "2024", "last_year": "2024", "type_breakdown": "{\"imbecis\": 2}", "monthly_breakdown": "{\"2024-06\": 2}"}}, {"type": "Feature", "geometry": {"type": "LineString", "coordinates": [[-8.615664800000001, 41.5361533], [-8.6162405, 41.5359827], [-8.6173751, 41.53563799999999], [-8.6175672, 41.535593699999986]]}, "properties": {"street_name": "Rua Padre Alfredo Rocha Martins", "municipio": "Barcelos", "count": 6, "top_infraction": "imbecis", "first_year": "2024", "last_year": "2025", "type_breakdown": "{\"imbecis\": 6}", "monthly_breakdown": "{\"2025-05\": 2, \"2024-05\": 3, \"2024-03\": 1}"}}, {"type": "Feature", "geometry": {"type": "LineString", "coordinates": [[-8.6135965, 41.53567930000001], [-8.6133442, 41.5352728], [-8.6132777, 41.5351759]]}, "properties": {"street_name": "Rua Arquitecto Borges Vinagre", "municipio": "Barcelos", "count": 2, "top_infraction": "imbecis", "first_year": "2024", "last_year": "2024", "type_breakdown": "{\"imbecis\": 2}", "monthly_breakdown": "{\"2024-03\": 1, \"2024-05\": 1}"}}, {"type": "Feature", "geometry": {"type": "LineString", "coordinates": [[-8.6135965, 41.53567930000001], [-8.6136537, 41.5357715], [-8.6141947, 41.535993]]}, "properties": {"street_name": "Rua Arquitecto Borges Vinagre", "municipio": "Barcelos", "count": 4, "top_infraction": "imbecis", "first_year": "2024", "last_year": "2024", "type_breakdown": "{\"imbecis\": 4}", "monthly_breakdown": "{\"2024-04\": 4}"}}, {"type": "Feature", "geometry": {"type": "LineString", "coordinates": [[-8.6132777, 41.5351759], [-8.6131256, 41.5352283], [-8.6115266, 41.5357795]]}, "properties": {"street_name": "Avenida Alcaides de Faria", "municipio": "Barcelos", "count": 6, "top_infraction": "imbecis", "first_year": "2024", "last_year": "2024", "type_breakdown": "{\"imbecis\": 6}", "monthly_breakdown": "{\"2024-03\": 5, \"2024-04\": 1}"}}, {"type": "Feature", "geometry": {"type": "LineString", "coordinates": [[-8.6132777, 41.5351759], [-8.6134155, 41.535124999999994], [-8.6134798, 41.53510119999999]]}, "properties": {"street_name": "Avenida Alcaides de Faria", "municipio": "Barcelos", "count": 1, "top_infraction": "imbecis", "first_year": "2024", "last_year": "2024", "type_breakdown": "{\"imbecis\": 1}", "monthly_breakdown": "{\"2024-03\": 1}"}}, {"type": "Feature", "geometry": {"type": "LineString", "coordinates": [[-8.6115266, 41.5357795], [-8.6113801, 41.5358385], [-8.6097302, 41.53642450000001], [-8.6095887, 41.5364603]]}, "properties": {"street_name": "Avenida Alcaides de Faria", "municipio": "Barcelos", "count": 26, "top_infraction": "imbecis", "first_year": "2024", "last_year": "2025", "type_breakdown": "{\"imbecis\": 26}", "monthly_breakdown": "{\"2024-04\": 8, \"2025-04\": 1, \"2024-03\": 4, \"2024-08\": 3, \"2024-05\": 5, \"2024-07\": 2, \"2025-02\": 2, \"2024-09\": 1}"}}, {"type": "Feature", "geometry": {"type": "LineString", "coordinates": [[-8.6115266, 41.5357795], [-8.6114884, 41.53571359999999], [-8.6112615, 41.53532189999999], [-8.6112356, 41.53529889999999], [-8.6112038, 41.53528569999999]]}, "properties": {"street_name": "Rua Dom Afonso", "municipio": "Barcelos", "count": 14, "top_infraction": "imbecis", "first_year": "2024", "last_year": "2025", "type_breakdown": "{\"imbecis\": 14}", "monthly_breakdown": "{\"2024-03\": 4, \"2024-04\": 5, \"2025-02\": 2, \"2025-12\": 2, \"2024-07\": 1}"}}, {"type": "Feature", "geometry": {"type": "LineString", "coordinates": [[-8.6133113, 41.5373], [-8.6129017, 41.5379603], [-8.6129051, 41.53818519999999]]}, "properties": {"street_name": "Rua José Júlio Vieira Ramos", "municipio": "Barcelos", "count": 1, "top_infraction": "imbecis", "first_year": "2024", "last_year": "2024", "type_breakdown": "{\"imbecis\": 1}", "monthly_breakdown": "{\"2024-04\": 1}"}}, {"type": "Feature", "geometry": {"type": "LineString", "coordinates": [[-8.6118907, 41.536401900000016], [-8.6113415, 41.5366317]]}, "properties": {"street_name": "Rua Elias Garcia", "municipio": "Barcelos", "count": 3, "top_infraction": "imbecis", "first_year": "2024", "last_year": "2024", "type_breakdown": "{\"imbecis\": 3}", "monthly_breakdown": "{\"2024-05\": 3}"}}, {"type": "Feature", "geometry": {"type": "LineString", "coordinates": [[-8.6118907, 41.536401900000016], [-8.6122013, 41.5368407], [-8.6123171, 41.536942], [-8.6129236, 41.5371604]]}, "properties": {"street_name": "Rua Dom Afonso", "municipio": "Barcelos", "count": 2, "top_infraction": "imbecis", "first_year": "2024", "last_year": "2024", "type_breakdown": "{\"imbecis\": 2}", "monthly_breakdown": "{\"2024-03\": 2}"}}, {"type": "Feature", "geometry": {"type": "LineString", "coordinates": [[-8.6211896, 41.5306154], [-8.6212889, 41.5307496], [-8.6217246, 41.5312293], [-8.6221993, 41.5317291], [-8.6223032, 41.531803399999994], [-8.622411400000003, 41.53184689999999], [-8.6224918, 41.5318658]]}, "properties": {"street_name": "Rua Filipa Borges", "municipio": "Barcelos", "count": 1, "top_infraction": "imbecis", "first_year": "2024", "last_year": "2024", "type_breakdown": "{\"imbecis\": 1}", "monthly_breakdown": "{\"2024-04\": 1}"}}, {"type": "Feature", "geometry": {"type": "LineString", "coordinates": [[-8.6172211, 41.53456359999999], [-8.6173616, 41.5348496]]}, "properties": {"street_name": "Avenida Dom Nuno Álvares Pereira", "municipio": "Barcelos", "count": 3, "top_infraction": "imbecis", "first_year": "2024", "last_year": "2024", "type_breakdown": "{\"imbecis\": 3}", "monthly_breakdown": "{\"2024-04\": 1, \"2024-06\": 1, \"2024-08\": 1}"}}, {"type": "Feature", "geometry": {"type": "LineString", "coordinates": [[-8.6172211, 41.53456359999999], [-8.6173316, 41.534535700000006], [-8.618527, 41.53423399999999], [-8.6186472, 41.53454239999999]]}, "properties": {"street_name": "['Travessa de São Bento', 'Rua de São Bento']", "municipio": "Barcelos", "count": 1, "top_infraction": "imbecis", "first_year": "2025", "last_year": "2025", "type_breakdown": "{\"imbecis\": 1}", "monthly_breakdown": "{\"2025-03\": 1}"}}, {"type": "Feature", "geometry": {"type": "LineString", "coordinates": [[-8.6094529, 41.5336134], [-8.6096178, 41.5340926], [-8.6095234, 41.534144], [-8.609386, 41.53420179999999], [-8.6092401, 41.5342918], [-8.6091371, 41.5344396], [-8.6090942, 41.5345552], [-8.6091371, 41.53468370000001], [-8.6092144, 41.5348122], [-8.609326, 41.5349086], [-8.6095234, 41.5349793], [-8.6096843, 41.5350149], [-8.6097426, 41.5350344], [-8.6098324, 41.53509489999998], [-8.6098646, 41.535173]]}, "properties": {"street_name": "Rua de Santa Marta", "municipio": "Barcelos", "count": 12, "top_infraction": "imbecis", "first_year": "2024", "last_year": "2024", "type_breakdown": "{\"imbecis\": 12}", "monthly_breakdown": "{\"2024-05\": 9, \"2024-06\": 3}"}}, {"type": "Feature", "geometry": {"type": "LineString", "coordinates": [[-8.6094123, 41.53616170000001], [-8.6096106, 41.53580639999999], [-8.6096386, 41.53576609999999]]}, "properties": {"street_name": "Rua de Santa Marta", "municipio": "Barcelos", "count": 15, "top_infraction": "imbecis", "first_year": "2024", "last_year": "2025", "type_breakdown": "{\"imbecis\": 15}", "monthly_breakdown": "{\"2024-05\": 2, \"2024-06\": 1, \"2025-12\": 4, \"2024-03\": 3, \"2024-04\": 3, \"2024-09\": 1, \"2024-07\": 1}"}}, {"type": "Feature", "geometry": {"type": "LineString", "coordinates": [[-8.6099704, 41.535516099999995], [-8.6098646, 41.535173]]}, "properties": {"street_name": "Rua de Santa Marta", "municipio": "Barcelos", "count": 3, "top_infraction": "imbecis", "first_year": "2024", "last_year": "2024", "type_breakdown": "{\"imbecis\": 3}", "monthly_breakdown": "{\"2024-04\": 1, \"2024-06\": 2}"}}, {"type": "Feature", "geometry": {"type": "LineString", "coordinates": [[-8.6222538, 41.52874979999999], [-8.6223214, 41.5287129], [-8.6223512, 41.5286834], [-8.6223391, 41.5285597]]}, "properties": {"street_name": null, "municipio": "Barcelos", "count": 2, "top_infraction": "imbecis", "first_year": "2024", "last_year": "2024", "type_breakdown": "{\"imbecis\": 2}", "monthly_breakdown": "{\"2024-03\": 2}"}}, {"type": "Feature", "geometry": {"type": "LineString", "coordinates": [[-8.6182698, 41.536824199999984], [-8.618244, 41.536767299999994], [-8.6179272, 41.536068500000006], [-8.6178165, 41.53582419999999]]}, "properties": {"street_name": "Avenida Dom Nuno Álvares Pereira", "municipio": "Barcelos", "count": 2, "top_infraction": "imbecis", "first_year": "2024", "last_year": "2024", "type_breakdown": "{\"imbecis\": 2}", "monthly_breakdown": "{\"2024-08\": 1, \"2024-06\": 1}"}}, {"type": "Feature", "geometry": {"type": "LineString", "coordinates": [[-8.6182657, 41.5369508], [-8.6182396, 41.53696899999999], [-8.6182206, 41.5369917], [-8.6182101, 41.5370172]]}, "properties": {"street_name": "Avenida Dom Nuno Álvares Pereira", "municipio": "Barcelos", "count": 1, "top_infraction": "imbecis", "first_year": "2025", "last_year": "2025", "type_breakdown": "{\"imbecis\": 1}", "monthly_breakdown": "{\"2025-03\": 1}"}}, {"type": "Feature", "geometry": {"type": "LineString", "coordinates": [[-8.6160045, 41.5393199], [-8.6225823, 41.5390761], [-8.623268300000001, 41.5390533], [-8.6233945, 41.5390655], [-8.6234984, 41.5390944], [-8.623638, 41.539149]]}, "properties": {"street_name": "Circular de Barcelos", "municipio": "Barcelos", "count": 1, "top_infraction": "imbecis", "first_year": "2024", "last_year": "2024", "type_breakdown": "{\"imbecis\": 1}", "monthly_breakdown": "{\"2024-07\": 1}"}}, {"type": "Feature", "geometry": {"type": "LineString", "coordinates": [[-8.6173419, 41.532259800000006], [-8.6169577, 41.532364], [-8.616866600000002, 41.5324379]]}, "properties": {"street_name": null, "municipio": "Barcelos", "count": 2, "top_infraction": "imbecis", "first_year": "2024", "last_year": "2024", "type_breakdown": "{\"imbecis\": 2}", "monthly_breakdown": "{\"2024-06\": 2}"}}, {"type": "Feature", "geometry": {"type": "LineString", "coordinates": [[-8.6188319, 41.5319837], [-8.6187851, 41.53170690000001], [-8.6187599, 41.53166509999999], [-8.6187199, 41.531635399999985], [-8.6186764, 41.53162699999999], [-8.6184718, 41.531617600000004], [-8.618211, 41.531621]]}, "properties": {"street_name": null, "municipio": "Barcelos", "count": 4, "top_infraction": "imbecis", "first_year": "2024", "last_year": "2024", "type_breakdown": "{\"imbecis\": 4}", "monthly_breakdown": "{\"2024-04\": 3, \"2024-06\": 1}"}}, {"type": "Feature", "geometry": {"type": "LineString", "coordinates": [[-8.6192059, 41.5386523], [-8.6190357, 41.5385236]]}, "properties": {"street_name": "Avenida Dom Nuno Álvares Pereira", "municipio": "Barcelos", "count": 1, "top_infraction": "imbecis", "first_year": "2025", "last_year": "2025", "type_breakdown": "{\"imbecis\": 1}", "monthly_breakdown": "{\"2025-11\": 1}"}}, {"type": "Feature", "geometry": {"type": "LineString", "coordinates": [[-8.6173616, 41.5348496], [-8.6176093, 41.535387000000014]]}, "properties": {"street_name": "Avenida Dom Nuno Álvares Pereira", "municipio": "Barcelos", "count": 3, "top_infraction": "imbecis", "first_year": "2024", "last_year": "2024", "type_breakdown": "{\"imbecis\": 3}", "monthly_breakdown": "{\"2024-07\": 1, \"2024-04\": 1, \"2024-05\": 1}"}}, {"type": "Feature", "geometry": {"type": "LineString", "coordinates": [[-8.6173616, 41.5348496], [-8.6172412, 41.534881999999996], [-8.6164235, 41.5351023], [-8.6161995, 41.535189499999994], [-8.6160172, 41.5354063], [-8.6158001, 41.53567329999999], [-8.615767, 41.5357051], [-8.6156362, 41.535748], [-8.6155232, 41.5357844]]}, "properties": {"street_name": "Rua Doutor Francisco Torres", "municipio": "Barcelos", "count": 48, "top_infraction": "imbecis", "first_year": "2024", "last_year": "2025", "type_breakdown": "{\"imbecis\": 48}", "monthly_breakdown": "{\"2024-09\": 1, \"2024-03\": 14, \"2024-06\": 9, \"2024-04\": 8, \"2025-03\": 4, \"2024-10\": 1, \"2024-07\": 1, \"2024-05\": 6, \"2024-08\": 2, \"2024-11\": 1, \"2025-01\": 1}"}}, {"type": "Feature", "geometry": {"type": "LineString", "coordinates": [[-8.6192112, 41.53342920000001], [-8.6192034, 41.533373899999994], [-8.619136, 41.5328692], [-8.6190575, 41.5324047]]}, "properties": {"street_name": "Avenida da Liberdade", "municipio": "Barcelos", "count": 4, "top_infraction": "imbecis", "first_year": "2024", "last_year": "2024", "type_breakdown": "{\"imbecis\": 4}", "monthly_breakdown": "{\"2024-06\": 1, \"2024-11\": 1, \"2024-09\": 1, \"2024-04\": 1}"}}, {"type": "Feature", "geometry": {"type": "LineString", "coordinates": [[-8.6118392, 41.5384893], [-8.6118076, 41.5385342], [-8.6117979, 41.5385844], [-8.6118114, 41.5386341]]}, "properties": {"street_name": null, "municipio": "Barcelos", "count": 1, "top_infraction": "imbecis", "first_year": "2024", "last_year": "2024", "type_breakdown": "{\"imbecis\": 1}", "monthly_breakdown": "{\"2024-04\": 1}"}}, {"type": "Feature", "geometry": {"type": "LineString", "coordinates": [[-8.6164165, 41.53031029999999], [-8.6163256, 41.530401999999995], [-8.616267, 41.5304859], [-8.6161941, 41.5306118], [-8.6161377, 41.53074889999999], [-8.6161155, 41.53090529999999]]}, "properties": {"street_name": "Rua Doutor José António Peixoto Pereiro Machado", "municipio": "Barcelos", "count": 2, "top_infraction": "imbecis", "first_year": "2024", "last_year": "2024", "type_breakdown": "{\"imbecis\": 2}", "monthly_breakdown": "{\"2024-08\": 2}"}}, {"type": "Feature", "geometry": {"type": "LineString", "coordinates": [[-8.6164165, 41.53031029999999], [-8.6165562, 41.53020120000001], [-8.6167074, 41.530128299999994], [-8.6169413, 41.53003759999999]]}, "properties": {"street_name": "Rua Doutor José António Peixoto Pereiro Machado", "municipio": "Barcelos", "count": 3, "top_infraction": "imbecis", "first_year": "2024", "last_year": "2024", "type_breakdown": "{\"imbecis\": 3}", "monthly_breakdown": "{\"2024-08\": 3}"}}, {"type": "Feature", "geometry": {"type": "LineString", "coordinates": [[-8.6161155, 41.53090529999999], [-8.6160781, 41.5312238], [-8.616046200000001, 41.5314873], [-8.6160444, 41.5315778]]}, "properties": {"street_name": "Rua Doutor José António Peixoto Pereiro Machado", "municipio": "Barcelos", "count": 12, "top_infraction": "imbecis", "first_year": "2024", "last_year": "2024", "type_breakdown": "{\"imbecis\": 12}", "monthly_breakdown": "{\"2024-07\": 3, \"2024-03\": 2, \"2024-08\": 6, \"2024-06\": 1}"}}, {"type": "Feature", "geometry": {"type": "LineString", "coordinates": [[-8.6161155, 41.53090529999999], [-8.6162872, 41.53091009999999], [-8.6167764, 41.53092429999999], [-8.6167719, 41.53104039999999]]}, "properties": {"street_name": null, "municipio": "Barcelos", "count": 7, "top_infraction": "imbecis", "first_year": "2024", "last_year": "2024", "type_breakdown": "{\"imbecis\": 7}", "monthly_breakdown": "{\"2024-06\": 3, \"2024-08\": 2, \"2024-04\": 1, \"2024-07\": 1}"}}, {"type": "Feature", "geometry": {"type": "LineString", "coordinates": [[-8.6129496, 41.54089199999999], [-8.6129851, 41.54083909999999], [-8.6130043, 41.5407862], [-8.6130659, 41.54052109999999], [-8.6130967, 41.5400576], [-8.6131341, 41.539936]]}, "properties": {"street_name": "Rua Doutor Aires Duarte", "municipio": "Barcelos", "count": 1, "top_infraction": "imbecis", "first_year": "2025", "last_year": "2025", "type_breakdown": "{\"imbecis\": 1}", "monthly_breakdown": "{\"2025-11\": 1}"}}, {"type": "Feature", "geometry": {"type": "LineString", "coordinates": [[-8.61672, 41.53258640000001], [-8.6166543, 41.5325176]]}, "properties": {"street_name": "Campo da República", "municipio": "Barcelos", "count": 1, "top_infraction": "imbecis", "first_year": "2024", "last_year": "2024", "type_breakdown": "{\"imbecis\": 1}", "monthly_breakdown": "{\"2024-03\": 1}"}}, {"type": "Feature", "geometry": {"type": "LineString", "coordinates": [[-8.6250109, 41.5332966], [-8.6250626, 41.5332112], [-8.6250811, 41.533093], [-8.6250754, 41.5329974], [-8.6250541, 41.53288859999999], [-8.6249375, 41.532553500000006], [-8.6249104, 41.532439], [-8.6248939, 41.532400800000005]]}, "properties": {"street_name": null, "municipio": "Barcelos", "count": 3, "top_infraction": "imbecis", "first_year": "2024", "last_year": "2025", "type_breakdown": "{\"imbecis\": 3}", "monthly_breakdown": "{\"2024-04\": 2, \"2025-02\": 1}"}}, {"type": "Feature", "geometry": {"type": "LineString", "coordinates": [[-8.6141632, 41.54265699999999], [-8.6133216, 41.5424241]]}, "properties": {"street_name": "Avenida Nossa Senhora de Fátima", "municipio": "Barcelos", "count": 2, "top_infraction": "imbecis", "first_year": "2024", "last_year": "2025", "type_breakdown": "{\"imbecis\": 2}", "monthly_breakdown": "{\"2024-06\": 1, \"2025-12\": 1}"}}, {"type": "Feature", "geometry": {"type": "LineString", "coordinates": [[-8.6226098, 41.531886199999995], [-8.6225947, 41.5317506], [-8.6225887, 41.5316792], [-8.6225837, 41.531628999999995], [-8.6226053, 41.53155939999999], [-8.6227217, 41.53136479999999], [-8.6228712, 41.5310944], [-8.6229748, 41.5308849], [-8.623058, 41.5306861], [-8.62309, 41.530557], [-8.6230901, 41.5304633], [-8.6230845, 41.5304386], [-8.6230612, 41.5303369], [-8.622929, 41.5299307], [-8.6229323, 41.529866999999996]]}, "properties": {"street_name": "Rua da Barreta", "municipio": "Barcelos", "count": 5, "top_infraction": "imbecis", "first_year": "2024", "last_year": "2024", "type_breakdown": "{\"imbecis\": 5}", "monthly_breakdown": "{\"2024-06\": 1, \"2024-04\": 4}"}}, {"type": "Feature", "geometry": {"type": "LineString", "coordinates": [[-8.6226098, 41.531886199999995], [-8.6230819, 41.5319983], [-8.6233133, 41.5320526]]}, "properties": {"street_name": "Rua Filipa Borges", "municipio": "Barcelos", "count": 1, "top_infraction": "imbecis", "first_year": "2024", "last_year": "2024", "type_breakdown": "{\"imbecis\": 1}", "monthly_breakdown": "{\"2024-05\": 1}"}}, {"type": "Feature", "geometry": {"type": "LineString", "coordinates": [[-8.621378, 41.5350028], [-8.6214303, 41.5349356], [-8.621628, 41.53459549999999], [-8.6220963, 41.5337864], [-8.6221268, 41.53369940000001], [-8.622143, 41.5335595], [-8.6221387, 41.533503199999984], [-8.6221106, 41.533466399999995]]}, "properties": {"street_name": "['Rua Miguel Bombarda', 'Rua da Madalena']", "municipio": "Barcelos", "count": 48, "top_infraction": "imbecis", "first_year": "2024", "last_year": "2025", "type_breakdown": "{\"imbecis\": 48}", "monthly_breakdown": "{\"2024-12\": 2, \"2024-07\": 4, \"2024-05\": 14, \"2025-01\": 1, \"2024-04\": 13, \"2024-03\": 8, \"2024-08\": 4, \"2024-11\": 2}"}}, {"type": "Feature", "geometry": {"type": "LineString", "coordinates": [[-8.621378, 41.5350028], [-8.6213011, 41.534948400000005], [-8.621274400000003, 41.53492250000001], [-8.621177500000002, 41.5348287], [-8.620819700000002, 41.53453939999999], [-8.6206458, 41.5344514], [-8.6205423, 41.53439459999999], [-8.6204533, 41.5343518], [-8.6204095, 41.5343307], [-8.619592, 41.534500200000004], [-8.6194507, 41.534531199999996]]}, "properties": {"street_name": "['Campo 5 de Outubro', 'Rua Doutor Teotónio da Fonseca', 'Largo do Bonfim']", "municipio": "Barcelos", "count": 217, "top_infraction": "imbecis", "first_year": "2024", "last_year": "2025", "type_breakdown": "{\"imbecis\": 217}", "monthly_breakdown": "{\"2024-08\": 23, \"2025-03\": 4, \"2024-04\": 60, \"2024-07\": 23, \"2025-01\": 8, \"2024-03\": 19, \"2025-02\": 8, \"2024-05\": 30, \"2024-06\": 25, \"2024-10\": 6, \"2024-11\": 8, \"2024-09\": 1, \"2025-08\": 1, \"2025-05\": 1}"}}, {"type": "Feature", "geometry": {"type": "LineString", "coordinates": [[-8.6197853, 41.5385129], [-8.619758400000002, 41.5385454], [-8.6197197, 41.538565799999986], [-8.6194853, 41.538622899999986], [-8.6194389, 41.53863989999999]]}, "properties": {"street_name": "Rua Abade de Pais", "municipio": "Barcelos", "count": 1, "top_infraction": "imbecis", "first_year": "2024", "last_year": "2024", "type_breakdown": "{\"imbecis\": 1}", "monthly_breakdown": "{\"2024-07\": 1}"}}, {"type": "Feature", "geometry": {"type": "LineString", "coordinates": [[-8.6202604, 41.5341497], [-8.6204547, 41.533956399999994], [-8.6206842, 41.533728], [-8.6209054, 41.53349289999999], [-8.6210353, 41.533358899999996]]}, "properties": {"street_name": "Rua Tenente Valadim", "municipio": "Barcelos", "count": 4, "top_infraction": "imbecis", "first_year": "2024", "last_year": "2024", "type_breakdown": "{\"imbecis\": 4}", "monthly_breakdown": "{\"2024-03\": 2, \"2024-06\": 2}"}}, {"type": "Feature", "geometry": {"type": "LineString", "coordinates": [[-8.6203056, 41.53110959999999], [-8.6201781, 41.5310604]]}, "properties": {"street_name": null, "municipio": "Barcelos", "count": 1, "top_infraction": "imbecis", "first_year": "2024", "last_year": "2024", "type_breakdown": "{\"imbecis\": 1}", "monthly_breakdown": "{\"2024-07\": 1}"}}, {"type": "Feature", "geometry": {"type": "LineString", "coordinates": [[-8.6170385, 41.54151439999998], [-8.6170473, 41.54135209999999], [-8.6170177, 41.541219899999994], [-8.6169179, 41.54111410000001]]}, "properties": {"street_name": "Rua Tomé Sousa", "municipio": "Barcelos", "count": 1, "top_infraction": "imbecis", "first_year": "2025", "last_year": "2025", "type_breakdown": "{\"imbecis\": 1}", "monthly_breakdown": "{\"2025-04\": 1}"}}, {"type": "Feature", "geometry": {"type": "LineString", "coordinates": [[-8.6209326, 41.533039699999996], [-8.6210526, 41.53297299999999], [-8.6216593, 41.53263619999999]]}, "properties": {"street_name": "Campo Camilo Castelo Branco", "municipio": "Barcelos", "count": 1, "top_infraction": "imbecis", "first_year": "2024", "last_year": "2024", "type_breakdown": "{\"imbecis\": 1}", "monthly_breakdown": "{\"2024-03\": 1}"}}, {"type": "Feature", "geometry": {"type": "LineString", "coordinates": [[-8.6209326, 41.533039699999996], [-8.6211094, 41.533055099999984], [-8.6212409, 41.5330846]]}, "properties": {"street_name": null, "municipio": "Barcelos", "count": 1, "top_infraction": "imbecis", "first_year": "2025", "last_year": "2025", "type_breakdown": "{\"imbecis\": 1}", "monthly_breakdown": "{\"2025-01\": 1}"}}, {"type": "Feature", "geometry": {"type": "LineString", "coordinates": [[-8.6197535, 41.531038099999996], [-8.6195792, 41.5309895], [-8.6194027, 41.5309399], [-8.6191627, 41.530872499999994], [-8.6189132, 41.5308022]]}, "properties": {"street_name": null, "municipio": "Barcelos", "count": 1, "top_infraction": "imbecis", "first_year": "2024", "last_year": "2024", "type_breakdown": "{\"imbecis\": 1}", "monthly_breakdown": "{\"2024-06\": 1}"}}, {"type": "Feature", "geometry": {"type": "LineString", "coordinates": [[-8.6232321, 41.53433859999999], [-8.6233311, 41.534363199999994], [-8.6237727, 41.53449899999999], [-8.6238332, 41.5345192]]}, "properties": {"street_name": "Travessa de São José", "municipio": "Barcelos", "count": 2, "top_infraction": "imbecis", "first_year": "2024", "last_year": "2024", "type_breakdown": "{\"imbecis\": 2}", "monthly_breakdown": "{\"2024-04\": 2}"}}, {"type": "Feature", "geometry": {"type": "LineString", "coordinates": [[-8.6193089, 41.531435], [-8.6192206, 41.531471499999995], [-8.6189975, 41.5315639], [-8.6189556, 41.5315813]]}, "properties": {"street_name": null, "municipio": "Barcelos", "count": 2, "top_infraction": "imbecis", "first_year": "2024", "last_year": "2024", "type_breakdown": "{\"imbecis\": 2}", "monthly_breakdown": "{\"2024-06\": 1, \"2024-05\": 1}"}}, {"type": "Feature", "geometry": {"type": "LineString", "coordinates": [[-8.6233133, 41.5320526], [-8.623318, 41.532129700000006], [-8.6233235, 41.532220099999996]]}, "properties": {"street_name": "Rua Frei Pedro de Poiares", "municipio": "Barcelos", "count": 1, "top_infraction": "imbecis", "first_year": "2024", "last_year": "2024", "type_breakdown": "{\"imbecis\": 1}", "monthly_breakdown": "{\"2024-03\": 1}"}}, {"type": "Feature", "geometry": {"type": "LineString", "coordinates": [[-8.6246378, 41.532537299999994], [-8.6243545, 41.532469400000004], [-8.6235961, 41.532286899999995], [-8.6233235, 41.532220099999996]]}, "properties": {"street_name": "Praça Antonio Fogaça", "municipio": "Barcelos", "count": 1, "top_infraction": "imbecis", "first_year": "2024", "last_year": "2024", "type_breakdown": "{\"imbecis\": 1}", "monthly_breakdown": "{\"2024-10\": 1}"}}, {"type": "Feature", "geometry": {"type": "LineString", "coordinates": [[-8.6233235, 41.532220099999996], [-8.6232799, 41.53232739999999], [-8.6231418, 41.5326723], [-8.6231438, 41.532722], [-8.6231438, 41.5328867]]}, "properties": {"street_name": "Rua Frei Pedro de Poiares", "municipio": "Barcelos", "count": 13, "top_infraction": "imbecis", "first_year": "2024", "last_year": "2025", "type_breakdown": "{\"imbecis\": 13}", "monthly_breakdown": "{\"2025-04\": 5, \"2024-03\": 1, \"2024-06\": 1, \"2025-03\": 2, \"2024-04\": 1, \"2025-05\": 2, \"2025-06\": 1}"}}, {"type": "Feature", "geometry": {"type": "LineString", "coordinates": [[-8.6201293, 41.5367296], [-8.6201958, 41.5372135], [-8.6202428, 41.5375692]]}, "properties": {"street_name": "Rua Doutor Manuel Pais", "municipio": "Barcelos", "count": 1, "top_infraction": "imbecis", "first_year": "2024", "last_year": "2024", "type_breakdown": "{\"imbecis\": 1}", "monthly_breakdown": "{\"2024-03\": 1}"}}, {"type": "Feature", "geometry": {"type": "LineString", "coordinates": [[-8.6236483, 41.5332677], [-8.6236864, 41.53317679999999], [-8.6243304, 41.5333443], [-8.6247495, 41.5334423], [-8.624814, 41.533457500000004]]}, "properties": {"street_name": "Rua Doutor Matos Graça", "municipio": "Barcelos", "count": 7, "top_infraction": "imbecis", "first_year": "2024", "last_year": "2025", "type_breakdown": "{\"imbecis\": 7}", "monthly_breakdown": "{\"2025-04\": 5, \"2024-12\": 1, \"2024-11\": 1}"}}, {"type": "Feature", "geometry": {"type": "LineString", "coordinates": [[-8.6228108, 41.534220999999995], [-8.622519, 41.53463529999999], [-8.622358100000001, 41.53499669999999], [-8.6222937, 41.535233599999984], [-8.6222937, 41.5353902], [-8.622279, 41.5354605], [-8.6222532, 41.535509000000005], [-8.6221897, 41.5355757]]}, "properties": {"street_name": "Rua Doutor Matos Graça", "municipio": "Barcelos", "count": 2, "top_infraction": "imbecis", "first_year": "2024", "last_year": "2024", "type_breakdown": "{\"imbecis\": 2}", "monthly_breakdown": "{\"2024-05\": 1, \"2024-04\": 1}"}}, {"type": "Feature", "geometry": {"type": "LineString", "coordinates": [[-8.6221897, 41.5355757], [-8.6227459, 41.53570390000001], [-8.6229239, 41.5357513]]}, "properties": {"street_name": "Rua do Benfeito", "municipio": "Barcelos", "count": 4, "top_infraction": "imbecis", "first_year": "2024", "last_year": "2025", "type_breakdown": "{\"imbecis\": 4}", "monthly_breakdown": "{\"2024-03\": 2, \"2025-04\": 1, \"2024-07\": 1}"}}, {"type": "Feature", "geometry": {"type": "LineString", "coordinates": [[-8.617052, 41.54019730000001], [-8.6169106, 41.540242], [-8.6167278, 41.540221599999995], [-8.6165781, 41.5403328], [-8.6165092, 41.540384]]}, "properties": {"street_name": "Rua Bartolomeu Dias", "municipio": "Barcelos", "count": 1, "top_infraction": "imbecis", "first_year": "2025", "last_year": "2025", "type_breakdown": "{\"imbecis\": 1}", "monthly_breakdown": "{\"2025-11\": 1}"}}, {"type": "Feature", "geometry": {"type": "LineString", "coordinates": [[-8.6176377, 41.539801], [-8.6179566, 41.540082000000005], [-8.617968, 41.5400953]]}, "properties": {"street_name": "Rua da Formiga", "municipio": "Barcelos", "count": 1, "top_infraction": "imbecis", "first_year": "2024", "last_year": "2024", "type_breakdown": "{\"imbecis\": 1}", "monthly_breakdown": "{\"2024-04\": 1}"}}, {"type": "Feature", "geometry": {"type": "LineString", "coordinates": [[-8.618211, 41.531621], [-8.61868, 41.5315568], [-8.6187435, 41.53156539999999], [-8.6188106, 41.5315807], [-8.6188669, 41.531616799999995], [-8.618922, 41.5317124], [-8.6189822, 41.5320472], [-8.6190173, 41.5321422], [-8.6190423, 41.53228969999999], [-8.6190575, 41.5324047]]}, "properties": {"street_name": "Avenida da Liberdade", "municipio": "Barcelos", "count": 16, "top_infraction": "imbecis", "first_year": "2024", "last_year": "2025", "type_breakdown": "{\"imbecis\": 16}", "monthly_breakdown": "{\"2024-06\": 4, \"2024-08\": 1, \"2024-07\": 2, \"2024-05\": 4, \"2024-03\": 3, \"2025-01\": 1, \"2025-05\": 1}"}}, {"type": "Feature", "geometry": {"type": "LineString", "coordinates": [[-8.6135359, 41.5322402], [-8.6135638, 41.532283199999995], [-8.6143165, 41.53344440000001]]}, "properties": {"street_name": "Rua Cândido da Cunha", "municipio": "Barcelos", "count": 1, "top_infraction": "imbecis", "first_year": "2024", "last_year": "2024", "type_breakdown": "{\"imbecis\": 1}", "monthly_breakdown": "{\"2024-03\": 1}"}}, {"type": "Feature", "geometry": {"type": "LineString", "coordinates": [[-8.6247726, 41.532423300000005], [-8.6248111, 41.5324755], [-8.624863, 41.53257240000001], [-8.6248994, 41.5326568], [-8.624921, 41.5327149], [-8.6249915, 41.53290399999999], [-8.6250095, 41.533025599999995], [-8.62501, 41.5331411], [-8.6250016, 41.5332063], [-8.6250029, 41.53324889999999], [-8.6250109, 41.5332966]]}, "properties": {"street_name": null, "municipio": "Barcelos", "count": 1, "top_infraction": "imbecis", "first_year": "2025", "last_year": "2025", "type_breakdown": "{\"imbecis\": 1}", "monthly_breakdown": "{\"2025-01\": 1}"}}, {"type": "Feature", "geometry": {"type": "LineString", "coordinates": [[-8.6250125, 41.533521099999994], [-8.6250345, 41.5334766], [-8.6250579, 41.53342019999999], [-8.6250756, 41.53337330000001], [-8.6250812, 41.53333649999998], [-8.6250499, 41.53331049999999], [-8.6250109, 41.5332966]]}, "properties": {"street_name": null, "municipio": "Barcelos", "count": 1, "top_infraction": "imbecis", "first_year": "2024", "last_year": "2024", "type_breakdown": "{\"imbecis\": 1}", "monthly_breakdown": "{\"2024-12\": 1}"}}, {"type": "Feature", "geometry": {"type": "LineString", "coordinates": [[-8.6151923, 41.5348795], [-8.6150042, 41.535033299999995]]}, "properties": {"street_name": "Largo Campo 25 de Abril", "municipio": "Barcelos", "count": 1, "top_infraction": "imbecis", "first_year": "2024", "last_year": "2024", "type_breakdown": "{\"imbecis\": 1}", "monthly_breakdown": "{\"2024-04\": 1}"}}, {"type": "Feature", "geometry": {"type": "LineString", "coordinates": [[-8.6095304, 41.536404499999996], [-8.6094501, 41.53630429999999], [-8.6094298, 41.536260200000015], [-8.6094123, 41.53616170000001]]}, "properties": {"street_name": "Rua de Santa Marta", "municipio": "Barcelos", "count": 8, "top_infraction": "imbecis", "first_year": "2024", "last_year": "2024", "type_breakdown": "{\"imbecis\": 8}", "monthly_breakdown": "{\"2024-04\": 5, \"2024-06\": 2, \"2024-09\": 1}"}}, {"type": "Feature", "geometry": {"type": "LineString", "coordinates": [[-8.6194805, 41.54009479999999], [-8.6194512, 41.53990329999999]]}, "properties": {"street_name": "Avenida Dom Nuno Álvares Pereira", "municipio": "Barcelos", "count": 4, "top_infraction": "imbecis", "first_year": "2024", "last_year": "2024", "type_breakdown": "{\"imbecis\": 4}", "monthly_breakdown": "{\"2024-03\": 4}"}}, {"type": "Feature", "geometry": {"type": "LineString", "coordinates": [[-8.6194805, 41.54009479999999], [-8.6194419, 41.540201999999994], [-8.6194563, 41.5403032], [-8.6195179, 41.5403892]]}, "properties": {"street_name": "Avenida Dom Nuno Álvares Pereira", "municipio": "Barcelos", "count": 1, "top_infraction": "imbecis", "first_year": "2024", "last_year": "2024", "type_breakdown": "{\"imbecis\": 1}", "monthly_breakdown": "{\"2024-03\": 1}"}}, {"type": "Feature", "geometry": {"type": "LineString", "coordinates": [[-8.6437244, 41.52854370000001], [-8.643716, 41.528473399999996], [-8.6440735, 41.52749260000001]]}, "properties": {"street_name": "Rua da Seara", "municipio": "Barcelos", "count": 2, "top_infraction": "imbecis", "first_year": "2024", "last_year": "2024", "type_breakdown": "{\"imbecis\": 2}", "monthly_breakdown": "{\"2024-06\": 1, \"2024-04\": 1}"}}, {"type": "Feature", "geometry": {"type": "LineString", "coordinates": [[-8.6184298, 41.533642199999996], [-8.6192749, 41.53355539999999]]}, "properties": {"street_name": "Avenida dos Combatentes da Grande Guerra", "municipio": "Barcelos", "count": 2, "top_infraction": "imbecis", "first_year": "2024", "last_year": "2025", "type_breakdown": "{\"imbecis\": 2}", "monthly_breakdown": "{\"2024-06\": 1, \"2025-02\": 1}"}}, {"type": "Feature", "geometry": {"type": "LineString", "coordinates": [[-8.6164001, 41.5341578], [-8.6169709, 41.5340162]]}, "properties": {"street_name": "Avenida dos Combatentes da Grande Guerra", "municipio": "Barcelos", "count": 5, "top_infraction": "imbecis", "first_year": "2024", "last_year": "2024", "type_breakdown": "{\"imbecis\": 5}", "monthly_breakdown": "{\"2024-06\": 1, \"2024-04\": 4}"}}, {"type": "Feature", "geometry": {"type": "LineString", "coordinates": [[-8.6273973, 41.532599399999995], [-8.6275242, 41.532849799999994], [-8.6276199, 41.5329878], [-8.6278677, 41.5332485], [-8.628044, 41.53336759999999]]}, "properties": {"street_name": "Rua do Queimado", "municipio": "Barcelos", "count": 1, "top_infraction": "imbecis", "first_year": "2026", "last_year": "2026", "type_breakdown": "{\"imbecis\": 1}", "monthly_breakdown": "{\"2026-04\": 1}"}}, {"type": "Feature", "geometry": {"type": "LineString", "coordinates": [[-8.6513722, 41.576399099999996], [-8.6515116, 41.57611409999999], [-8.651558200000002, 41.5759352], [-8.651559, 41.57523559999999]]}, "properties": {"street_name": null, "municipio": "Barcelos", "count": 1, "top_infraction": "imbecis", "first_year": "2025", "last_year": "2025", "type_breakdown": "{\"imbecis\": 1}", "monthly_breakdown": "{\"2025-05\": 1}"}}, {"type": "Feature", "geometry": {"type": "LineString", "coordinates": [[-8.6118114, 41.5386341], [-8.6116653, 41.538678499999996], [-8.611234600000001, 41.53880949999999]]}, "properties": {"street_name": null, "municipio": "Barcelos", "count": 3, "top_infraction": "imbecis", "first_year": "2024", "last_year": "2024", "type_breakdown": "{\"imbecis\": 3}", "monthly_breakdown": "{\"2024-04\": 1, \"2024-03\": 1, \"2024-05\": 1}"}}, {"type": "Feature", "geometry": {"type": "LineString", "coordinates": [[-8.6259136, 41.55159849999999], [-8.6258799, 41.55165689999999], [-8.6257923, 41.55180889999999], [-8.6256845, 41.5520553], [-8.6253959, 41.552691599999996], [-8.625206, 41.55310589999999], [-8.625097800000002, 41.553345699999994]]}, "properties": {"street_name": "Rua da Estrada", "municipio": "Barcelos", "count": 1, "top_infraction": "imbecis", "first_year": "2024", "last_year": "2024", "type_breakdown": "{\"imbecis\": 1}", "monthly_breakdown": "{\"2024-06\": 1}"}}, {"type": "Feature", "geometry": {"type": "LineString", "coordinates": [[-8.6194507, 41.534531199999996], [-8.6194592, 41.53458729999999], [-8.6194676, 41.5346085], [-8.6196597, 41.53509329999999], [-8.6199335, 41.535665800000004], [-8.6200093, 41.5359033], [-8.6200942, 41.53647469999999], [-8.6201293, 41.5367296]]}, "properties": {"street_name": "Rua Doutor Manuel Pais", "municipio": "Barcelos", "count": 6, "top_infraction": "imbecis", "first_year": "2024", "last_year": "2024", "type_breakdown": "{\"imbecis\": 6}", "monthly_breakdown": "{\"2024-06\": 2, \"2024-05\": 1, \"2024-04\": 1, \"2024-11\": 1, \"2024-08\": 1}"}}, {"type": "Feature", "geometry": {"type": "LineString", "coordinates": [[-8.6194507, 41.534531199999996], [-8.6193619, 41.53457699999999], [-8.6192776, 41.5346161], [-8.6191237, 41.5346933], [-8.6187998, 41.534896999999994], [-8.6186916, 41.53499759999999], [-8.6181285, 41.5354561]]}, "properties": {"street_name": "Rua Irmã São Romão", "municipio": "Barcelos", "count": 27, "top_infraction": "imbecis", "first_year": "2024", "last_year": "2025", "type_breakdown": "{\"imbecis\": 27}", "monthly_breakdown": "{\"2024-06\": 5, \"2024-10\": 1, \"2024-04\": 8, \"2024-08\": 3, \"2025-01\": 1, \"2024-03\": 5, \"2024-05\": 2, \"2024-07\": 2}"}}, {"type": "Feature", "geometry": {"type": "LineString", "coordinates": [[-8.6212409, 41.5330846], [-8.6215851, 41.5331473], [-8.6218337, 41.53318819999999], [-8.6218954, 41.533179099999984], [-8.62194, 41.5331554], [-8.6220024, 41.53308849999999], [-8.6220987, 41.532966499999986]]}, "properties": {"street_name": null, "municipio": "Barcelos", "count": 52, "top_infraction": "imbecis", "first_year": "2024", "last_year": "2025", "type_breakdown": "{\"imbecis\": 52}", "monthly_breakdown": "{\"2024-10\": 3, \"2024-05\": 9, \"2024-11\": 2, \"2024-07\": 2, \"2025-01\": 3, \"2024-04\": 17, \"2024-09\": 3, \"2024-06\": 7, \"2024-03\": 6}"}}, {"type": "Feature", "geometry": {"type": "LineString", "coordinates": [[-8.6212409, 41.5330846], [-8.6220274, 41.5334598], [-8.6221106, 41.533466399999995]]}, "properties": {"street_name": "Campo Camilo Castelo Branco", "municipio": "Barcelos", "count": 21, "top_infraction": "imbecis", "first_year": "2024", "last_year": "2025", "type_breakdown": "{\"imbecis\": 21}", "monthly_breakdown": "{\"2024-07\": 1, \"2025-01\": 4, \"2024-08\": 1, \"2025-02\": 2, \"2024-12\": 3, \"2024-04\": 7, \"2024-06\": 1, \"2024-03\": 2}"}}, {"type": "Feature", "geometry": {"type": "LineString", "coordinates": [[-8.6194512, 41.53990329999999], [-8.6193615, 41.53942819999999], [-8.6193546, 41.53939], [-8.6192084, 41.538947900000004]]}, "properties": {"street_name": "Avenida Dom Nuno Álvares Pereira", "municipio": "Barcelos", "count": 2, "top_infraction": "imbecis", "first_year": "2024", "last_year": "2025", "type_breakdown": "{\"imbecis\": 2}", "monthly_breakdown": "{\"2024-06\": 1, \"2025-05\": 1}"}}, {"type": "Feature", "geometry": {"type": "LineString", "coordinates": [[-8.6183474, 41.5398513], [-8.6182655, 41.5397781], [-8.6181466, 41.5396694], [-8.618034, 41.5395706]]}, "properties": {"street_name": null, "municipio": "Barcelos", "count": 1, "top_infraction": "imbecis", "first_year": "2024", "last_year": "2024", "type_breakdown": "{\"imbecis\": 1}", "monthly_breakdown": "{\"2024-07\": 1}"}}, {"type": "Feature", "geometry": {"type": "LineString", "coordinates": [[-8.6181285, 41.5354561], [-8.6182003, 41.5355203], [-8.6182756, 41.535581900000004], [-8.6183599, 41.5357275]]}, "properties": {"street_name": "Rua Irmã São Romão", "municipio": "Barcelos", "count": 1, "top_infraction": "imbecis", "first_year": "2025", "last_year": "2025", "type_breakdown": "{\"imbecis\": 1}", "monthly_breakdown": "{\"2025-12\": 1}"}}, {"type": "Feature", "geometry": {"type": "LineString", "coordinates": [[-8.6220987, 41.532966499999986], [-8.6221214, 41.53287189999999], [-8.6222623, 41.532660299999996], [-8.6224237, 41.5319828], [-8.6224918, 41.5318658]]}, "properties": {"street_name": "Rua da Madalena", "municipio": "Barcelos", "count": 4, "top_infraction": "imbecis", "first_year": "2024", "last_year": "2024", "type_breakdown": "{\"imbecis\": 4}", "monthly_breakdown": "{\"2024-03\": 3, \"2024-05\": 1}"}}, {"type": "Feature", "geometry": {"type": "LineString", "coordinates": [[-8.6094726, 41.536586], [-8.609502, 41.536745599999996], [-8.6096693, 41.53708660000001], [-8.6098409, 41.5371508], [-8.6100903, 41.5371529], [-8.6103325, 41.537053799999995], [-8.6113415, 41.5366317]]}, "properties": {"street_name": "Rua Elias Garcia", "municipio": "Barcelos", "count": 7, "top_infraction": "imbecis", "first_year": "2024", "last_year": "2025", "type_breakdown": "{\"imbecis\": 7}", "monthly_breakdown": "{\"2024-03\": 1, \"2025-05\": 1, \"2024-06\": 2, \"2024-05\": 3}"}}, {"type": "Feature", "geometry": {"type": "LineString", "coordinates": [[-8.6178374, 41.5356247], [-8.6179812, 41.5355419]]}, "properties": {"street_name": "Rua Irmã São Romão", "municipio": "Barcelos", "count": 1, "top_infraction": "imbecis", "first_year": "2025", "last_year": "2025", "type_breakdown": "{\"imbecis\": 1}", "monthly_breakdown": "{\"2025-01\": 1}"}}, {"type": "Feature", "geometry": {"type": "LineString", "coordinates": [[-8.6113415, 41.5366317], [-8.6117227, 41.537158099999985]]}, "properties": {"street_name": "Rua Elias Garcia", "municipio": "Barcelos", "count": 1, "top_infraction": "imbecis", "first_year": "2024", "last_year": "2024", "type_breakdown": "{\"imbecis\": 1}", "monthly_breakdown": "{\"2024-04\": 1}"}}, {"type": "Feature", "geometry": {"type": "LineString", "coordinates": [[-8.6420657, 41.5297333], [-8.6421196, 41.52976520000001], [-8.6422872, 41.5298036], [-8.6426643, 41.52965389999999], [-8.6427949, 41.5296068], [-8.6428358, 41.529559500000005]]}, "properties": {"street_name": null, "municipio": "Barcelos", "count": 2, "top_infraction": "imbecis", "first_year": "2025", "last_year": "2025", "type_breakdown": "{\"imbecis\": 2}", "monthly_breakdown": "{\"2025-02\": 2}"}}, {"type": "Feature", "geometry": {"type": "LineString", "coordinates": [[-8.6419766, 41.5296011], [-8.6420657, 41.5297333]]}, "properties": {"street_name": null, "municipio": "Barcelos", "count": 1, "top_infraction": "imbecis", "first_year": "2025", "last_year": "2025", "type_breakdown": "{\"imbecis\": 1}", "monthly_breakdown": "{\"2025-02\": 1}"}}, {"type": "Feature", "geometry": {"type": "LineString", "coordinates": [[-8.6328278, 41.579002200000005], [-8.6328437, 41.579158199999995], [-8.6329582, 41.57944139999999], [-8.6337314, 41.580613099999994]]}, "properties": {"street_name": "Rua João de Carapeços", "municipio": "Barcelos", "count": 1, "top_infraction": "imbecis", "first_year": "2024", "last_year": "2024", "type_breakdown": "{\"imbecis\": 1}", "monthly_breakdown": "{\"2024-03\": 1}"}}, {"type": "Feature", "geometry": {"type": "LineString", "coordinates": [[-8.6256126, 41.53252009999999], [-8.6258376, 41.53245319999999], [-8.6261997, 41.53234319999999], [-8.6261295, 41.53221809999999]]}, "properties": {"street_name": null, "municipio": "Barcelos", "count": 1, "top_infraction": "imbecis", "first_year": "2024", "last_year": "2024", "type_breakdown": "{\"imbecis\": 1}", "monthly_breakdown": "{\"2024-11\": 1}"}}, {"type": "Feature", "geometry": {"type": "LineString", "coordinates": [[-8.6096386, 41.53576609999999], [-8.6097071, 41.5357432], [-8.609772200000002, 41.5357077]]}, "properties": {"street_name": "Rua de Santa Marta", "municipio": "Barcelos", "count": 4, "top_infraction": "imbecis", "first_year": "2025", "last_year": "2025", "type_breakdown": "{\"imbecis\": 4}", "monthly_breakdown": "{\"2025-02\": 1, \"2025-12\": 3}"}}, {"type": "Feature", "geometry": {"type": "LineString", "coordinates": [[-8.6101292, 41.5356381], [-8.6101352, 41.5356065], [-8.6101272, 41.5355752], [-8.6101061, 41.5355474]]}, "properties": {"street_name": null, "municipio": "Barcelos", "count": 3, "top_infraction": "imbecis", "first_year": "2024", "last_year": "2024", "type_breakdown": "{\"imbecis\": 3}", "monthly_breakdown": "{\"2024-04\": 2, \"2024-05\": 1}"}}, {"type": "Feature", "geometry": {"type": "LineString", "coordinates": [[-8.6101292, 41.5356381], [-8.6102184, 41.53560100000001], [-8.6102871, 41.53556580000001]]}, "properties": {"street_name": "Rua Dom Afonso", "municipio": "Barcelos", "count": 8, "top_infraction": "imbecis", "first_year": "2024", "last_year": "2025", "type_breakdown": "{\"imbecis\": 8}", "monthly_breakdown": "{\"2024-05\": 3, \"2024-09\": 1, \"2024-06\": 2, \"2025-12\": 1, \"2024-07\": 1}"}}, {"type": "Feature", "geometry": {"type": "LineString", "coordinates": [[-8.609772200000002, 41.5357077], [-8.6098607, 41.535696400000006], [-8.609934000000003, 41.53568949999999]]}, "properties": {"street_name": "Rua de Santa Marta", "municipio": "Barcelos", "count": 7, "top_infraction": "imbecis", "first_year": "2024", "last_year": "2025", "type_breakdown": "{\"imbecis\": 7}", "monthly_breakdown": "{\"2024-05\": 2, \"2024-04\": 2, \"2024-09\": 1, \"2025-12\": 1, \"2024-07\": 1}"}}, {"type": "Feature", "geometry": {"type": "LineString", "coordinates": [[-8.6101823, 41.5359093], [-8.6101228, 41.53580199999998], [-8.6100633, 41.535694699999986]]}, "properties": {"street_name": "Rua de Santa Marta", "municipio": "Barcelos", "count": 7, "top_infraction": "imbecis", "first_year": "2024", "last_year": "2025", "type_breakdown": "{\"imbecis\": 7}", "monthly_breakdown": "{\"2025-02\": 3, \"2025-12\": 1, \"2024-04\": 2, \"2024-03\": 1}"}}, {"type": "Feature", "geometry": {"type": "LineString", "coordinates": [[-8.6100633, 41.535694699999986], [-8.6100795, 41.535689], [-8.61011, 41.53566659999999], [-8.6101292, 41.5356381]]}, "properties": {"street_name": null, "municipio": "Barcelos", "count": 3, "top_infraction": "imbecis", "first_year": "2024", "last_year": "2024", "type_breakdown": "{\"imbecis\": 3}", "monthly_breakdown": "{\"2024-07\": 1, \"2024-09\": 1, \"2024-04\": 1}"}}, {"type": "Feature", "geometry": {"type": "LineString", "coordinates": [[-8.6098646, 41.535173], [-8.6096347, 41.5357221], [-8.6096386, 41.53576609999999]]}, "properties": {"street_name": "Rua de Santa Marta", "municipio": "Barcelos", "count": 6, "top_infraction": "imbecis", "first_year": "2024", "last_year": "2024", "type_breakdown": "{\"imbecis\": 6}", "monthly_breakdown": "{\"2024-06\": 1, \"2024-05\": 4, \"2024-04\": 1}"}}, {"type": "Feature", "geometry": {"type": "LineString", "coordinates": [[-8.610919600000003, 41.53754279999999], [-8.6113942, 41.5373635]]}, "properties": {"street_name": null, "municipio": "Barcelos", "count": 4, "top_infraction": "imbecis", "first_year": "2024", "last_year": "2025", "type_breakdown": "{\"imbecis\": 4}", "monthly_breakdown": "{\"2024-07\": 2, \"2025-01\": 1, \"2024-04\": 1}"}}, {"type": "Feature", "geometry": {"type": "LineString", "coordinates": [[-8.610919600000003, 41.53754279999999], [-8.6108178, 41.537473199999994], [-8.6097016, 41.5366208], [-8.6096478, 41.53656670000001], [-8.6096039, 41.53652259999999]]}, "properties": {"street_name": "Rua de Olivença", "municipio": "Barcelos", "count": 53, "top_infraction": "imbecis", "first_year": "2024", "last_year": "2025", "type_breakdown": "{\"imbecis\": 53}", "monthly_breakdown": "{\"2024-05\": 3, \"2024-04\": 14, \"2024-03\": 19, \"2024-06\": 6, \"2024-07\": 2, \"2025-06\": 2, \"2024-09\": 2, \"2025-05\": 2, \"2025-04\": 1, \"2025-12\": 1, \"2025-02\": 1}"}}, {"type": "Feature", "geometry": {"type": "LineString", "coordinates": [[-8.6600332, 41.5640155], [-8.6601441, 41.564126500000015], [-8.6608498, 41.563764400000004], [-8.6608828, 41.5637364]]}, "properties": {"street_name": null, "municipio": "Barcelos", "count": 1, "top_infraction": "imbecis", "first_year": "2024", "last_year": "2024", "type_breakdown": "{\"imbecis\": 1}", "monthly_breakdown": "{\"2024-12\": 1}"}}, {"type": "Feature", "geometry": {"type": "LineString", "coordinates": [[-8.6277734, 41.52246000000001], [-8.6276954, 41.52256989999999]]}, "properties": {"street_name": null, "municipio": "Barcelos", "count": 1, "top_infraction": "imbecis", "first_year": "2024", "last_year": "2024", "type_breakdown": "{\"imbecis\": 1}", "monthly_breakdown": "{\"2024-04\": 1}"}}, {"type": "Feature", "geometry": {"type": "LineString", "coordinates": [[-8.6177299, 41.535500899999995], [-8.6176093, 41.535387000000014]]}, "properties": {"street_name": "Avenida Dom Nuno Álvares Pereira", "municipio": "Barcelos", "count": 1, "top_infraction": "imbecis", "first_year": "2024", "last_year": "2024", "type_breakdown": "{\"imbecis\": 1}", "monthly_breakdown": "{\"2024-06\": 1}"}}, {"type": "Feature", "geometry": {"type": "LineString", "coordinates": [[-8.6112038, 41.53528569999999], [-8.6111871, 41.535284399999995], [-8.6111549, 41.535281], [-8.6111114, 41.53529649999999], [-8.6102871, 41.53556580000001]]}, "properties": {"street_name": "Rua Dom Afonso", "municipio": "Barcelos", "count": 33, "top_infraction": "imbecis", "first_year": "2024", "last_year": "2025", "type_breakdown": "{\"imbecis\": 33}", "monthly_breakdown": "{\"2025-02\": 4, \"2024-09\": 2, \"2025-12\": 3, \"2024-05\": 7, \"2024-04\": 5, \"2024-03\": 9, \"2024-07\": 2, \"2024-06\": 1}"}}, {"type": "Feature", "geometry": {"type": "LineString", "coordinates": [[-8.6120823, 41.535031], [-8.6120541, 41.5350541], [-8.6120045, 41.5350782], [-8.6114989, 41.535278]]}, "properties": {"street_name": null, "municipio": "Barcelos", "count": 2, "top_infraction": "imbecis", "first_year": "2024", "last_year": "2024", "type_breakdown": "{\"imbecis\": 2}", "monthly_breakdown": "{\"2024-05\": 2}"}}, {"type": "Feature", "geometry": {"type": "LineString", "coordinates": [[-8.6253884, 41.53352], [-8.6254681, 41.53353359999999], [-8.6255182, 41.53355], [-8.6255709, 41.53358269999999], [-8.6258666, 41.5338377], [-8.6259038, 41.53385120000001], [-8.6259463, 41.5338541], [-8.6259835, 41.5338435], [-8.6260131, 41.53381840000001], [-8.6260247, 41.53378], [-8.6260131, 41.5337472], [-8.6257701, 41.53353169999999], [-8.6257354, 41.53351630000001], [-8.6256969, 41.533509599999995], [-8.6253884, 41.53352]]}, "properties": {"street_name": null, "municipio": "Barcelos", "count": 4, "top_infraction": "imbecis", "first_year": "2024", "last_year": "2024", "type_breakdown": "{\"imbecis\": 4}", "monthly_breakdown": "{\"2024-05\": 4}"}}, {"type": "Feature", "geometry": {"type": "LineString", "coordinates": [[-8.6221106, 41.533466399999995], [-8.6221009, 41.5332388], [-8.6220987, 41.532966499999986]]}, "properties": {"street_name": "Rua da Madalena", "municipio": "Barcelos", "count": 16, "top_infraction": "imbecis", "first_year": "2024", "last_year": "2025", "type_breakdown": "{\"imbecis\": 16}", "monthly_breakdown": "{\"2024-08\": 3, \"2025-02\": 2, \"2024-03\": 4, \"2024-10\": 1, \"2024-11\": 2, \"2024-04\": 4}"}}, {"type": "Feature", "geometry": {"type": "LineString", "coordinates": [[-8.6155232, 41.5357844], [-8.6154439, 41.5355777], [-8.6152599, 41.5350507]]}, "properties": {"street_name": "Largo Campo 25 de Abril", "municipio": "Barcelos", "count": 5, "top_infraction": "imbecis", "first_year": "2024", "last_year": "2024", "type_breakdown": "{\"imbecis\": 5}", "monthly_breakdown": "{\"2024-06\": 2, \"2024-03\": 1, \"2024-04\": 2}"}}, {"type": "Feature", "geometry": {"type": "LineString", "coordinates": [[-8.6260944, 41.532148199999995], [-8.6260799, 41.5321197]]}, "properties": {"street_name": null, "municipio": "Barcelos", "count": 1, "top_infraction": "imbecis", "first_year": "2025", "last_year": "2025", "type_breakdown": "{\"imbecis\": 1}", "monthly_breakdown": "{\"2025-04\": 1}"}}, {"type": "Feature", "geometry": {"type": "LineString", "coordinates": [[-8.609934000000003, 41.53568949999999], [-8.6099549, 41.53569920000001], [-8.6099972, 41.5357064], [-8.6100403, 41.5357029], [-8.6100633, 41.535694699999986]]}, "properties": {"street_name": null, "municipio": "Barcelos", "count": 3, "top_infraction": "imbecis", "first_year": "2024", "last_year": "2024", "type_breakdown": "{\"imbecis\": 3}", "monthly_breakdown": "{\"2024-03\": 3}"}}, {"type": "Feature", "geometry": {"type": "LineString", "coordinates": [[-8.6102871, 41.53556580000001], [-8.6101947, 41.5355628], [-8.6101061, 41.5355474]]}, "properties": {"street_name": "Rua Dom Afonso", "municipio": "Barcelos", "count": 3, "top_infraction": "imbecis", "first_year": "2024", "last_year": "2024", "type_breakdown": "{\"imbecis\": 3}", "monthly_breakdown": "{\"2024-04\": 3}"}}, {"type": "Feature", "geometry": {"type": "LineString", "coordinates": [[-8.617820100000001, 41.5355469], [-8.6177969, 41.535525899999996], [-8.6177658, 41.5355099], [-8.6177299, 41.535500899999995]]}, "properties": {"street_name": "Avenida Dom Nuno Álvares Pereira", "municipio": "Barcelos", "count": 1, "top_infraction": "imbecis", "first_year": "2024", "last_year": "2024", "type_breakdown": "{\"imbecis\": 1}", "monthly_breakdown": "{\"2024-08\": 1}"}}, {"type": "Feature", "geometry": {"type": "LineString", "coordinates": [[-8.6152599, 41.5350507], [-8.6152325, 41.53493909999999], [-8.6151923, 41.5348795]]}, "properties": {"street_name": "Largo Campo 25 de Abril", "municipio": "Barcelos", "count": 1, "top_infraction": "imbecis", "first_year": "2024", "last_year": "2024", "type_breakdown": "{\"imbecis\": 1}", "monthly_breakdown": "{\"2024-05\": 1}"}}, {"type": "Feature", "geometry": {"type": "LineString", "coordinates": [[-8.6165092, 41.540384], [-8.6165922, 41.540444499999985], [-8.616734, 41.54054789999999]]}, "properties": {"street_name": null, "municipio": "Barcelos", "count": 4, "top_infraction": "imbecis", "first_year": "2025", "last_year": "2025", "type_breakdown": "{\"imbecis\": 4}", "monthly_breakdown": "{\"2025-01\": 2, \"2025-02\": 1, \"2025-11\": 1}"}}, {"type": "Feature", "geometry": {"type": "LineString", "coordinates": [[-8.5717928, 41.519840499999994], [-8.5717671, 41.51977310000001], [-8.5715879, 41.5197892], [-8.5716712, 41.52052729999999], [-8.571679, 41.5205961]]}, "properties": {"street_name": null, "municipio": "Barcelos", "count": 1, "top_infraction": "imbecis", "first_year": "2025", "last_year": "2025", "type_breakdown": "{\"imbecis\": 1}", "monthly_breakdown": "{\"2025-12\": 1}"}}, {"type": "Feature", "geometry": {"type": "LineString", "coordinates": [[-8.4130525, 41.5456182], [-8.4131381, 41.545554599999996], [-8.4133389, 41.54543859999999], [-8.4136887, 41.545221]]}, "properties": {"street_name": "Rua dos Barbosas", "municipio": "Braga", "count": 1, "top_infraction": "imbecis", "first_year": "2025", "last_year": "2025", "type_breakdown": "{\"imbecis\": 1}", "monthly_breakdown": "{\"2025-05\": 1}"}}, {"type": "Feature", "geometry": {"type": "LineString", "coordinates": [[-8.4122532, 41.5527658], [-8.4121257, 41.552813099999995], [-8.4119223, 41.5528915], [-8.4117133, 41.55296549999999], [-8.4114339, 41.55309619999999], [-8.4110337, 41.553321000000004], [-8.410767, 41.553477799999996], [-8.4103794, 41.55370580000001], [-8.4096818, 41.5541226], [-8.4095967, 41.5541738]]}, "properties": {"street_name": "Rua Dom Pedro V", "municipio": "Braga", "count": 1, "top_infraction": "imbecis", "first_year": "2025", "last_year": "2025", "type_breakdown": "{\"imbecis\": 1}", "monthly_breakdown": "{\"2025-04\": 1}"}}, {"type": "Feature", "geometry": {"type": "LineString", "coordinates": [[-8.4127044, 41.551611599999994], [-8.4127976, 41.551573499999996], [-8.4132056, 41.55140669999999]]}, "properties": {"street_name": "Rua Beato Miguel de Carvalho", "municipio": "Braga", "count": 1, "top_infraction": "imbecis", "first_year": "2024", "last_year": "2024", "type_breakdown": "{\"imbecis\": 1}", "monthly_breakdown": "{\"2024-12\": 1}"}}, {"type": "Feature", "geometry": {"type": "LineString", "coordinates": [[-8.4162222, 41.5501343], [-8.4166514, 41.55073829999999], [-8.4168633, 41.55103650000001]]}, "properties": {"street_name": "Avenida 31 de Janeiro", "municipio": "Braga", "count": 2, "top_infraction": "imbecis", "first_year": "2025", "last_year": "2025", "type_breakdown": "{\"imbecis\": 2}", "monthly_breakdown": "{\"2025-05\": 1, \"2025-04\": 1}"}}, {"type": "Feature", "geometry": {"type": "LineString", "coordinates": [[-8.4241173, 41.549637], [-8.4241614, 41.5495636], [-8.424436, 41.5491809], [-8.424626700000001, 41.5489539], [-8.424882, 41.5487085], [-8.425159299999999, 41.54846070000001], [-8.4253295, 41.5483511], [-8.4253477, 41.54831080000001]]}, "properties": {"street_name": "Rua do Anjo", "municipio": "Braga", "count": 1, "top_infraction": "imbecis", "first_year": "2025", "last_year": "2025", "type_breakdown": "{\"imbecis\": 1}", "monthly_breakdown": "{\"2025-03\": 1}"}}, {"type": "Feature", "geometry": {"type": "LineString", "coordinates": [[-8.4276208, 41.552118199999995], [-8.4275602, 41.55205050000001], [-8.4274345, 41.551570600000005]]}, "properties": {"street_name": "Rua de Santo António", "municipio": "Braga", "count": 1, "top_infraction": "imbecis", "first_year": "2026", "last_year": "2026", "type_breakdown": "{\"imbecis\": 1}", "monthly_breakdown": "{\"2026-02\": 1}"}}, {"type": "Feature", "geometry": {"type": "LineString", "coordinates": [[-8.4273216, 41.551398799999994], [-8.4262783, 41.55156029999999], [-8.4255514, 41.551674999999996]]}, "properties": {"street_name": "Rua Eça de Queirós", "municipio": "Braga", "count": 1, "top_infraction": "imbecis", "first_year": "2026", "last_year": "2026", "type_breakdown": "{\"imbecis\": 1}", "monthly_breakdown": "{\"2026-02\": 1}"}}, {"type": "Feature", "geometry": {"type": "LineString", "coordinates": [[-8.4309709, 41.55007249999999], [-8.4299449, 41.550176599999986], [-8.4297243, 41.55020590000001]]}, "properties": {"street_name": "Rua Andrade Corvo", "municipio": "Braga", "count": 1, "top_infraction": "imbecis", "first_year": "2026", "last_year": "2026", "type_breakdown": "{\"imbecis\": 1}", "monthly_breakdown": "{\"2026-02\": 1}"}}, {"type": "Feature", "geometry": {"type": "LineString", "coordinates": [[-8.4309709, 41.55007249999999], [-8.431602, 41.55000819999999], [-8.4316643, 41.5500021]]}, "properties": {"street_name": "Rua Andrade Corvo", "municipio": "Braga", "count": 1, "top_infraction": "imbecis", "first_year": "2025", "last_year": "2025", "type_breakdown": "{\"imbecis\": 1}", "monthly_breakdown": "{\"2025-10\": 1}"}}, {"type": "Feature", "geometry": {"type": "LineString", "coordinates": [[-8.4206632, 41.5531377], [-8.420661, 41.553099499999995], [-8.420614, 41.5523793], [-8.4205915, 41.552110400000004], [-8.4205565, 41.5518697], [-8.4205498, 41.55181019999999]]}, "properties": {"street_name": "Rua de São Gonçalo", "municipio": "Braga", "count": 5, "top_infraction": "imbecis", "first_year": "2025", "last_year": "2025", "type_breakdown": "{\"imbecis\": 5}", "monthly_breakdown": "{\"2025-05\": 4, \"2025-02\": 1}"}}, {"type": "Feature", "geometry": {"type": "LineString", "coordinates": [[-8.4201467, 41.5535093], [-8.4202222, 41.5535603], [-8.4206764, 41.5539199]]}, "properties": {"street_name": "Praça Mouzinho de Albuquerque", "municipio": "Braga", "count": 2, "top_infraction": "imbecis", "first_year": "2025", "last_year": "2025", "type_breakdown": "{\"imbecis\": 2}", "monthly_breakdown": "{\"2025-05\": 1, \"2025-02\": 1}"}}, {"type": "Feature", "geometry": {"type": "LineString", "coordinates": [[-8.418313, 41.5489113], [-8.4182377, 41.5489812], [-8.4181977, 41.5490171], [-8.4178319, 41.549403799999986]]}, "properties": {"street_name": "Rua 25 de Abril", "municipio": "Braga", "count": 1, "top_infraction": "imbecis", "first_year": "2025", "last_year": "2025", "type_breakdown": "{\"imbecis\": 1}", "monthly_breakdown": "{\"2025-03\": 1}"}}, {"type": "Feature", "geometry": {"type": "LineString", "coordinates": [[-8.4119133, 41.5559268], [-8.411096, 41.55530709999999], [-8.4110642, 41.5552832]]}, "properties": {"street_name": "Rua do Taxa", "municipio": "Braga", "count": 1, "top_infraction": "imbecis", "first_year": "2024", "last_year": "2024", "type_breakdown": "{\"imbecis\": 1}", "monthly_breakdown": "{\"2024-06\": 1}"}}, {"type": "Feature", "geometry": {"type": "LineString", "coordinates": [[-8.4220253, 41.55361609999999], [-8.4212583, 41.5535715], [-8.421203300000002, 41.55357020000001]]}, "properties": {"street_name": "Rua Santo André", "municipio": "Braga", "count": 1, "top_infraction": "imbecis", "first_year": "2024", "last_year": "2024", "type_breakdown": "{\"imbecis\": 1}", "monthly_breakdown": "{\"2024-11\": 1}"}}, {"type": "Feature", "geometry": {"type": "LineString", "coordinates": [[-8.4295947, 41.54748120000001], [-8.4295466, 41.54748279999999], [-8.4294822, 41.5474798], [-8.4290804, 41.547440599999995], [-8.4287771, 41.5474511]]}, "properties": {"street_name": "Rua São Sebastião", "municipio": "Braga", "count": 1, "top_infraction": "imbecis", "first_year": "2025", "last_year": "2025", "type_breakdown": "{\"imbecis\": 1}", "monthly_breakdown": "{\"2025-03\": 1}"}}, {"type": "Feature", "geometry": {"type": "LineString", "coordinates": [[-8.4107682, 41.552025699999994], [-8.4101419, 41.55233849999999], [-8.4100741, 41.552369199999994]]}, "properties": {"street_name": "Rua Fundação Calouste Gulbenkian", "municipio": "Braga", "count": 1, "top_infraction": "imbecis", "first_year": "2024", "last_year": "2024", "type_breakdown": "{\"imbecis\": 1}", "monthly_breakdown": "{\"2024-06\": 1}"}}, {"type": "Feature", "geometry": {"type": "LineString", "coordinates": [[-8.4347814, 41.54916970000001], [-8.4348734, 41.5491582], [-8.434959600000001, 41.549153499999996], [-8.43508, 41.5491562], [-8.435211100000002, 41.549172999999996], [-8.4353835, 41.54920009999999], [-8.4357187, 41.5492956]]}, "properties": {"street_name": "Rua Nova da Estação", "municipio": "Braga", "count": 1, "top_infraction": "imbecis", "first_year": "2026", "last_year": "2026", "type_breakdown": "{\"imbecis\": 1}", "monthly_breakdown": "{\"2026-04\": 1}"}}, {"type": "Feature", "geometry": {"type": "LineString", "coordinates": [[-8.4357187, 41.5492956], [-8.43576, 41.54922140000001], [-8.4359393, 41.54889459999999]]}, "properties": {"street_name": "Rua Manuel Joaquim Gomes", "municipio": "Braga", "count": 3, "top_infraction": "imbecis", "first_year": "2026", "last_year": "2026", "type_breakdown": "{\"imbecis\": 3}", "monthly_breakdown": "{\"2026-02\": 2, \"2026-01\": 1}"}}, {"type": "Feature", "geometry": {"type": "LineString", "coordinates": [[-8.4344767, 41.556695200000014], [-8.4342136, 41.5568372], [-8.4338303, 41.55646019999999], [-8.433773, 41.556409899999984]]}, "properties": {"street_name": "Rua Vergílio Ferreira", "municipio": "Braga", "count": 4, "top_infraction": "imbecis", "first_year": "2024", "last_year": "2025", "type_breakdown": "{\"imbecis\": 4}", "monthly_breakdown": "{\"2024-11\": 2, \"2024-08\": 1, \"2025-01\": 1}"}}, {"type": "Feature", "geometry": {"type": "LineString", "coordinates": [[-8.4337037, 41.55417559999999], [-8.4337866, 41.55415120000001], [-8.433876300000001, 41.55412679999999], [-8.4340125, 41.55410500000001], [-8.4341404, 41.554122199999995], [-8.4346789, 41.554297399999996]]}, "properties": {"street_name": "Rua Valerio Pinto Sá", "municipio": "Braga", "count": 1, "top_infraction": "imbecis", "first_year": "2025", "last_year": "2025", "type_breakdown": "{\"imbecis\": 1}", "monthly_breakdown": "{\"2025-06\": 1}"}}, {"type": "Feature", "geometry": {"type": "LineString", "coordinates": [[-8.435799, 41.5541319], [-8.4349313, 41.5538561], [-8.4347867, 41.554110699999995], [-8.4347161, 41.5542277], [-8.4346789, 41.554297399999996]]}, "properties": {"street_name": "Rua Doutor Manuel José da Silva Thedim", "municipio": "Braga", "count": 2, "top_infraction": "imbecis", "first_year": "2025", "last_year": "2025", "type_breakdown": "{\"imbecis\": 2}", "monthly_breakdown": "{\"2025-04\": 1, \"2025-05\": 1}"}}, {"type": "Feature", "geometry": {"type": "LineString", "coordinates": [[-8.4278277, 41.53951529999999], [-8.4279849, 41.5395413], [-8.4281205, 41.539550399999996], [-8.4282409, 41.53955839999998], [-8.4283148, 41.53954939999999], [-8.4288512, 41.53892900000001], [-8.429185, 41.538500400000004], [-8.4291689, 41.5384562], [-8.4289168, 41.5383257], [-8.4287515, 41.5382784]]}, "properties": {"street_name": "Travessa do Couteiro", "municipio": "Braga", "count": 1, "top_infraction": "imbecis", "first_year": "2024", "last_year": "2024", "type_breakdown": "{\"imbecis\": 1}", "monthly_breakdown": "{\"2024-04\": 1}"}}, {"type": "Feature", "geometry": {"type": "LineString", "coordinates": [[-8.4335921, 41.5463741], [-8.4335994, 41.5470116], [-8.4336176, 41.54890219999999], [-8.4336149, 41.5490673]]}, "properties": {"street_name": "Rua do Caires", "municipio": "Braga", "count": 1, "top_infraction": "imbecis", "first_year": "2024", "last_year": "2024", "type_breakdown": "{\"imbecis\": 1}", "monthly_breakdown": "{\"2024-11\": 1}"}}, {"type": "Feature", "geometry": {"type": "LineString", "coordinates": [[-8.4013527, 41.552689099999995], [-8.4018295, 41.552115799999996], [-8.4019471, 41.5519948], [-8.4020571, 41.5518298]]}, "properties": {"street_name": "Rua Rosalina Leite da Silva", "municipio": "Braga", "count": 1, "top_infraction": "imbecis", "first_year": "2024", "last_year": "2024", "type_breakdown": "{\"imbecis\": 1}", "monthly_breakdown": "{\"2024-11\": 1}"}}, {"type": "Feature", "geometry": {"type": "LineString", "coordinates": [[-8.428611800000002, 41.5500998], [-8.4285442, 41.5496977], [-8.4285354, 41.549634]]}, "properties": {"street_name": "Rua Dom Frei Caetano Brandão", "municipio": "Braga", "count": 1, "top_infraction": "imbecis", "first_year": "2024", "last_year": "2024", "type_breakdown": "{\"imbecis\": 1}", "monthly_breakdown": "{\"2024-06\": 1}"}}, {"type": "Feature", "geometry": {"type": "LineString", "coordinates": [[-8.4253477, 41.54831080000001], [-8.426354, 41.5478799]]}, "properties": {"street_name": "Largo de Santiago", "municipio": "Braga", "count": 1, "top_infraction": "imbecis", "first_year": "2025", "last_year": "2025", "type_breakdown": "{\"imbecis\": 1}", "monthly_breakdown": "{\"2025-03\": 1}"}}, {"type": "Feature", "geometry": {"type": "LineString", "coordinates": [[-8.43591, 41.5493495], [-8.4360324, 41.5493825], [-8.436632, 41.5495358], [-8.4369607, 41.549631899999994], [-8.4370378, 41.549659]]}, "properties": {"street_name": "Rua Nova da Estação", "municipio": "Braga", "count": 1, "top_infraction": "imbecis", "first_year": "2026", "last_year": "2026", "type_breakdown": "{\"imbecis\": 1}", "monthly_breakdown": "{\"2026-04\": 1}"}}, {"type": "Feature", "geometry": {"type": "LineString", "coordinates": [[-8.4345034, 41.5513101], [-8.4344582, 41.55138049999999], [-8.4344098, 41.55140629999999], [-8.4343291, 41.5514492], [-8.4341641, 41.55153059999999], [-8.4341485, 41.5515384], [-8.433388800000001, 41.55192589999999]]}, "properties": {"street_name": null, "municipio": "Braga", "count": 1, "top_infraction": "imbecis", "first_year": "2024", "last_year": "2024", "type_breakdown": "{\"imbecis\": 1}", "monthly_breakdown": "{\"2024-04\": 1}"}}, {"type": "Feature", "geometry": {"type": "LineString", "coordinates": [[-8.4068518, 41.55629420000001], [-8.4068261, 41.55628959999999], [-8.4067792, 41.55628560000001], [-8.4067144, 41.556288], [-8.4064005, 41.556306400000004], [-8.4060881, 41.55632630000001], [-8.4060543, 41.55633569999999], [-8.4060268, 41.55635000000001], [-8.4060093, 41.5563703], [-8.406017, 41.5564685], [-8.4060325, 41.556487899999986], [-8.4060687, 41.55649919999998], [-8.406108, 41.55650070000001], [-8.4064202, 41.556480100000016], [-8.4067341, 41.5564625], [-8.4068634, 41.556453700000006]]}, "properties": {"street_name": null, "municipio": "Braga", "count": 1, "top_infraction": "imbecis", "first_year": "2025", "last_year": "2025", "type_breakdown": "{\"imbecis\": 1}", "monthly_breakdown": "{\"2025-05\": 1}"}}, {"type": "Feature", "geometry": {"type": "LineString", "coordinates": [[-8.4357658, 41.552600999999996], [-8.4358044, 41.552425400000004], [-8.4359154, 41.552223399999995], [-8.4360696, 41.55204969999999], [-8.4361383, 41.55199099999999], [-8.4362185, 41.5519225], [-8.4362375, 41.55190619999998], [-8.4364418, 41.551766199999996], [-8.4367533, 41.5516202], [-8.436922, 41.551543200000005], [-8.4371452, 41.551441399999995], [-8.4377054, 41.551236200000005], [-8.4378666, 41.551146800000005], [-8.4379915, 41.55104729999999], [-8.438088900000002, 41.5509652], [-8.4381485, 41.5508536], [-8.4382066, 41.5506663], [-8.4381959, 41.5505781], [-8.438189, 41.55053449999998], [-8.4381524, 41.5504152], [-8.438067600000002, 41.5502997], [-8.4379772, 41.55021459999998], [-8.4378146, 41.5501012], [-8.4373181, 41.549785], [-8.437144, 41.5496916], [-8.4370378, 41.549659]]}, "properties": {"street_name": "Rua Nova da Estação", "municipio": "Braga", "count": 1, "top_infraction": "imbecis", "first_year": "2026", "last_year": "2026", "type_breakdown": "{\"imbecis\": 1}", "monthly_breakdown": "{\"2026-01\": 1}"}}, {"type": "Feature", "geometry": {"type": "LineString", "coordinates": [[-8.4366706, 41.535564500000014], [-8.4372256, 41.53492159999999]]}, "properties": {"street_name": "Rua Cidade do Porto", "municipio": "Braga", "count": 1, "top_infraction": "imbecis", "first_year": "2024", "last_year": "2024", "type_breakdown": "{\"imbecis\": 1}", "monthly_breakdown": "{\"2024-11\": 1}"}}, {"type": "Feature", "geometry": {"type": "LineString", "coordinates": [[-8.4872115, 41.5079725], [-8.4869346, 41.50816639999999], [-8.486677700000001, 41.50844549999999], [-8.4865488, 41.5086377], [-8.4863833, 41.508990100000005], [-8.4862589, 41.509119999999996], [-8.48622, 41.50915179999999], [-8.4859597, 41.5093647]]}, "properties": {"street_name": "Avenida General Humberto Delgado", "municipio": "Braga", "count": 1, "top_infraction": "imbecis", "first_year": "2025", "last_year": "2025", "type_breakdown": "{\"imbecis\": 1}", "monthly_breakdown": "{\"2025-03\": 1}"}}, {"type": "Feature", "geometry": {"type": "LineString", "coordinates": [[-8.4042436, 41.5550506], [-8.404104, 41.55505789999999], [-8.4038643, 41.5550812], [-8.4037194, 41.55510650000001], [-8.4035987, 41.5551411], [-8.4033332, 41.55522979999999]]}, "properties": {"street_name": "Rua Nova de Santa Cruz", "municipio": "Braga", "count": 1, "top_infraction": "imbecis", "first_year": "2025", "last_year": "2025", "type_breakdown": "{\"imbecis\": 1}", "monthly_breakdown": "{\"2025-05\": 1}"}}, {"type": "Feature", "geometry": {"type": "LineString", "coordinates": [[-8.4463603, 41.52855719999999], [-8.4469189, 41.52880109999999]]}, "properties": {"street_name": null, "municipio": "Braga", "count": 1, "top_infraction": "imbecis", "first_year": "2024", "last_year": "2024", "type_breakdown": "{\"imbecis\": 1}", "monthly_breakdown": "{\"2024-12\": 1}"}}, {"type": "Feature", "geometry": {"type": "LineString", "coordinates": [[-8.4090257, 41.55348089999999], [-8.4090078, 41.553453999999995], [-8.4090197, 41.5534228], [-8.409607, 41.55321809999999], [-8.409648600000002, 41.553206599999996], [-8.4096908, 41.5532026], [-8.4097392, 41.55321719999999], [-8.409786300000002, 41.553264699999986], [-8.4097815, 41.553305999999985]]}, "properties": {"street_name": null, "municipio": "Braga", "count": 1, "top_infraction": "imbecis", "first_year": "2025", "last_year": "2025", "type_breakdown": "{\"imbecis\": 1}", "monthly_breakdown": "{\"2025-06\": 1}"}}, {"type": "Feature", "geometry": {"type": "LineString", "coordinates": [[-8.4336149, 41.5490673], [-8.4336151, 41.549166]]}, "properties": {"street_name": "Rua do Caires", "municipio": "Braga", "count": 1, "top_infraction": "imbecis", "first_year": "2026", "last_year": "2026", "type_breakdown": "{\"imbecis\": 1}", "monthly_breakdown": "{\"2026-02\": 1}"}}, {"type": "Feature", "geometry": {"type": "LineString", "coordinates": [[-8.4015446, 41.556063], [-8.4016034, 41.55603279999999], [-8.4018478, 41.55590699999999], [-8.4019772, 41.5558549], [-8.4022716, 41.5556802], [-8.4023898, 41.5556237], [-8.4025462, 41.5555473], [-8.4029752, 41.5553858], [-8.4032472, 41.555284500000006], [-8.4033747, 41.55524]]}, "properties": {"street_name": null, "municipio": "Braga", "count": 1, "top_infraction": "imbecis", "first_year": "2025", "last_year": "2025", "type_breakdown": "{\"imbecis\": 1}", "monthly_breakdown": "{\"2025-05\": 1}"}}, {"type": "Feature", "geometry": {"type": "LineString", "coordinates": [[-8.3879642, 41.5627104], [-8.387995, 41.5624596], [-8.38816, 41.5621557], [-8.3884562, 41.56185080000001], [-8.3887508, 41.56165599999999], [-8.389134500000003, 41.5615168], [-8.3896893, 41.56143050000001]]}, "properties": {"street_name": "Rua da Estrada Nova", "municipio": "Braga", "count": 1, "top_infraction": "imbecis", "first_year": "2025", "last_year": "2025", "type_breakdown": "{\"imbecis\": 1}", "monthly_breakdown": "{\"2025-05\": 1}"}}, {"type": "Feature", "geometry": {"type": "LineString", "coordinates": [[-8.3934244, 41.56082090000001], [-8.3930919, 41.56094439999999], [-8.3929188, 41.560989299999996], [-8.3927412, 41.561023299999995], [-8.3924112, 41.561074299999994]]}, "properties": {"street_name": "Rua da Estrada Nova", "municipio": "Braga", "count": 5, "top_infraction": "imbecis", "first_year": "2025", "last_year": "2025", "type_breakdown": "{\"imbecis\": 5}", "monthly_breakdown": "{\"2025-06\": 2, \"2025-05\": 1, \"2025-02\": 2}"}}, {"type": "Feature", "geometry": {"type": "LineString", "coordinates": [[-8.3911488, 41.5603738], [-8.3917208, 41.56003869999999], [-8.3917234, 41.559975599999994], [-8.3921898, 41.55968550000001], [-8.3927627, 41.560239499999994], [-8.3928772, 41.56030859999999], [-8.3929862, 41.56034580000001], [-8.3930722, 41.560347699999994], [-8.3931634, 41.5603378], [-8.3935872, 41.56027980000001]]}, "properties": {"street_name": "Rua do Bairro Novo", "municipio": "Braga", "count": 2, "top_infraction": "imbecis", "first_year": "2025", "last_year": "2025", "type_breakdown": "{\"imbecis\": 2}", "monthly_breakdown": "{\"2025-03\": 1, \"2025-05\": 1}"}}, {"type": "Feature", "geometry": {"type": "LineString", "coordinates": [[-8.3911488, 41.5603738], [-8.3908116, 41.56006799999999], [-8.3907881, 41.5600434], [-8.3907767, 41.56002149999999]]}, "properties": {"street_name": "Rua das Veigas", "municipio": "Braga", "count": 2, "top_infraction": "imbecis", "first_year": "2025", "last_year": "2025", "type_breakdown": "{\"imbecis\": 2}", "monthly_breakdown": "{\"2025-05\": 2}"}}, {"type": "Feature", "geometry": {"type": "LineString", "coordinates": [[-8.3993811, 41.54469790000001], [-8.3993932, 41.5446447], [-8.3994694, 41.5441312], [-8.3994464, 41.543817299999986], [-8.3993061, 41.54313460000001]]}, "properties": {"street_name": "Avenida Dom João II", "municipio": "Braga", "count": 1, "top_infraction": "imbecis", "first_year": "2026", "last_year": "2026", "type_breakdown": "{\"imbecis\": 1}", "monthly_breakdown": "{\"2026-02\": 1}"}}, {"type": "Feature", "geometry": {"type": "LineString", "coordinates": [[-8.8313307, 41.6942726], [-8.832609, 41.6937814]]}, "properties": {"street_name": "Avenida Conde da Carreira", "municipio": "Vianado Castelo", "count": 3, "top_infraction": "imbecis", "first_year": "2024", "last_year": "2024", "type_breakdown": "{\"imbecis\": 3}", "monthly_breakdown": "{\"2024-04\": 3}"}}, {"type": "Feature", "geometry": {"type": "LineString", "coordinates": [[-8.832609, 41.6937814], [-8.8327633, 41.6937254], [-8.8328756, 41.6936883], [-8.8329619, 41.6936669]]}, "properties": {"street_name": "Avenida Conde da Carreira", "municipio": "Vianado Castelo", "count": 1, "top_infraction": "imbecis", "first_year": "2024", "last_year": "2024", "type_breakdown": "{\"imbecis\": 1}", "monthly_breakdown": "{\"2024-06\": 1}"}}, {"type": "Feature", "geometry": {"type": "LineString", "coordinates": [[-8.8307788, 41.69448469999999], [-8.8307909, 41.69453969999999], [-8.8308075, 41.694595899999996], [-8.8308248, 41.6946334], [-8.8308489, 41.69466919999999], [-8.8309471, 41.694785499999995]]}, "properties": {"street_name": null, "municipio": "Vianado Castelo", "count": 1, "top_infraction": "imbecis", "first_year": "2024", "last_year": "2024", "type_breakdown": "{\"imbecis\": 1}", "monthly_breakdown": "{\"2024-04\": 1}"}}, {"type": "Feature", "geometry": {"type": "LineString", "coordinates": [[-8.834761, 41.691708400000024], [-8.8338693, 41.691577399999986]]}, "properties": {"street_name": "Largo São Domingos", "municipio": "Vianado Castelo", "count": 1, "top_infraction": "imbecis", "first_year": "2024", "last_year": "2024", "type_breakdown": "{\"imbecis\": 1}", "monthly_breakdown": "{\"2024-07\": 1}"}}, {"type": "Feature", "geometry": {"type": "LineString", "coordinates": [[-8.834761, 41.691708400000024], [-8.8348002, 41.691835499999996], [-8.8349587, 41.6923499]]}, "properties": {"street_name": "Praça General Barbosa", "municipio": "Vianado Castelo", "count": 4, "top_infraction": "imbecis", "first_year": "2024", "last_year": "2024", "type_breakdown": "{\"imbecis\": 4}", "monthly_breakdown": "{\"2024-05\": 3, \"2024-07\": 1}"}}, {"type": "Feature", "geometry": {"type": "LineString", "coordinates": [[-8.8280079, 41.6969484], [-8.8279524, 41.696901999999994], [-8.8276128, 41.6966177], [-8.827403, 41.6964301], [-8.827237, 41.6962191], [-8.8269918, 41.69592699999999], [-8.8269096, 41.695827799999996]]}, "properties": {"street_name": "Avenida Rocha Páris", "municipio": "Vianado Castelo", "count": 2, "top_infraction": "imbecis", "first_year": "2024", "last_year": "2024", "type_breakdown": "{\"imbecis\": 2}", "monthly_breakdown": "{\"2024-03\": 2}"}}, {"type": "Feature", "geometry": {"type": "LineString", "coordinates": [[-8.8357063, 41.689543199999996], [-8.8359249, 41.6899007], [-8.8359863, 41.6900403]]}, "properties": {"street_name": "Avenida do Campo do Castelo", "municipio": "Vianado Castelo", "count": 1, "top_infraction": "imbecis", "first_year": "2024", "last_year": "2024", "type_breakdown": "{\"imbecis\": 1}", "monthly_breakdown": "{\"2024-06\": 1}"}}, {"type": "Feature", "geometry": {"type": "LineString", "coordinates": [[-8.8302137, 41.69378079999999], [-8.8303119, 41.6937401], [-8.830757, 41.693555800000006]]}, "properties": {"street_name": "Rua General Luís do Rego", "municipio": "Vianado Castelo", "count": 1, "top_infraction": "imbecis", "first_year": "2025", "last_year": "2025", "type_breakdown": "{\"imbecis\": 1}", "monthly_breakdown": "{\"2025-08\": 1}"}}, {"type": "Feature", "geometry": {"type": "LineString", "coordinates": [[-8.8367991, 41.69191070000001], [-8.8366537, 41.6919263], [-8.8365411, 41.6919143], [-8.8364693, 41.691906599999996]]}, "properties": {"street_name": "Praça General Barbosa", "municipio": "Vianado Castelo", "count": 1, "top_infraction": "imbecis", "first_year": "2024", "last_year": "2024", "type_breakdown": "{\"imbecis\": 1}", "monthly_breakdown": "{\"2024-06\": 1}"}}, {"type": "Feature", "geometry": {"type": "LineString", "coordinates": [[-8.8231045, 41.696113], [-8.8231384, 41.69608939999999], [-8.8231613, 41.696060200000005], [-8.8231707, 41.69602549999999]]}, "properties": {"street_name": "Praça Dom Afonso III", "municipio": "Vianado Castelo", "count": 1, "top_infraction": "imbecis", "first_year": "2025", "last_year": "2025", "type_breakdown": "{\"imbecis\": 1}", "monthly_breakdown": "{\"2025-08\": 1}"}}, {"type": "Feature", "geometry": {"type": "LineString", "coordinates": [[-8.835118, 41.6926818], [-8.8350939, 41.6927207], [-8.8350531, 41.692754999999984], [-8.8343916, 41.6929586], [-8.8343511, 41.69296749999999], [-8.8343147, 41.6929732], [-8.8342509, 41.69297579999999], [-8.8341928, 41.69297319999999], [-8.8340884, 41.692964499999995], [-8.8338691, 41.6929646], [-8.8338302, 41.6929667], [-8.8337852, 41.69297430000001], [-8.833741, 41.6929861], [-8.833701, 41.6930009], [-8.8331061, 41.69332729999999]]}, "properties": {"street_name": "Rua de São Tiago", "municipio": "Vianado Castelo", "count": 2, "top_infraction": "imbecis", "first_year": "2024", "last_year": "2024", "type_breakdown": "{\"imbecis\": 2}", "monthly_breakdown": "{\"2024-04\": 1, \"2024-06\": 1}"}}, {"type": "Feature", "geometry": {"type": "LineString", "coordinates": [[-8.8329619, 41.6936669], [-8.832873, 41.69362009999998], [-8.8328027, 41.69358629999999], [-8.8327608, 41.6935549], [-8.8327338, 41.69352409999998], [-8.8324501, 41.6930702], [-8.8324307, 41.693036600000006], [-8.832416, 41.693001], [-8.832401, 41.6929465]]}, "properties": {"street_name": "Largo 9 de Abril", "municipio": "Vianado Castelo", "count": 1, "top_infraction": "imbecis", "first_year": "2024", "last_year": "2024", "type_breakdown": "{\"imbecis\": 1}", "monthly_breakdown": "{\"2024-06\": 1}"}}, {"type": "Feature", "geometry": {"type": "LineString", "coordinates": [[-8.8263854, 41.695165900000006], [-8.826004000000001, 41.69544719999999], [-8.8257001, 41.69566859999999], [-8.825505, 41.6957877], [-8.8253365, 41.695865500000004], [-8.8247405, 41.6960901]]}, "properties": {"street_name": "Rua da Bandeira", "municipio": "Vianado Castelo", "count": 1, "top_infraction": "imbecis", "first_year": "2024", "last_year": "2024", "type_breakdown": "{\"imbecis\": 1}", "monthly_breakdown": "{\"2024-03\": 1}"}}, {"type": "Feature", "geometry": {"type": "LineString", "coordinates": [[-8.8322012, 41.69302099999999], [-8.832401, 41.6929465]]}, "properties": {"street_name": "Rua General Luís do Rego", "municipio": "Vianado Castelo", "count": 2, "top_infraction": "imbecis", "first_year": "2024", "last_year": "2024", "type_breakdown": "{\"imbecis\": 2}", "monthly_breakdown": "{\"2024-05\": 2}"}}, {"type": "Feature", "geometry": {"type": "LineString", "coordinates": [[-8.8331061, 41.69332729999999], [-8.8331341, 41.693371899999995], [-8.8331471, 41.6934119], [-8.83315, 41.6934571], [-8.833142, 41.69349830000001], [-8.833121, 41.6935371], [-8.8330749, 41.69365129999999]]}, "properties": {"street_name": "Largo 9 de Abril", "municipio": "Vianado Castelo", "count": 3, "top_infraction": "imbecis", "first_year": "2024", "last_year": "2024", "type_breakdown": "{\"imbecis\": 3}", "monthly_breakdown": "{\"2024-03\": 1, \"2024-04\": 2}"}}, {"type": "Feature", "geometry": {"type": "LineString", "coordinates": [[-8.8343814, 41.69392719999999], [-8.8346984, 41.694247199999985], [-8.8347023, 41.6943717], [-8.8346552, 41.6945036]]}, "properties": {"street_name": "Rua da Portela de Cima", "municipio": "Vianado Castelo", "count": 1, "top_infraction": "imbecis", "first_year": "2024", "last_year": "2024", "type_breakdown": "{\"imbecis\": 1}", "monthly_breakdown": "{\"2024-08\": 1}"}}, {"type": "Feature", "geometry": {"type": "LineString", "coordinates": [[-8.8398059, 41.689920199999996], [-8.8384392, 41.690213699999994], [-8.8384688, 41.6902777], [-8.8388228, 41.6913063], [-8.8388312, 41.691518499999994]]}, "properties": {"street_name": null, "municipio": "Vianado Castelo", "count": 4, "top_infraction": "imbecis", "first_year": "2025", "last_year": "2025", "type_breakdown": "{\"imbecis\": 4}", "monthly_breakdown": "{\"2025-08\": 4}"}}, {"type": "Feature", "geometry": {"type": "LineString", "coordinates": [[-8.8372919, 41.6928154], [-8.836672400000001, 41.692919], [-8.8365943, 41.6929383], [-8.836524, 41.6929692], [-8.8363443, 41.69311139999999], [-8.8363225, 41.693133], [-8.8363087, 41.69315559999999], [-8.8362775, 41.69321980000001], [-8.836263, 41.693238400000006], [-8.836244, 41.693251000000004], [-8.836218, 41.6932584], [-8.835881000000002, 41.6932885], [-8.8355082, 41.693297699999995], [-8.8354684, 41.6932936], [-8.8354388, 41.693282], [-8.8354198, 41.693257899999985], [-8.8353851, 41.6930842], [-8.8352088, 41.692680200000005]]}, "properties": {"street_name": "Rua do Penedo", "municipio": "Vianado Castelo", "count": 3, "top_infraction": "imbecis", "first_year": "2024", "last_year": "2024", "type_breakdown": "{\"imbecis\": 3}", "monthly_breakdown": "{\"2024-04\": 2, \"2024-06\": 1}"}}, {"type": "Feature", "geometry": {"type": "LineString", "coordinates": [[-8.8275222, 41.695356100000005], [-8.8279251, 41.6949993], [-8.8279788, 41.6949536], [-8.828881, 41.69428849999999], [-8.8289224, 41.6942659], [-8.8289767, 41.694255], [-8.82903, 41.6942512], [-8.829094, 41.69424219999999], [-8.8291606, 41.6942233], [-8.8301466, 41.693809], [-8.8302137, 41.69378079999999]]}, "properties": {"street_name": "['Rua Nova de Santana', 'Rua Cândido dos Reis']", "municipio": "Vianado Castelo", "count": 2, "top_infraction": "imbecis", "first_year": "2024", "last_year": "2024", "type_breakdown": "{\"imbecis\": 2}", "monthly_breakdown": "{\"2024-05\": 1, \"2024-03\": 1}"}}, {"type": "Feature", "geometry": {"type": "LineString", "coordinates": [[-8.8334687, 41.69462260000001], [-8.8333539, 41.694697399999995], [-8.8330911, 41.6948683], [-8.8320929, 41.6954994], [-8.8316675, 41.695759100000004], [-8.8315432, 41.695837399999995], [-8.831386, 41.6959339], [-8.8313061, 41.695994299999995], [-8.831273, 41.696037399999994], [-8.831249, 41.69609599999998]]}, "properties": {"street_name": "Avenida General Humberto Delgado", "municipio": "Vianado Castelo", "count": 2, "top_infraction": "imbecis", "first_year": "2024", "last_year": "2024", "type_breakdown": "{\"imbecis\": 2}", "monthly_breakdown": "{\"2024-08\": 1, \"2024-04\": 1}"}}, {"type": "Feature", "geometry": {"type": "LineString", "coordinates": [[-8.837142, 41.6943564], [-8.8370822, 41.6943396], [-8.836985, 41.69430349999999], [-8.8368865, 41.694238600000006], [-8.8366283, 41.6939416], [-8.8366035, 41.69391430000001], [-8.8365777, 41.69389259999999], [-8.8365513, 41.6938758], [-8.8358243, 41.69351030000001], [-8.8357522, 41.69349090000001], [-8.8356759, 41.6934839], [-8.835606, 41.69348389999998], [-8.8355331, 41.69348879999999], [-8.8350332, 41.693560399999996], [-8.8349354, 41.69359579999999], [-8.8348539, 41.69363579999999], [-8.8343814, 41.69392719999999]]}, "properties": {"street_name": "['Rua Portela de Baixo', 'Rua de São José']", "municipio": "Vianado Castelo", "count": 1, "top_infraction": "imbecis", "first_year": "2024", "last_year": "2024", "type_breakdown": "{\"imbecis\": 1}", "monthly_breakdown": "{\"2024-11\": 1}"}}, {"type": "Feature", "geometry": {"type": "LineString", "coordinates": [[-8.8243521, 41.696249599999994], [-8.8238198, 41.696462499999996], [-8.8236438, 41.696576099999994], [-8.8235953, 41.69660739999999]]}, "properties": {"street_name": "Rua da Bandeira", "municipio": "Vianado Castelo", "count": 3, "top_infraction": "imbecis", "first_year": "2024", "last_year": "2024", "type_breakdown": "{\"imbecis\": 3}", "monthly_breakdown": "{\"2024-03\": 3}"}}, {"type": "Feature", "geometry": {"type": "LineString", "coordinates": [[-8.8350661, 41.6923214], [-8.8350425, 41.6923424]]}, "properties": {"street_name": null, "municipio": "Vianado Castelo", "count": 2, "top_infraction": "imbecis", "first_year": "2024", "last_year": "2024", "type_breakdown": "{\"imbecis\": 2}", "monthly_breakdown": "{\"2024-06\": 2}"}}, {"type": "Feature", "geometry": {"type": "LineString", "coordinates": [[-8.8292109, 41.6806137], [-8.8293872, 41.6808873], [-8.8290575, 41.6812068]]}, "properties": {"street_name": null, "municipio": "Vianado Castelo", "count": 1, "top_infraction": "imbecis", "first_year": "2024", "last_year": "2024", "type_breakdown": "{\"imbecis\": 1}", "monthly_breakdown": "{\"2024-06\": 1}"}}, {"type": "Feature", "geometry": {"type": "LineString", "coordinates": [[-8.8186002, 41.703162899999995], [-8.8185355, 41.703099], [-8.8184944, 41.7030364], [-8.8184791, 41.70297939999998], [-8.8184705, 41.7029476], [-8.8184741, 41.702897199999995], [-8.8185436, 41.702573599999994]]}, "properties": {"street_name": null, "municipio": "Vianado Castelo", "count": 1, "top_infraction": "imbecis", "first_year": "2024", "last_year": "2024", "type_breakdown": "{\"imbecis\": 1}", "monthly_breakdown": "{\"2024-03\": 1}"}}, {"type": "Feature", "geometry": {"type": "LineString", "coordinates": [[-8.8161312, 41.703405999999994], [-8.8166583, 41.703997400000006]]}, "properties": {"street_name": "Rua do Ameal", "municipio": "Vianado Castelo", "count": 1, "top_infraction": "imbecis", "first_year": "2024", "last_year": "2024", "type_breakdown": "{\"imbecis\": 1}", "monthly_breakdown": "{\"2024-03\": 1}"}}, {"type": "Feature", "geometry": {"type": "LineString", "coordinates": [[-8.8166583, 41.703997400000006], [-8.816679, 41.70406929999999], [-8.8166782, 41.70413390000001]]}, "properties": {"street_name": "Rua do Ameal", "municipio": "Vianado Castelo", "count": 1, "top_infraction": "imbecis", "first_year": "2024", "last_year": "2024", "type_breakdown": "{\"imbecis\": 1}", "monthly_breakdown": "{\"2024-03\": 1}"}}, {"type": "Feature", "geometry": {"type": "LineString", "coordinates": [[-8.8278941, 41.7021404], [-8.8279448, 41.70231069999999], [-8.8280785, 41.7025105], [-8.8281734, 41.70267050000001], [-8.8283699, 41.7028833], [-8.8285575, 41.7030814], [-8.8286424, 41.70317109999999], [-8.8289016, 41.7034374], [-8.8291832, 41.703744699999994]]}, "properties": {"street_name": "Rua António Machado Vilas Boas", "municipio": "Vianado Castelo", "count": 1, "top_infraction": "imbecis", "first_year": "2024", "last_year": "2024", "type_breakdown": "{\"imbecis\": 1}", "monthly_breakdown": "{\"2024-08\": 1}"}}, {"type": "Feature", "geometry": {"type": "LineString", "coordinates": [[-8.816811, 41.7040848], [-8.8167328, 41.70404729999999], [-8.8166583, 41.703997400000006]]}, "properties": {"street_name": "Rua do Ameal", "municipio": "Vianado Castelo", "count": 1, "top_infraction": "imbecis", "first_year": "2024", "last_year": "2024", "type_breakdown": "{\"imbecis\": 1}", "monthly_breakdown": "{\"2024-03\": 1}"}}, {"type": "Feature", "geometry": {"type": "LineString", "coordinates": [[-8.86605, 41.8482348], [-8.8660966, 41.847945], [-8.8662358, 41.847500199999985]]}, "properties": {"street_name": "Rua 25 de Abril", "municipio": "Caminha", "count": 1, "top_infraction": "imbecis", "first_year": "2024", "last_year": "2024", "type_breakdown": "{\"imbecis\": 1}", "monthly_breakdown": "{\"2024-08\": 1}"}}, {"type": "Feature", "geometry": {"type": "LineString", "coordinates": [[-8.8665295, 41.81556849999999], [-8.8665539, 41.81569439999999], [-8.8666642, 41.8158407], [-8.8667896, 41.81593769999999], [-8.8669371, 41.8160192]]}, "properties": {"street_name": "Avenida Campo do Castelo", "municipio": "Caminha", "count": 1, "top_infraction": "imbecis", "first_year": "2024", "last_year": "2024", "type_breakdown": "{\"imbecis\": 1}", "monthly_breakdown": "{\"2024-08\": 1}"}}, {"type": "Feature", "geometry": {"type": "LineString", "coordinates": [[-8.8648584, 41.84978400000001], [-8.8648019, 41.8498318], [-8.8641547, 41.850633], [-8.8641159, 41.8507479]]}, "properties": {"street_name": "Rua Manuel Afonso", "municipio": "Caminha", "count": 1, "top_infraction": "imbecis", "first_year": "2024", "last_year": "2024", "type_breakdown": "{\"imbecis\": 1}", "monthly_breakdown": "{\"2024-08\": 1}"}}, {"type": "Feature", "geometry": {"type": "LineString", "coordinates": [[-8.8649441, 41.84975339999999], [-8.8649843, 41.849688099999995], [-8.8650024, 41.849600599999995], [-8.8649799, 41.84951219999999], [-8.8649393, 41.849450999999995]]}, "properties": {"street_name": "Rua Manuel Afonso", "municipio": "Caminha", "count": 2, "top_infraction": "imbecis", "first_year": "2024", "last_year": "2024", "type_breakdown": "{\"imbecis\": 2}", "monthly_breakdown": "{\"2024-08\": 2}"}}, {"type": "Feature", "geometry": {"type": "LineString", "coordinates": [[-8.865774500000002, 41.8494022], [-8.8650037, 41.8494069], [-8.8649393, 41.849450999999995]]}, "properties": {"street_name": "Rua António Pedro", "municipio": "Caminha", "count": 2, "top_infraction": "imbecis", "first_year": "2024", "last_year": "2024", "type_breakdown": "{\"imbecis\": 2}", "monthly_breakdown": "{\"2024-08\": 2}"}}, {"type": "Feature", "geometry": {"type": "LineString", "coordinates": [[-8.8646972, 41.8496089], [-8.8647219, 41.8496967], [-8.8647687, 41.84976050000001], [-8.8648584, 41.84978400000001]]}, "properties": {"street_name": "Rua Manuel Afonso", "municipio": "Caminha", "count": 2, "top_infraction": "imbecis", "first_year": "2024", "last_year": "2024", "type_breakdown": "{\"imbecis\": 2}", "monthly_breakdown": "{\"2024-08\": 2}"}}, {"type": "Feature", "geometry": {"type": "LineString", "coordinates": [[-8.8710392, 41.822258799999986], [-8.8709679, 41.822289899999994], [-8.8709351, 41.822304199999984]]}, "properties": {"street_name": null, "municipio": "Caminha", "count": 1, "top_infraction": "imbecis", "first_year": "2025", "last_year": "2025", "type_breakdown": "{\"imbecis\": 1}", "monthly_breakdown": "{\"2025-08\": 1}"}}, {"type": "Feature", "geometry": {"type": "LineString", "coordinates": [[-8.4225202, 41.84863370000001], [-8.4228661, 41.84904279999999]]}, "properties": {"street_name": null, "municipio": "Arcosde Valdevez", "count": 2, "top_infraction": "imbecis", "first_year": "2025", "last_year": "2025", "type_breakdown": "{\"imbecis\": 2}", "monthly_breakdown": "{\"2025-09\": 2}"}}, {"type": "Feature", "geometry": {"type": "LineString", "coordinates": [[-8.4192204, 41.8459951], [-8.4197355, 41.84630940000001], [-8.4198797, 41.84653279999999]]}, "properties": {"street_name": "Rua Soares Pereira", "municipio": "Arcosde Valdevez", "count": 1, "top_infraction": "imbecis", "first_year": "2025", "last_year": "2025", "type_breakdown": "{\"imbecis\": 1}", "monthly_breakdown": "{\"2025-09\": 1}"}}, {"type": "Feature", "geometry": {"type": "LineString", "coordinates": [[-8.4191981, 41.8458061], [-8.4192056, 41.84587689999999], [-8.4192204, 41.8459951]]}, "properties": {"street_name": "Rua Soares Pereira", "municipio": "Arcosde Valdevez", "count": 1, "top_infraction": "imbecis", "first_year": "2025", "last_year": "2025", "type_breakdown": "{\"imbecis\": 1}", "monthly_breakdown": "{\"2025-09\": 1}"}}]}